Protein Name,Target ID,Descriptor,Model,RMSE,Cliff RMSE,Cliff RMSE 95% CI,n cliff,Δ (%),Δ 95% CI
MEK1 ᵃ,CHEMBL3587,ECFP,RF,0.632,1.406,,1,+122.5,
JNK1 ᵃ,CHEMBL2276,ECFP,RF,0.774,1.059,0.394–1.457,6,+36.9,-44.4–87.0
Cathepsin B,CHEMBL4072,ECFP,RF,0.720,0.956,0.678–1.224,28,+32.8,3.6–55.0
c-Src,CHEMBL267,PHYSCHEM,RF,0.638,0.821,0.643–0.990,27,+28.8,6.0–47.9
Aromatase,CHEMBL1978,ECFP,SVM,0.911,1.161,0.622–1.682,19,+27.5,-13.5–48.2
mTOR,CHEMBL2842,ECFP,SVM,0.569,0.722,0.532–0.906,38,+26.9,8.3–39.6
ERK2 ᵃ,CHEMBL4040,ECFP,SVM,0.821,1.024,0.642–1.412,7,+24.7,-29.4–99.3
KIT,CHEMBL1936,ECFP,RF,0.535,0.664,0.478–0.845,51,+24.2,-2.7–48.4
EGFR,CHEMBL203,ECFP,RF,0.691,0.806,0.421–1.187,10,+16.6,-35.7–62.6
Thrombin,CHEMBL204,ECFP,SVM,0.686,0.796,0.707–0.885,226,+15.9,7.0–23.7
MDM2,CHEMBL5023,MACCS,RF,0.854,0.987,0.771–1.206,52,+15.7,-2.7–31.5
PDE5 ᵃ,CHEMBL1827,ECFP,GBM,0.841,0.972,0.505–1.295,8,+15.5,-30.4–49.7
PAK4,CHEMBL4482,ECFP,SVM,0.641,0.740,0.563–0.894,12,+15.5,-10.5–42.2
Acetylcholinesterase,BindingDB,ECFP,GBM,0.714,0.823,0.634–0.991,22,+15.4,-9.7–38.9
AKT3 ᵃ,CHEMBL4816,MACCS,GBM,0.743,0.852,,2,+14.7,
D2 dopamine receptor,CHEMBL217,ECFP,SVM,0.567,0.643,0.587–0.704,450,+13.5,6.5–20.4
Carbonic anhydrase 1,CHEMBL261,ECFP,SVM,0.645,0.730,0.673–0.786,473,+13.2,6.6–19.3
GSK-3β,CHEMBL262,ECFP,SVM,0.642,0.726,0.564–0.869,42,+13.0,-8.5–33.1
AKT1,CHEMBL4282,ECFP,SVM,0.655,0.740,0.565–0.883,11,+12.9,-10.0–32.5
CDK4/cyclin D1,CHEMBL1907601,ECFP,SVM,0.629,0.705,0.511–0.895,24,+12.2,-10.2–31.2
5-HT1A receptor,CHEMBL214,ECFP,SVM,0.649,0.694,0.627–0.765,326,+7.0,-2.1–16.0
Mu-opioid receptor,CHEMBL233,ECFP,SVM,0.686,0.732,0.674–0.789,391,+6.8,-1.5–14.5
FAK1 ᵃ,CHEMBL2695,PHYSCHEM,KNN,1.018,1.082,,3,+6.2,
5-HT7 receptor,BindingDB,ECFP,SVM,0.667,0.708,0.626–0.795,224,+6.2,-4.5–16.7
5-HT6 receptor,CHEMBL3371,ECFP,SVM,0.609,0.643,0.583–0.700,263,+5.6,-3.7–13.9
CDK4 ᵃ,CHEMBL331,PHYSCHEM,RF,0.659,0.692,0.360–1.053,6,+5.0,-41.0–36.2
Orexin receptor 2,CHEMBL4792,ECFP,SVM,0.585,0.604,0.533–0.676,233,+3.2,-4.6–10.0
VEGFR2,CHEMBL279,ECFP,GBM,0.665,0.681,0.537–0.828,37,+2.4,-19.4–23.6
Bcl-2,BindingDB,ECFP,SVM,0.624,0.634,0.543–0.730,182,+1.7,-9.9–11.1
S6K1,CHEMBL4501,WHIM,RF,0.769,0.776,0.394–1.079,10,+0.9,-45.3–37.3
CDK2,CHEMBL301,ECFP,SVM,0.698,0.671,0.532–0.797,26,-3.9,-23.7–16.0
ABL1,CHEMBL1862,ECFP,SVM,0.739,0.688,0.575–0.804,68,-6.9,-20.4–6.0
PKCα ᵃ,CHEMBL299,PHYSCHEM,GBM,0.978,0.566,0.341–0.728,8,-42.2,-67.0–-1.9
