Protein Name,Target ID,Protein Class,n (n test),%Cliff (%Cliff test)
Mu-opioid receptor,CHEMBL233,GPCR (peptidergic),"4,476 (897)",43.66 (43.59)
5-HT1A receptor,CHEMBL214,GPCR (aminergic),"4,107 (823)",39.71 (39.61)
5-HT6 receptor,CHEMBL3371,GPCR (aminergic),"3,406 (684)",38.40 (38.45)
5-HT7 receptor,BindingDB,GPCR (aminergic),"3,052 (612)",36.57 (36.60)
ABL1,CHEMBL1862,Tyrosine kinase,806 (164),41.56 (41.46)
Acetylcholinesterase,BindingDB,Serine hydrolase,520 (106),20.00 (20.75)
AKT1,CHEMBL4282,Ser/Thr kinase,222 (46),22.97 (23.91)
AKT3,CHEMBL4816,Ser/Thr kinase,129 (28),6.20 (7.14)
Aromatase,CHEMBL1978,Cytochrome P450,259 (54),37.45 (35.19)
Bcl-2,BindingDB,Protein-protein interaction,"1,482 (298)",61.34 (61.07)
c-Src,CHEMBL267,Tyrosine kinase,487 (99),27.31 (27.27)
Carbonic anhydrase 1,CHEMBL261,Lyase (metalloenzyme),"6,008 (1,205)",39.30 (39.25)
Cathepsin B,CHEMBL4072,Cysteine protease,546 (111),25.46 (25.23)
CDK2,CHEMBL301,Ser/Thr kinase,571 (117),21.19 (22.22)
CDK4,CHEMBL331,Ser/Thr kinase,74 (16),35.14 (37.50)
CDK4/cyclin D1,CHEMBL1907601,Ser/Thr kinase complex,292 (61),39.04 (39.34)
D2 dopamine receptor,CHEMBL217,GPCR (aminergic),"6,189 (1,239)",36.39 (36.32)
EGFR,CHEMBL203,Tyrosine kinase,315 (65),16.83 (15.38)
ERK2,CHEMBL4040,Ser/Thr kinase,259 (53),14.67 (13.21)
FAK1,CHEMBL2695,Tyrosine kinase,185 (39),8.11 (7.69)
GSK-3β,CHEMBL262,Ser/Thr kinase,"1,099 (221)",19.02 (19.00)
JNK1,CHEMBL2276,Ser/Thr kinase,298 (63),8.72 (9.52)
KIT,CHEMBL1936,Tyrosine kinase,882 (178),28.68 (28.65)
MDM2,CHEMBL5023,Protein-protein interaction,575 (118),44.52 (44.07)
MEK1,CHEMBL3587,Dual-specificity kinase,152 (32),3.95 (3.12)
mTOR,CHEMBL2842,Ser/Thr kinase,449 (92),41.65 (41.30)
Orexin receptor 2,CHEMBL4792,GPCR (peptidergic),"1,998 (402)",57.81 (57.96)
PAK4,CHEMBL4482,Ser/Thr kinase,381 (78),15.49 (15.38)
PDE5,CHEMBL1827,Phosphodiesterase,94 (21),40.43 (38.10)
PKCα,CHEMBL299,Ser/Thr kinase,221 (46),17.65 (17.39)
S6K1,CHEMBL4501,Ser/Thr kinase,377 (77),12.73 (12.99)
Thrombin,CHEMBL204,Serine protease,"2,929 (587)",38.48 (38.50)
VEGFR2,CHEMBL279,Tyrosine kinase,960 (193),18.96 (19.17)
