smiles,exp_mean [nM],y,cliff_mol,split,y [pEC50/pKi],Predicted_y,Error,Abs_Error
CC1(C)c2cc(OC[C@H](O)CO)ccc2C(=O)c2c1[nH]c1c(C(N)=O)c(C#N)ccc21,6.071174163307984,-0.7832726916241735,0,test,8.216727308375827,-0.9036420227146928,0.1203693310905194,0.1203693310905194
CC1(C)c2cc(OC[C@H](O)CO)ccc2C(=O)c2c1[nH]c1c(C(=O)O)c(C#N)ccc21,6.443987125440114,-0.8091546640631486,0,test,8.190845335936851,-0.8958160269393864,0.08666136287623782,0.08666136287623782
CC1(C)c2[nH]c3cc(C#N)ccc3c2C(=O)c2cccc(OC[C@@H](O)CO)c21,6.87143919344068,-0.837047707701441,0,test,8.16295229229856,-0.9133914593738116,0.07634375167237062,0.07634375167237062
CC1(C)c2cc(N3CCC(N4CCC(F)(F)CC4)CC3)ccc2C(=O)c2c1[nH]c1cc(C#N)ccc21,8.774432286560529,-0.9432190268142094,0,test,8.056780973185791,-0.8778564914150816,-0.06536253539912784,0.06536253539912784
CC(C)(C)OC(=O)N1CCC(Oc2ccc3c(c2)C(C)(C)c2[nH]c4cc(C#N)ccc4c2C3=O)CC1,7.278123462734822,-0.862019418484301,0,test,8.137980581515698,-0.916552984411542,0.05453356592724101,0.05453356592724101
CC(C)CCC#Cc1cc2c(cc1N1CCN(C3COC3)CC1)C(C)(C)c1[nH]c3cc(C#N)ccc3c1C2=O,7.911120043891948,-0.898237974578109,0,test,8.101762025421891,-0.9448159268212497,0.04657795224314065,0.04657795224314065
CC1(C)c2cc(C(=O)NCCNS(N)(=O)=O)ccc2C(=O)c2c1[nH]c1cc(C#N)ccc21,8.674689628288938,-0.9382539451190729,0,test,8.061746054880928,-0.8967384137993817,-0.0415155313196911,0.0415155313196911
CCc1cc2c(cc1N1CCOCC1)C(C)(C)c1[nH]c3nc(C(=O)N4CCOCC4)ccc3c1C2=O,6.486284445832031,-0.8119959900579736,0,test,8.188004009942027,-0.8529439249304764,0.04094793487250281,0.04094793487250281
CC1(C)c2ccc(C3=CCNCC3)cc2C(=O)c2c1[nH]c1cc(C#N)ccc21,9.080921907623926,-0.9581299409296398,0,test,8.04187005907036,-0.918295701869665,-0.03983423905997474,0.03983423905997474
CCc1cc2c(cc1N1CCC(N3CCC3)CC1)C(C)(C)c1[nH]c3cc(C#N)ccc3c1C2=O,9.522878745280336,-0.9787682544980406,0,test,8.021231745501959,-0.9393736050982922,-0.03939464939974846,0.03939464939974846
CC1(C)c2cc(N3CCOCC3)c(OC3CCOC3)cc2C(=O)c2c1[nH]c1cc(C#N)ccc21,9.229147988357855,-0.9651616099063006,0,test,8.0348383900937,-0.926173343621619,-0.03898826628468166,0.03898826628468166
CC1(C)c2cc(C(=O)N3CCN(CCO)CC3)ccc2C(=O)c2c1[nH]c1cc(C#N)ccc21,7.372890288788861,-0.8676377714959236,0,test,8.132362228504077,-0.906296099034701,0.038658327538777404,0.038658327538777404
CCc1cc2c(cc1N1CCC(N3CCC(O)CC3)CC1)C(C)(C)c1[nH]c3cc(C#N)ccc3c1C2=O,9.522878745280336,-0.9787682544980406,0,test,8.021231745501959,-0.9404808236376685,-0.03828743086037212,0.03828743086037212
COc1cc2c(cc1Br)C(C)(C)c1[nH]c3cc(C#N)ccc3c1C2=O,7.533354771636021,-0.8769884203379125,0,test,8.123011579662087,-0.914729156944643,0.037740736606730496,0.037740736606730496
CCc1cc2c(cc1N1CCC(O)(C3CC3)CC1)C(C)(C)c1[nH]c3cc(C#N)ccc3c1C2=O,7.847711655616943,-0.8947430376090245,0,test,8.105256962390975,-0.9301097846585872,0.03536674704956266,0.03536674704956266
CC1(C)c2cc(N3CCN(C(=O)C4CC4)CC3)ccc2C(=O)c2c1[nH]c1cc(C#N)ccc21,8.3767507096021,-0.9230755911192331,0,test,8.076924408880767,-0.8887416680766687,-0.03433392304256455,0.03433392304256455
Cn1cc(-c2cc3c(cc2N2CCOCC2)C(C)(C)c2[nH]c4cc(C#N)ccc4c2C3=O)cn1,9.09151498112135,-0.9586362587026022,0,test,8.041363741297397,-0.9260264192663711,-0.03260983943623108,0.03260983943623108
C=COc1cc2c(cc1OC(C)C)C(=O)c1c([nH]c3cc(C#N)ccc13)C2(C)C,7.636388020107856,-0.8828879876512187,0,test,8.117112012348782,-0.9151035765901813,0.03221558893896259,0.03221558893896259
CCc1cc2c(cc1N1CCC(NCC3CC3)CC1)C(C)(C)c1[nH]c3cc(C#N)ccc3c1C2=O,9.089909454405932,-0.9585595571881153,0,test,8.041440442811885,-0.9297024681502774,-0.028857089037837902,0.028857089037837902
CC1(C)c2cc(N3CCC(N4CCCC4)CC3)ccc2C(=O)c2c1[nH]c1ncccc21,7.512296136836274,-0.8757726996066855,0,test,8.124227300393315,-0.8472384814955336,-0.028534218111151866,0.028534218111151866
CN(C)S(=O)(=O)N1CCN(c2ccc3c(c2)C(C)(C)c2c(c4ccc(C#N)cc4n2C)C3=O)CC1,7.195192935739313,-0.8570424438325307,0,test,8.142957556167469,-0.8850228561588428,0.0279804123263121,0.0279804123263121
CC1(C)c2cc(OC3CCN(CCO)CC3)ccc2C(=O)c2c1[nH]c1cc(C#N)ccc21,8.854492828590338,-0.94716369053427,0,test,8.05283630946573,-0.9246634353203279,-0.022500255213942055,0.022500255213942055
CC1(C)c2cc(N3CCN(C4COC4)CC3)ccc2C(=O)c2c1[nH]c1cc(C#N)ccc21,7.568636235841013,-0.8790176326565341,0,test,8.120982367343466,-0.8579307744155473,-0.021086858240986772,0.021086858240986772
CC1(C)c2ccc(OCCOCCC(=O)O)cc2C(=O)c2c1[nH]c1cc(C#N)ccc21,7.634699251362012,-0.8827919338552469,0,test,8.117208066144753,-0.9035392437585635,0.020747309903316635,0.020747309903316635
CN1CCC(Oc2cc3c(cc2NS(C)(=O)=O)C(=O)c2c([nH]c4cc(C#N)ccc24)C3(C)C)CC1,8.202040356262804,-0.913921901803347,0,test,8.086078098196653,-0.9344424017342143,0.020520499930867353,0.020520499930867353
N#Cc1ccc2c3c([nH]c2c1)C1(CCOCC1)c1cc(OCCN2CCOCC2)ccc1C3=O,7.485067263898123,-0.8741957074457416,0,test,8.125804292554259,-0.892731877956516,0.018536170510774386,0.018536170510774386
CC1(C)c2cc(N3CCOCC3)c(C#CCN3CCOCC3)cc2C(=O)c2c1[nH]c1cc(C#N)ccc21,8.58922276662279,-0.9339538665741208,0,test,8.066046133425878,-0.9510948633976182,0.017140996823497345,0.017140996823497345
COCCOc1cc2c(cc1N1CCC(N3CCOCC3)CC1)C(C)(C)c1c(c3ccc(C#N)cc3n1CCOC)C2=O,8.070581074285707,-0.9069048046441143,0,test,8.093095195355886,-0.8904949458792781,-0.01640985876483625,0.01640985876483625
CC1(C)c2cc(N3CCC(N4CCCC4)CC3)c(C3=CCNCC3)cc2C(=O)c2c1[nH]c1cc(C#N)ccc21,8.750068243365805,-0.9420114401767842,0,test,8.057988559823215,-0.9263014920717493,-0.0157099481050349,0.0157099481050349
N#Cc1ccc2c3c([nH]c2c1)C1(CCOCC1)c1cc(N2CCN(C4CCC4)CC2)c(F)cc1C3=O,8.365522729839268,-0.9224930835640205,0,test,8.07750691643598,-0.9359950753854862,0.01350199182146583,0.01350199182146583
CC(C)(CO)NCCOc1ccc2c(c1)C(C)(C)c1[nH]c3cc(C#N)ccc3c1C2=O,8.444301105281099,-0.9265637109016738,0,test,8.073436289098327,-0.9132523571695872,-0.013311353732086584,0.013311353732086584
CCc1cc2c(cc1N1CCN(CC3(O)CCOCC3)CC1)C(C)(C)c1[nH]c3cc(C#N)ccc3c1C2=O,8.823908740944319,-0.9456610078739685,0,test,8.05433899212603,-0.9335708363647768,-0.012090171509191672,0.012090171509191672
C=Cc1cc2c(cc1N1CCOCC1)C(C)(C)c1[nH]c3cc(C#N)ccc3c1C2=O,8.68782264356022,-0.9389109464863316,0,test,8.061089053513669,-0.9312771984365871,-0.007633748049744482,0.007633748049744482
CS(=O)CCOc1ccc2c(c1)C(C)(C)c1[nH]c3cc(C#N)ccc3c1C2=O,7.989149042626077,-0.9025005232722969,0,test,8.097499476727704,-0.9077617011602825,0.005261177887985746,0.005261177887985746
CC1(C)c2cc(OCCNS(=O)(=O)N3CCOCC3)ccc2C(=O)c2c1[nH]c1cc(C#N)ccc21,7.795744321519849,-0.8918575870420503,0,test,8.10814241295795,-0.8963913915924958,0.004533804550445497,0.004533804550445497
C[C@@H]1CN(C2CCN(c3cc4c(cn3)C(=O)c3c([nH]c5cc(C(N)=O)ccc35)C4(C)C)CC2)C[C@H](C)O1,6.943434335546601,-0.841574332710298,0,test,8.158425667289702,-0.8449853553873713,0.003411022677073272,0.003411022677073272
CC1(C)c2ccc(N3CCC(N4CCCC4)CC3)cc2C(=O)c2c1[nH]c1cc(C#N)ccc21,7.815564111691629,-0.8929603299883695,0,test,8.10703967001163,-0.8961120488857027,0.0031517188973332333,0.0031517188973332333
CCc1cc2c(cc1N1CCN(C3COC3)CC1)C(C)(C)c1[nH]c3cc(C#N)ccc3c1C2=O,8.14545106418705,-0.9109151388917188,0,test,8.089084861108281,-0.9121063456656197,0.0011912067739008325,0.0011912067739008325
CC1(C)c2cc(CN3CCS(=O)(=O)CC3)ccc2C(=O)c2c1[nH]c1cc(C#N)ccc21,8.168578182934978,-0.9121464701135411,0,test,8.08785352988646,-0.9113744396053401,-0.0007720305082010714,0.0007720305082010714
COc1ccc2c(c1)C(C)(C)c1[nH]c3c(OC[C@H](O)CO)c(C#N)ccc3c1C2=O,6.2579429234976525,-0.7964315977806032,0,train,8.203568402219396,-0.8427248380385608,0.04629324025795756,0.04629324025795756
CCc1cc2c(cc1N1CCC(N3CCOCC3)CC1)C(C)(C)c1[nH]c3cc(NC(C)=O)ccc3c1C2=O,5.620097397970952,-0.7497438420877088,0,train,8.250256157912291,-0.7881140686846075,0.038370226596898704,0.038370226596898704
CCC(CC)Oc1cc2c(cc1N1CCN(C3CCC3)CC1)C(C)(C)c1c(c3ccc(C#N)cc3n1C)C2=O,6.847100403606253,-0.8355066962640553,0,train,8.164493303735945,-0.8717504132859453,0.03624371702189,0.03624371702189
CC1(C)c2cc(C(=O)N(CCO)CCO)ccc2C(=O)c2c1[nH]c1cc(C#N)ccc21,6.564863052782298,-0.8172256708609432,0,train,8.182774329139058,-0.8514234392774757,0.03419776841653244,0.03419776841653244
CC1(C)c2cc(OCC3CCN(C4COC4)CC3)ccc2C(=O)c2c1[nH]c1cc(C#N)ccc21,8.537602002101044,-0.931335905408183,0,train,8.068664094591817,-0.8979120541128955,-0.033423851295287466,0.033423851295287466
CC1(C)c2ccc(N3CCN(C4CC4)CC3)cc2C(=O)c2c1[nH]c1cc(C#N)ccc21,6.632644078973981,-0.8216866928079634,0,train,8.178313307192036,-0.8536432191086198,0.031956526300656485,0.031956526300656485
CC1(C)c2cc(N3CCC(N4CCCCC4)CC3)ncc2C(=O)c2c1[nH]c1cc(C#N)ccc21,9.306448914404086,-0.9687839977294113,0,train,8.03121600227059,-0.9387284453708125,-0.03005555235859869,0.03005555235859869
C[C@H]1CN(C2CCC2)CCN1c1ccc2c(c1)C(C)(C)c1[nH]c3cc(C#N)ccc3c1C2=O,9.008330992620053,-0.9546443350591738,0,train,8.045355664940827,-0.9260149667046798,-0.028629368354494034,0.028629368354494034
CC1(C)c2cc(N3CCN(C4COC4)CC3)c(CCC3CCCC3)cc2C(=O)c2c1[nH]c1cc(C#N)ccc21,6.730487055782084,-0.8280464933450412,0,train,8.171953506654958,-0.8542995718479203,0.026253078502879057,0.026253078502879057
CC1(C)c2cc(C3CCN(C4COC4)CC3)ccc2C(=O)c2c1[nH]c1cc(C#N)ccc21,6.508638306165727,-0.8134901378806599,0,train,8.18650986211934,-0.8376289398015625,0.024138801920902564,0.024138801920902564
CCN(CC)CCOc1cc2c(cc1C(C)=O)C(=O)c1c([nH]c3cc(C#N)ccc13)C2(C)C,9.275724130399212,-0.9673478237922816,0,train,8.03265217620772,-0.9434461651915735,-0.02390165860070803,0.02390165860070803
CC(C)c1cc2c(cc1N1CCN(C3COC3)CC1)C(C)(C)c1[nH]c3cc(C#N)ccc3c1C2=O,7.180456064458132,-0.856152029198758,0,train,8.143847970801241,-0.8795307475589071,0.023378718360149153,0.023378718360149153
CCc1cc2c(cc1C1=CCN(C(=O)C3CCOCC3)CC1)C(C)(C)c1[nH]c3cc(C#N)ccc3c1C2=O,6.899629454882437,-0.8388257675458003,0,train,8.161174232454199,-0.8617505073550474,0.02292473980924714,0.02292473980924714
CC(C)N1CCN(c2ccc3c(c2)C(C)(C)c2[nH]c4c(F)c(C#N)ccc4c2C3=O)CC1,9.113509274827518,-0.9596856398957347,0,train,8.040314360104265,-0.9379963856720385,-0.021689254223696386,0.021689254223696386
CC1(C)c2cc(N3CCC(N)CC3)c(Br)cc2C(=O)c2c1[nH]c1cc(C#N)ccc21,9.774690718274137,-0.9901030247408581,0,train,8.009896975259142,-0.9684893297454952,-0.02161369499536281,0.02161369499536281
COc1ccc2c(c1)C(C)(C)c1[nH]c3c(N)c(C#N)ccc3c1C2=O,8.714442690992227,-0.9402396181854248,0,train,8.059760381814575,-0.9186565670542564,-0.02158305113116843,0.02158305113116843
CCNC(=O)N1CCC(c2ccc3c(c2)C(C)(C)c2[nH]c4cc(C#N)ccc4c2C3=O)CC1,8.698752911363789,-0.9394569948560263,0,train,8.060543005143973,-0.9192993345524656,-0.02015766030356081,0.02015766030356081
CC(C)(C)N1CCN(c2cc3c(cc2Br)C(=O)c2c([nH]c4cc(C#N)ccc24)C32CCOCC2)CC1,9.494850021680094,-0.9774881091182007,0,train,8.0225118908818,-0.9576275314320233,-0.01986057768617755,0.01986057768617755
CCN(CC)CCOc1ccc2c(c1)C(C)(C)c1[nH]c3cc(C#N)c(Br)cc3c1C2=O,7.009128595198514,-0.8456640279779505,0,train,8.15433597202205,-0.8653217004001599,0.019657672422209393,0.019657672422209393
CC(C)N1CCC(c2ccc3c(c2)C(C)(C)c2[nH]c4cc(C#N)ccc4c2C3=O)CC1,9.075720713938118,-0.9578811229266724,0,train,8.042118877073328,-0.9394377390737835,-0.018443383852888906,0.018443383852888906
CC1(C)c2cc(N3CCN(C4CCCC4)CC3=O)ccc2C(=O)c2c1[nH]c1cc(C#N)ccc21,7.139021507194902,-0.8536386903269928,0,train,8.146361309673008,-0.8720719115984865,0.018433221271493716,0.018433221271493716
CC1(C)c2cc(C(=O)NOCCO)ccc2C(=O)c2c1[nH]c1cc(C#N)ccc21,8.442372511573174,-0.9264645110677893,0,train,8.07353548893221,-0.9080540280431103,-0.018410483024678848,0.018410483024678848
CC1(C)c2cc(N3CCN(S(N)(=O)=O)CC3)ccc2C(=O)c2c1[nH]c1cc(C#N)ccc21,8.497026940934369,-0.9292669952426601,0,train,8.07073300475734,-0.9112121438216095,-0.018054851421050455,0.018054851421050455
CCc1cc2c(cc1N1CCN(CC(O)(CCC(=O)O)CC(=O)O)CC1)C(C)(C)c1[nH]c3cc(C#N)ccc3c1C2=O,7.769551078621726,-0.8903959261741761,0,train,8.109604073825825,-0.9083441655489117,0.017948239374735664,0.017948239374735664
CC1(C)c2cc(OCC(=O)NCCC#N)ccc2C(=O)c2c1[nH]c1cc(C#N)ccc21,7.072219150652626,-0.84955570992986,0,train,8.15044429007014,-0.8669073002262385,0.01735159029637856,0.01735159029637856
CCN(CC)CCOc1cc2c(cc1N1CCC(N3CCOCC3)CC1)C(C)(C)c1[nH]c3cc(C#N)ccc3c1C2=O,7.928117992693875,-0.8991701050486781,0,train,8.100829894951321,-0.9161953053491456,0.017025200300467502,0.017025200300467502
CCc1cc2c(cc1N1CCN(C(=O)CN(C)C)CC1)C(C)(C)c1[nH]c3cc(C#N)ccc3c1C2=O,9.397940008672036,-0.9730326683964613,0,train,8.026967331603538,-0.9563884840848296,-0.016644184311631616,0.016644184311631616
CCN(CC)CCS(=O)(=O)c1cc2c(cc1OC)C(C)(C)c1[nH]c3cc(C#N)ccc3c1C2=O,8.873543886568196,-0.9480971015681104,0,train,8.051902898431889,-0.9325436036741135,-0.01555349789399696,0.01555349789399696
C#Cc1cc2c(cc1OC1CCN(C3COC3)CC1)C(C)(C)c1[nH]c3cc(C#N)ccc3c1C2=O,8.789146634685107,-0.9439467101319464,0,train,8.056053289868053,-0.9290570588297694,-0.01488965130217701,0.01488965130217701
CN(C)S(=O)(=O)Oc1ccc2c(c1)C(C)(C)c1[nH]c3cc(C#N)ccc3c1C2=O,7.291562102370837,-0.8628205790402025,0,train,8.137179420959798,-0.8776400889505069,0.014819509910304451,0.014819509910304451
CC1(C)c2cc(OCC(=O)N3CCNCC3)ccc2C(=O)c2c1[nH]c1cc(C#N)ccc21,8.455931955649724,-0.9271614795731697,0,train,8.07283852042683,-0.9130639369199333,-0.014097542653236372,0.014097542653236372
CC(C)N1CCN(c2ccc3c(c2)C(C)(C)c2[nH]c4cc(C#N)ccc4c2C3=O)CC1,7.474022785558932,-0.8735544175204996,0,train,8.1264455824795,-0.8874469538725139,0.013892536352014373,0.013892536352014373
CC1(C)c2ccc(C3=CCN(C4CC4)CC3)cc2C(=O)c2c1[nH]c1cc(C#N)ccc21,8.402304814074487,-0.9243984325779956,0,train,8.075601567422005,-0.910572963633905,-0.013825468944090535,0.013825468944090535
C#Cc1cc2c(cc1N1CCN(C3CCC3)CC1)C(C)(C)c1[nH]c3cc(C#N)ccc3c1C2=O,9.494850021680094,-0.9774881091182007,0,train,8.0225118908818,-0.9637339139641429,-0.013754195154057958,0.013754195154057958
CC1(C)c2cc(C(=O)N3CCN(C(C)(C)C)CC3)ccc2C(=O)c2c1[nH]c1cc(C#N)ccc21,8.221704008911166,-0.9149618376096833,0,train,8.085038162390317,-0.9014142232592117,-0.01354761435047147,0.01354761435047147
CC1(C)c2ccc(N3CCC[C@H]3CN3CCCC3)cc2C(=O)c2c1[nH]c1cc(C#N)ccc21,8.804100347590767,-0.9446849839218124,0,train,8.055315016078188,-0.9314148960294601,-0.01327008789235229,0.01327008789235229
CCCc1cc2c(cc1N1CCN(C3COC3)CC1)C(C)(C)c1[nH]c3cc(C#N)ccc3c1C2=O,7.823908740944319,-0.8934237761436236,0,train,8.106576223856376,-0.906640740866536,0.01321696472291245,0.01321696472291245
CCc1cc2c(cc1N1CCC(NCCCO)CC1)C(C)(C)c1[nH]c3cc(C#N)ccc3c1C2=O,9.221848749616356,-0.9648179949441481,0,train,8.035182005055852,-0.9520881357346355,-0.012729859209512528,0.012729859209512528
CC(C)(O)C#Cc1ccc2c(c1)C(=O)c1c([nH]c3cc(C#N)ccc13)C2(C)C,8.931443104927636,-0.9509216360298403,0,train,8.04907836397016,-0.938309813071007,-0.01261182295883334,0.01261182295883334
CC1(C)c2cc(CN3CCN(S(C)(=O)=O)CC3)ccc2C(=O)c2c1[nH]c1cc(C#N)ccc21,8.459295216689238,-0.9273341814488263,0,train,8.072665818551174,-0.9148540037507574,-0.012480177698068973,0.012480177698068973
CC(C)OCC#Cc1cc2c(cc1N1CCN(C3COC3)CC1)C(C)(C)c1[nH]c3cc(C#N)ccc3c1C2=O,9.397940008672036,-0.9730326683964613,0,train,8.026967331603538,-0.9605707271480531,-0.012461941248408048,0.012461941248408048
CC(C)N1CCN(c2ccc3c(c2)C(=O)c2c([nH]c4cc(C#N)ccc24)C3(C)C)CC1,8.334325219006107,-0.9208704433331626,0,train,8.079129556666837,-0.9084667071270249,-0.012403736206137661,0.012403736206137661
CC1(C)c2cc(N3CCC(N4CCOCC4)CC3)c(Cl)cc2C(=O)c2c1[nH]c1cc(C#N)ccc21,9.407823242604133,-0.9734891491356775,0,train,8.026510850864323,-0.9613425736557132,-0.01214657547996445,0.01214657547996445
CCc1cc2c(cc1N1CCN(C3CCC3)CC1)C(C)(C)c1[nH]c3nc(C#N)ccc3c1C2=O,8.73596177400688,-0.9413107250202088,0,train,8.058689274979791,-0.9292301548853998,-0.01208057013480901,0.01208057013480901
CC1(C)c2cc(N3CCC(N4CCOCC4)CC3)ccc2C(=O)c2c1[nH]c1cc(C#N)ccc21,7.795880017344075,-0.8918651464786298,0,train,8.10813485352137,-0.879818539560725,-0.012046606917904823,0.012046606917904823
N#Cc1ccc2c3c([nH]c2c1)C1(CCOCC1)c1cc(OCCN2CCS(=O)(=O)CC2)ccc1C3=O,7.571007188151973,-0.8791536585172609,0,train,8.12084634148274,-0.8908604300541032,0.011706771536842298,0.011706771536842298
CCc1cc2c(cc1N1CCC(N3CCOCC3)CC1)C(C)(C)c1[nH]c3cc(C#N)ccc3c1C2=O,8.275724130399212,-0.9178060051157096,0,train,8.08219399488429,-0.9288784037203512,0.011072398604641598,0.011072398604641598
CC1(C)c2cc(S(=O)(=O)CCC(=O)O)ccc2C(=O)c2c1[nH]c1cc(C#N)ccc21,7.148228141797379,-0.8541984049335721,0,train,8.145801595066429,-0.8649859290917411,0.01078752415816897,0.01078752415816897
CC1(C)c2ccc(C3CCN(C4CC4)CC3)cc2C(=O)c2c1[nH]c1cc(C#N)ccc21,7.356547323513812,-0.8666740330645825,0,train,8.133325966935418,-0.8773779404421401,0.010703907377557664,0.010703907377557664
CC1(C)c2cc(C(=O)O)ccc2C(=O)c2c1[nH]c1cc(C#N)ccc21,7.224520624590236,-0.8588090352345115,0,train,8.141190964765489,-0.8695054833161316,0.01069644808162018,0.01069644808162018
CCc1cc2c(cc1N1CCN(CC3(O)CCCCC3)CC1)C(C)(C)c1[nH]c3cc(C#N)ccc3c1C2=O,8.154901959985743,-0.9114187442244689,0,train,8.088581255775532,-0.9220652641991488,0.010646519974680024,0.010646519974680024
CC1(C)c2cc(N3CCC(N4CCCC4)CC3)c(S(=O)(=O)N3CCCC3)cc2C(=O)c2c1[nH]c1cc(C#N)ccc21,8.05784307153251,-0.9062188051433083,0,train,8.093781194856692,-0.9168470489075209,0.010628243764212453,0.010628243764212453
CC1(C)c2cc(OC[C@H](O)CO)ccc2C(=O)c2c1[nH]c1c(C3CC3)c(C#N)ccc21,8.585026652029182,-0.9337416477568349,0,train,8.066258352243166,-0.9231500671440842,-0.010591580612750562,0.010591580612750562
CC1(C)c2cc(N3CCN(S(C)(=O)=O)CC3)ccc2C(=O)c2c1[nH]c1cc(C#N)ccc21,7.42712839779952,-0.8708209319233821,0,train,8.129179068076619,-0.8814101458445499,0.01058921392116785,0.01058921392116785
CCc1cc2c(cc1N1CCC(N3CCN(C)CC3)CC1)C(C)(C)c1[nH]c3cc(C#N)ccc3c1C2=O,9.154901959985745,-0.9616536977949866,0,train,8.038346302205014,-0.951164059462206,-0.010489638332780604,0.010489638332780604
CC1(C)c2cc(N3CCN(C4CC4)CC3)c(-c3ccccc3)cc2C(=O)c2c1[nH]c1cc(C#N)ccc21,7.829034593689159,-0.8937082120601303,0,train,8.10629178793987,-0.9041822281057699,0.010474016045639578,0.010474016045639578
C[C@@H]1CN(c2cc3c(cc2Br)C(=O)c2c([nH]c4cc(C#N)ccc24)C3(C)C)C[C@H](C)N1C1CCC1,9.522878745280336,-0.9787682544980406,0,train,8.021231745501959,-0.9686609135411485,-0.010107340956892141,0.010107340956892141
CC(C)N1CCC(Cc2ccc3c(c2)C(=O)c2c([nH]c4cc(C#N)ccc24)C3(C)C)CC1,7.930776042702948,-0.8993156860027846,0,train,8.100684313997215,-0.9094044858850232,0.010088799882238653,0.010088799882238653
CN1CCC(Oc2cc3c(cc2[N+](=O)[O-])C(=O)c2c([nH]c4cc(C#N)ccc24)C3(C)C)CC1,9.003926345514724,-0.9544319336999444,0,train,8.045568066300056,-0.944492311972582,-0.009939621727362402,0.009939621727362402
CCc1cc2c(cc1N1CCN(C(=O)C3CCCCC3)CC1)C(C)(C)c1[nH]c3cc(C#N)ccc3c1C2=O,8.1249387366083,-0.90982009501051,0,train,8.09017990498949,-0.9195836356665538,0.00976354065604379,0.00976354065604379
CCCc1cc2c(cc1N1CCC(N3CCOCC3)CC1)C(C)(C)c1[nH]c3cc(C#N)ccc3c1C2=O,8.958607314841775,-0.9522405004556521,0,train,8.047759499544348,-0.9424860879162543,-0.009754412539397683,0.009754412539397683
CCCC1(N2CCN(c3cc4c(cn3)C(=O)c3c([nH]c5cc(C(N)=O)ccc35)C4(C)C)CC2)CCC1,6.844864452412425,-0.8353648523016834,0,train,8.164635147698316,-0.8450154387038201,0.009650586402136674,0.009650586402136674
CC1(C)c2cc(C(=O)N3CCN(S(C)(=O)=O)CC3)ccc2C(=O)c2c1[nH]c1cc(C#N)ccc21,7.563455723337232,-0.8787202688699814,0,train,8.121279731130018,-0.88827243540536,0.009552166535378603,0.009552166535378603
CC1(C)c2cc(OCCN3CCS(=O)(=O)CC3)ccc2C(=O)c2c1[nH]c1cc(C#N)ccc21,8.431798275933005,-0.9259202078427211,0,train,8.07407979215728,-0.9164737653633324,-0.009446442479388861,0.009446442479388861
CC1(C)c2cc(Oc3ncccn3)ccc2C(=O)c2c1[nH]c1cc(C#N)ccc21,7.516640963719313,-0.8760238064388016,0,train,8.123976193561198,-0.885388655744369,0.009364849305567358,0.009364849305567358
CC1(C)c2cc(N3CCN(C4CCC4)CC3)c(C3CC3)cc2C(=O)c2c1[nH]c1cc(C#N)ccc21,7.976336081802207,-0.9018034446262113,0,train,8.09819655537379,-0.9111522099956483,0.009348765369437073,0.009348765369437073
CC1(C)c2cc(C3CCN(CC4CCOCC4)CC3)ccc2C(=O)c2c1[nH]c1cc(C#N)ccc21,7.42021640338319,-0.870416571239231,0,train,8.12958342876077,-0.8796681430672996,0.009251571828068572,0.009251571828068572
N#Cc1ccc2c3c([nH]c2c1)C1(CCOCC1)c1cc(OC2CCNCC2)ccc1C3=O,8.408189937469082,-0.9247025136604128,0,train,8.075297486339586,-0.9155571576626994,-0.009145355997713378,0.009145355997713378
CC1(C)c2ccc(C3CCN(C4COC4)CC3)cc2C(=O)c2c1[nH]c1cc(C#N)ccc21,7.173925197299173,-0.8557568439639277,0,train,8.144243156036072,-0.8647874073290903,0.009030563365162614,0.009030563365162614
CC1(C)OCC(CNC(=O)COc2ccc3c(c2)C(C)(C)c2[nH]c4cc(C#N)ccc4c2C3=O)O1,7.291375173825274,-0.8628094452014818,0,train,8.137190554798519,-0.8717567488113174,0.008947303609835533,0.008947303609835533
CCc1cc2c(cc1C1=CCN(CC3CCOCC3)CC1)C(C)(C)c1[nH]c3cc(C#N)ccc3c1C2=O,7.309803919971486,-0.8639057274891171,0,train,8.136094272510883,-0.8727500093016808,0.008844281812563692,0.008844281812563692
CC1(C)c2cc(N3CCN(C4COC4)CC3)c(Br)cc2C(=O)c2c1[nH]c1cc(C#N)ccc21,9.021363051615523,-0.9552721607207009,0,train,8.044727839279298,-0.9467366116923255,-0.008535549028375278,0.008535549028375278
N#Cc1ccc2c3c([nH]c2c1)C1(CCOCC1)c1cc(N2CCC(N4CCCC4)CC2)c(C#N)cc1C3=O,9.065501548756432,-0.9573918364328261,0,train,8.042608163567174,-0.9490407099527916,-0.008351126480034443,0.008351126480034443
CCCc1cc2c(cc1N1CCN(CCCCO)CC1)C(C)(C)c1[nH]c3cc(C#N)ccc3c1C2=O,8.961379838050297,-0.9523748857685147,0,train,8.047625114231485,-0.9440800931860791,-0.008294792582435706,0.008294792582435706
Cc1cc2c(cc1N1CCN(C3COC3)CC1)C(C)(C)c1[nH]c3cc(C#N)ccc3c1C2=O,7.958607314841775,-0.9008370767330759,0,train,8.099162923266924,-0.9089332358603415,0.008096159127265468,0.008096159127265468
CC1(C)c2cc(N3CCCCC3)ccc2C(=O)c2c1[nH]c1cc(C#N)ccc21,7.476253533188435,-0.873684020662615,0,train,8.126315979337384,-0.8813903132954308,0.007706292632815859,0.007706292632815859
CC1(C)c2cc(OC3CCN(S(C)(=O)=O)CC3)c(Br)cc2C(=O)c2c1[nH]c1cc(C#N)ccc21,8.296364762416104,-0.9188878382245241,0,train,8.081112161775476,-0.926583066507491,0.007695228282966982,0.007695228282966982
CN1CCC(Oc2cc3c(cc2N)C(=O)c2c([nH]c4cc(C#N)ccc24)C3(C)C)CC1,8.442252258358533,-0.9264583249300146,0,train,8.073541675069986,-0.9341309918570272,0.007672666927012628,0.007672666927012628
CC1(C)c2cc(C(=O)NCCS(C)(=O)=O)ccc2C(=O)c2c1[nH]c1cc(C#N)ccc21,7.98426312552255,-0.9022348409145216,0,train,8.097765159085478,-0.8949915847343847,-0.007243256180136881,0.007243256180136881
CCc1cc2c(cc1N1CCN(CC3(O)CCNCC3)CC1)C(C)(C)c1[nH]c3cc(C#N)ccc3c1C2=O,8.853871964321762,-0.9471332373637918,0,train,8.052866762636208,-0.9399276397746761,-0.007205597589115764,0.007205597589115764
CN(C)S(=O)(=O)c1cc2c(cc1N1CCN(CCO)CC1)C(C)(C)c1[nH]c3cc(C#N)ccc3c1C2=O,8.292344676468813,-0.9186773455175061,0,train,8.081322654482493,-0.9258572780592564,0.007179932541750422,0.007179932541750422
CC1(C)c2cc(OCCNC(N)=O)ccc2C(=O)c2c1[nH]c1cc(C#N)ccc21,7.581698708680254,-0.8797665218791915,0,train,8.12023347812081,-0.886877778209748,0.007111256330556537,0.007111256330556537
CC1(C)c2cc(OCC(=O)O)ccc2C(=O)c2c1[nH]c1cc(C#N)ccc21,7.337619979983752,-0.8655552156142907,0,train,8.134444784385709,-0.8722864001080519,0.0067311844937612,0.0067311844937612
CCOC(=O)COc1ccc2c(c1)C(C)(C)c1[nH]c3cc(C#N)ccc3c1C2=O,7.530619864150075,-0.8768307255367156,0,train,8.123169274463285,-0.8834621513335363,0.006631425796820745,0.006631425796820745
CC(C)N1CCC(Cc2ccc3c(c2)C(C)(C)c2[nH]c4cc(C#N)ccc4c2C3=O)CC1,8.642065152999546,-0.9366175361572897,0,train,8.06338246384271,-0.9301076744855211,-0.00650986167176848,0.00650986167176848
CC1(C)c2cc(N3CCC(NS(C)(=O)=O)CC3)c(Cl)cc2C(=O)c2c1[nH]c1cc(C#N)ccc21,8.729554091982038,-0.9409920603908459,0,train,8.059007939609154,-0.9474596010127813,0.006467540621935219,0.006467540621935219
COc1cc2c(cc1CCC(C)(C)O)C(=O)c1c([nH]c3cc(C#N)ccc13)C2(C)C,8.090818524022147,-0.9079924601146292,0,train,8.09200753988537,-0.914379403643222,0.0063869435285928144,0.0063869435285928144
CCc1cc2c(cc1N1CCC(OCCC3CCCCC3)CC1)C(C)(C)c1[nH]c3cc(C#N)ccc3c1C2=O,7.662660560611581,-0.8843795876709492,0,train,8.11562041232905,-0.8906903082119821,0.006310720541032988,0.006310720541032988
CC1(C)c2cc(N3CCN(C4CCC4)CC3)c(OC3CCOCC3)cc2C(=O)c2c1[nH]c1cc(C#N)ccc21,8.823908740944319,-0.9456610078739685,0,train,8.05433899212603,-0.9396054385085104,-0.006055569365458036,0.006055569365458036
CC1(C)c2cc(N3CCS(=O)(=O)CC3)ccc2C(=O)c2c1[nH]c1cc(C#N)ccc21,7.404129167897128,-0.8694739865821689,0,train,8.130526013417832,-0.87539178758377,0.0059178010016011084,0.0059178010016011084
COCCOc1cc2c(cc1OC(C)C)C(=O)c1c(n(CCOC)c3cc(C#N)ccc13)C2(C)C,8.00436480540245,-0.9033268737376423,0,train,8.096673126262358,-0.9091273174041403,0.005800443666497901,0.005800443666497901
CC1(C)c2cc(N3CCN(C4CCC4)CC3)c(Br)cc2C(=O)c2c1[nH]c1cc(C#N)ccc21,8.6779875614176,-0.9384190232981977,0,train,8.061580976701801,-0.9440247089002711,0.005605685602073529,0.005605685602073529
N#Cc1ccc2c3c([nH]c2c1)C1(CCCC1)c1cc(OC[C@H](O)CO)ccc1C3=O,8.212043876716068,-0.9144512611277756,0,train,8.085548738872225,-0.9089408119770901,-0.005510449150685548,0.005510449150685548
C#CC(C)(C)N1CCN(c2cc3c(cc2C(C)=O)C(=O)c2c([nH]c4cc(C#N)ccc24)C3(C)C)CC1,8.581367312645934,-0.9335564916979797,0,train,8.06644350830202,-0.9284224238988148,-0.00513406779916481,0.00513406779916481
CC1(C)c2cc(OCCNS(C)(=O)=O)ccc2C(=O)c2c1[nH]c1cc(C#N)ccc21,8.306009389539224,-0.9193924177229044,0,train,8.080607582277096,-0.9144534203843636,-0.0049389973385407515,0.0049389973385407515
CC1(C)c2cc(C(=O)N3CCOCC3)ccc2C(=O)c2c1[nH]c1cc(C#N)ccc21,7.520943216065586,-0.8762723097199647,0,train,8.123727690280035,-0.8811334444263507,0.004861134706385939,0.004861134706385939
CC(C)Oc1cc2c(cc1O[C@@H]1CCN(C3CCC3)C1)C(C)(C)c1[nH]c3cc(C#N)ccc3c1C2=O,8.795880017344075,-0.944279296614084,0,train,8.055720703385916,-0.9395819966756513,-0.0046972999384327085,0.0046972999384327085
CC1(C)c2cc(N3CCC(O)CC3)ccc2C(=O)c2c1[nH]c1cc(C#N)ccc21,7.943095148663527,-0.8999897649026621,0,train,8.100010235097338,-0.8953216000240742,-0.004668164878587899,0.004668164878587899
CC1(C)c2cc(C(=O)NC3CCS(=O)(=O)C3)ccc2C(=O)c2c1[nH]c1cc(C#N)ccc21,7.571039535424586,-0.8791555140447543,0,train,8.120844485955246,-0.8838077374945523,0.0046522234497979875,0.0046522234497979875
CCc1cc2c(cc1N1CCN(C3CC3)CC1)C(C)(C)c1[nH]c3cc(C#N)ccc3c1C2=O,8.2839966563652,-0.9182399149289915,0,train,8.081760085071009,-0.922550171560236,0.004310256631244402,0.004310256631244402
CC1(C)c2cc(N3CCOCC3)ccc2C(=O)c2c1[nH]c1cc(C#N)ccc21,7.732828271596986,-0.8883383655994971,0,train,8.111661634400503,-0.8841446461809939,-0.004193719418503217,0.004193719418503217
CCCCCc1cc2c(cc1N1CCN(C3COC3)CC1)C(C)(C)c1[nH]c3cc(C#N)ccc3c1C2=O,7.822521217457678,-0.8933467497808123,0,train,8.106653250219187,-0.8975084799538908,0.004161730173078526,0.004161730173078526
CC1(C)c2cc(N3CCN(C4CCS(=O)(=O)CC4)CC3)c(Br)cc2C(=O)c2c1[nH]c1cc(C#N)ccc21,8.945386945443111,-0.9515991313356003,0,train,8.0484008686644,-0.9475876853250802,-0.00401144601052017,0.00401144601052017
COc1cc2c(cc1SC(C)C)C(=O)c1c([nH]c3cc(C#N)ccc13)C2(C)C,8.024522236834125,-0.9044191848671614,0,train,8.095580815132838,-0.9080139730419158,0.0035947881747543375,0.0035947881747543375
CC(C)C1(N2CCOCC2)CCN(c2cc3c(cn2)C(=O)c2c([nH]c4cc(C#N)ccc24)C3(C)C)CC1,8.028260409112221,-0.9046214510608717,0,train,8.095378548939129,-0.9011485686389232,-0.00347288242194832,0.00347288242194832
Cn1cc(-c2ccc3c(c2)C(C)(C)c2[nH]c4cc(C#N)ccc4c2C3=O)cn1,8.26464066699829,-0.9172239759071885,0,train,8.082776024092812,-0.9138542191413298,-0.0033697567658586003,0.0033697567658586003
CC1(C)c2ccc(OCc3cccnc3)cc2C(=O)c2c1[nH]c1cc(C#N)ccc21,8.14923127307112,-0.9111166431437522,0,train,8.088883356856249,-0.9143517319115578,0.0032350887678056495,0.0032350887678056495
CC1(C)c2cc(C3CCN(CC4(O)CCOCC4)CC3)ccc2C(=O)c2c1[nH]c1cc(C#N)ccc21,7.795880017344075,-0.8918651464786298,0,train,8.10813485352137,-0.8887839018550348,-0.0030812446235950475,0.0030812446235950475
CCOc1cc2c(cc1N1CCC(N3CCOCC3)CC1)C(C)(C)c1[nH]c3cc(C#N)ccc3c1C2=O,8.657577319177793,-0.9373963788403047,0,train,8.062603621159695,-0.9344196854382038,-0.0029766934021010494,0.0029766934021010494
CCCc1cc2c(cc1N1CCN(C3CCC3)CC1)C(C)(C)c1[nH]c3cc(C#N)ccc3c1C2=O,8.752026733638193,-0.942108635572287,0,train,8.057891364427713,-0.9393976916748861,-0.002710943897400897,0.002710943897400897
CCc1cc2c(cc1N1CCC(NC3CCCCC3)CC1)C(C)(C)c1[nH]c3cc(C#N)ccc3c1C2=O,8.72330847115496,-0.9406812301454082,0,train,8.059318769854592,-0.9379932405192563,-0.00268798962615191,0.00268798962615191
CC1(C)c2ccc(OC[C@H](O)CO)cc2C(=O)c2c1[nH]c1cc(C#N)ccc21,8.362710452321826,-0.9223470601788115,0,train,8.077652939821188,-0.9197598377715259,-0.0025872224072857053,0.0025872224072857053
C#Cc1cc2c(cc1N1CCOCC1)C(C)(C)c1[nH]c3cc(C#N)ccc3c1C2=O,8.622329560665676,-0.9356246183373137,0,train,8.064375381662686,-0.9381739966038316,0.002549378266518021,0.002549378266518021
COc1cc2c(cc1C#CC(=O)O)C(=O)c1c([nH]c3cc(C#N)ccc13)C2(C)C,8.176004408844033,-0.9125411169804759,0,train,8.087458883019524,-0.9150838321291356,0.002542715148659558,0.002542715148659558
CC1(C)c2cc(OC3CCN(CCF)CC3)ccc2C(=O)c2c1[nH]c1cc(C#N)ccc21,8.460798400705873,-0.9274113470414275,0,train,8.072588652958572,-0.9250653219596203,-0.002346025081807257,0.002346025081807257
CC1(C)c2cc(OCCN3CCNC3=O)ccc2C(=O)c2c1[nH]c1cc(C#N)ccc21,8.210489795909746,-0.9143690656841144,0,train,8.085630934315885,-0.9120297715305157,-0.002339294153598681,0.002339294153598681
CC(=O)NCCOc1ccc2c(c1)C(C)(C)c1[nH]c3cc(C#N)ccc3c1C2=O,7.935542010773082,-0.8995765951423925,0,train,8.100423404857608,-0.897729616190299,-0.0018469789520935143,0.0018469789520935143
CC1(C)c2ccc(N3CCCC3)cc2C(=O)c2c1[nH]c1cc(C#N)ccc21,7.920456992597094,-0.8987502401295768,0,train,8.101249759870424,-0.9005269700921269,0.001776729962550072,0.001776729962550072
CC1(C)c2cc(N3CCC(S(C)(=O)=O)C3)ccc2C(=O)c2c1[nH]c1cc(C#N)ccc21,7.789815294527593,-0.8915271601734054,0,train,8.108472839826595,-0.8931908327285004,0.0016636725550950304,0.0016636725550950304
CC1(C)c2cc(CC3CCN(S(N)(=O)=O)CC3)ccc2C(=O)c2c1[nH]c1cc(C#N)ccc21,8.137987948749783,-0.9105170423868482,0,train,8.089482957613152,-0.9121786169256084,0.0016615745387602576,0.0016615745387602576
C=Cc1ccc2c(c1)C(C)(C)c1[nH]c3cc(C#N)ccc3c1C2=O,7.828712449347139,-0.8936903416079188,0,train,8.106309658392082,-0.8922011385947336,-0.0014892030131852252,0.0014892030131852252
Cc1c(C#N)ccc2c3c([nH]c12)C(C)(C)c1cc(OC[C@H](O)CO)ccc1C3=O,8.218963061378869,-0.9148170285950122,0,train,8.085182971404988,-0.9133821438763272,-0.0014348847186850255,0.0014348847186850255
C#Cc1cc2c(cc1N1CCN(C3COC3)CC1)C(C)(C)c1[nH]c3cc(C#N)ccc3c1C2=O,8.568636235841012,-0.9329117061263558,0,train,8.067088293873644,-0.9340139478958731,0.0011022417695173425,0.0011022417695173425
CC1(C)c2cc(CNCC(F)(F)F)ccc2C(=O)c2c1[nH]c1cc(C#N)ccc21,7.925951930937367,-0.8990514341107174,0,train,8.100948565889283,-0.900088408883741,0.001036974773023558,0.001036974773023558
CC1(C)c2cc(OCCN)ccc2C(=O)c2c1[nH]c1cc(C#N)ccc21,8.096367483915762,-0.9082902120222571,0,train,8.091709787977743,-0.9092644299285649,0.000974217906307695,0.000974217906307695
CCc1cc2c(cc1N1CCN(CC3(O)CC(C)OC(C)C3)CC1)C(C)(C)c1[nH]c3cc(C#N)ccc3c1C2=O,8.619788758288394,-0.9354966228741536,0,train,8.064503377125847,-0.9364377283598347,0.0009411054856811596,0.0009411054856811596
Cc1cc2c(cc1N1CCC(N3CCOCC3)CC1)C(C)(C)c1[nH]c3cc(C#N)ccc3c1C2=O,8.583193128177056,-0.9336488845810791,0,train,8.066351115418922,-0.9345649466166018,0.0009160620355226357,0.0009160620355226357
CC1(C)c2cc(N3CCN(C4CCC4)CC3)c(C#CC3CCC3)cc2C(=O)c2c1[nH]c1cc(C#N)ccc21,9.236572006437065,-0.9655108202549876,0,train,8.034489179745012,-0.9646168815290314,-0.0008939387259562226,0.0008939387259562226
CC1(C)c2cc(OCC(=O)NCC(O)CO)ccc2C(=O)c2c1[nH]c1cc(C#N)ccc21,7.7569371351951935,-0.8896902717911668,0,train,8.110309728208833,-0.8905671279470312,0.0008768561558644139,0.0008768561558644139
CC1(C)c2cc(C(=O)NC3COC3)ccc2C(=O)c2c1[nH]c1cc(C#N)ccc21,7.636613686250581,-0.8829008214821092,0,train,8.11709917851789,-0.8821757206481631,-0.0007251008339461684,0.0007251008339461684
CC1(C)c2cc(OCC(N)=O)ccc2C(=O)c2c1[nH]c1cc(C#N)ccc21,7.765786525161404,-0.8901854479897496,0,train,8.109814552010251,-0.8895162032399068,-0.0006692447498428677,0.0006692447498428677
CC(C)N(CCS(=O)(=O)c1ccc2c(c1)C(C)(C)c1[nH]c3cc(C#N)ccc3c1C2=O)C(C)C,7.826143861013731,-0.8935478268856659,0,train,8.106452173114334,-0.8929028326680419,-0.0006449942176239842,0.0006449942176239842
CC1(C)c2cc(N3CCN(C4COC4)CC3)c(C#CCN3CCN(C4COC4)CC3)cc2C(=O)c2c1[nH]c1cc(C#N)ccc21,9.001740661576301,-0.9543264968418784,0,train,8.045673503158122,-0.954955564122163,0.0006290672802845565,0.0006290672802845565
CC1(C)c2cc(OC3COC3)ccc2C(=O)c2c1[nH]c1cc(C#N)ccc21,7.75168335965822,-0.8893960243675605,0,train,8.11060397563244,-0.8887849234280537,-0.0006111009395067812,0.0006111009395067812
CC1(C)c2ccc(N3CCN(C4COC4)CC3)cc2C(=O)c2c1[nH]c1cc(C#N)ccc21,7.159266765388193,-0.8548685452055927,0,train,8.145131454794408,-0.8554737308133065,0.0006051856077137208,0.0006051856077137208
CC1(C)c2cc(N3CCN(C4COC4)CC3)c(C#CC3CC3)cc2C(=O)c2c1[nH]c1cc(C#N)ccc21,9.055024091587953,-0.9568896101254819,0,train,8.043110389874519,-0.9563634003587886,-0.0005262097666933752,0.0005262097666933752
CCc1cc2c(cc1N1CCC(N3CCOCC3)CC1)C(C)(C)c1[nH]c3cc(NC(=O)c4ccccc4)ccc3c1C2=O,6.37177153308096,-0.804260195299045,0,train,8.195739804700954,-0.8047758819596647,0.0005156866606196298,0.0005156866606196298
CCc1cc2c(cc1N1CCN(C3CCC3)CC1)C(C)(C)c1[nH]c3cc(C#N)ccc3c1C2=O,8.619788758288394,-0.9354966228741536,0,train,8.064503377125847,-0.9359903765436621,0.0004937536695085454,0.0004937536695085454
CCN(CC)CCOc1ccc2c(c1)C(C)(C)c1[nH]c3cc(C#N)ccc3c1C2=O,8.096910013008056,-0.908319312664939,0,train,8.09168068733506,-0.9087823615172838,0.00046304885234471627,0.00046304885234471627
CC1(C)c2cc(C(O)CO)ccc2C(=O)c2c1[nH]c1cc(C#N)ccc21,7.924672065836741,-0.8989812995403555,0,train,8.101018700459644,-0.8994309614972206,0.00044966195686502175,0.00044966195686502175
CC1(C)c2cc(OC3CCNCC3)ccc2C(=O)c2c1[nH]c1cc(C#N)c(F)cc21,8.242679903453327,-0.9160684347626472,0,train,8.083931565237354,-0.9163067440283599,0.0002383092657126662,0.0002383092657126662
CC(C)(C)NCCOc1ccc2c(c1)C(C)(C)c1[nH]c3cc(C#N)ccc3c1C2=O,8.171984935776024,-0.9123275573833937,0,train,8.087672442616606,-0.9121657358776284,-0.0001618215057651584,0.0001618215057651584
CC#Cc1cc2c(cc1N1CCC(N3CCOCC3)CC1)C1(CCOCC1)c1[nH]c3cc(C#N)ccc3c1C2=O,9.045757490560677,-0.9564449404822993,0,train,8.0435550595177,-0.9563513221407511,-9.361834154808513e-05,9.361834154808513e-05
CC1(C)c2cc(OCCNS(N)(=O)=O)ccc2C(=O)c2c1[nH]c1cc(C#N)ccc21,8.116338564846382,-0.9093601548938073,0,train,8.090639845106192,-0.9094033731172391,4.321822343189563e-05,4.321822343189563e-05
