smiles,chembl_id,exp_mean [nM],class
Cc1nc(C)c(-c2ccnc(Nc3ccc(O)cc3)n2)s1,CHEMBL442957,320.0,False
Cc1nc(C)c(-c2ccnc(N)n2)s1,CHEMBL47302,16000.0,False
Cc1nc(C)c(-c2ccnc(Nc3ccccc3F)n2)s1,CHEMBL297447,1200.0,False
CNc1nc(C)c(-c2ccnc(Nc3cccc(O)c3)n2)s1,CHEMBL44119,370.0,False
Cc1nc(C)c(-c2ccnc(Nc3cccc(C#N)c3)n2)s1,CHEMBL47132,480.0,False
Cc1nc(C)c(-c2ccnc(Nc3cccc(N)c3)n2)s1,CHEMBL47636,10640.0,False
Cc1nc(C)c(-c2ccnc(Nc3ccc(N(C)C)c(Cl)c3)n2)s1,CHEMBL433068,1000.0,False
Cc1nc(N)sc1-c1ccnc(Nc2ccc(O)cc2)n1,CHEMBL431336,320.0,False
Cc1nc(C)c(-c2ccnc(Nc3cccc(O)c3)n2)s1,CHEMBL47527,210.0,False
Cc1nc(N)sc1-c1ccnc(Nc2cccc([N+](=O)[O-])c2)n1,CHEMBL298445,53.0,True
Cc1nc(N)sc1-c1ccnc(Nc2ccc(N(C)C)cc2)n1,CHEMBL295398,900.0,False
CNc1nc(C)c(-c2ccnc(Nc3cccc([N+](=O)[O-])c3)n2)s1,CHEMBL46429,1600.0,False
Cc1nc(C)c(-c2ccnc(Nc3ccccc3)n2)s1,CHEMBL295127,2600.0,False
CNc1nc(C)c(-c2ccnc(Nc3ccc(O)cc3)n2)s1,CHEMBL47590,320.0,False
Cc1nc(C)c(-c2ccnc(Nc3ccc(N(C)C)c([N+](=O)[O-])c3)n2)s1,CHEMBL295484,270.0,False
Cc1nc(C)c(-c2ccnc(Nc3cccc(F)c3)n2)s1,CHEMBL432116,900.0,False
Cc1nc(N(C)C)sc1-c1ccnc(Nc2cccc([N+](=O)[O-])c2)n1,CHEMBL46401,5300.0,False
C=CCNc1nc(C)c(-c2ccnc(Nc3cccc([N+](=O)[O-])c3)n2)s1,CHEMBL47249,7100.0,False
Cc1nc(C)c(-c2ccnc(Nc3cccc(Cl)c3)n2)s1,CHEMBL44712,9400.0,False
Cc1[nH]c(C(N)=O)c(C)c1-c1ccnc(Nc2ccc(F)cc2)n1,CHEMBL362722,420.0,False
Cc1[nH]c([N+](=O)[O-])c(C)c1-c1ccnc(Nc2ccc(F)cc2)n1,CHEMBL364767,120.0,False
Cc1[nH]c(Cl)c(C)c1-c1ccnc(Nc2ccc(F)cc2)n1,CHEMBL365245,1910.0,False
Cc1[nH]c(Br)c(C)c1-c1ccnc(Nc2ccc(F)cc2)n1,CHEMBL185099,1600.0,False
Cc1c[nH]c(C)c1-c1ccnc(Nc2cccc([N+](=O)[O-])c2)n1,CHEMBL364408,4170.0,False
Cc1[nH]c(C#N)c(C)c1-c1ccnc(Nc2cccc([N+](=O)[O-])c2)n1,CHEMBL264345,960.0,False
Cc1ccc(Nc2nccc(-c3c(C)[nH]c(C#N)c3C)n2)cc1[N+](=O)[O-],CHEMBL183158,180.0,False
Cc1[nH]c(C#N)c(C)c1-c1ccnc(Nc2ccc(O)cc2)n1,CHEMBL184253,260.0,False
Cc1[nH]c(C#N)c(C)c1-c1ccnc(Nc2cccc(O)c2)n1,CHEMBL360530,180.0,False
Cc1ccc(Nc2nccc(-c3c(C)[nH]c(C#N)c3C)n2)cc1O,CHEMBL359623,220.0,False
Cc1cc(Nc2nccc(-c3c(C)[nH]c(C#N)c3C)n2)ccc1F,CHEMBL185310,300.0,False
Cc1[nH]c(C#N)c(C)c1-c1ccnc(Nc2ccc(F)cc2)n1,CHEMBL185323,900.0,False
c1ccc(Nc2nccc(-c3cnn4ncccc34)n2)cc1,CHEMBL359554,150.0,False
COc1cccc(Nc2nccc(-c3cnn4ncccc34)n2)c1,CHEMBL187081,60.0,True
N#Cc1ccc(Nc2nccc(-c3cnn4ncccc34)n2)cc1,CHEMBL359794,60.0,True
O=[N+]([O-])c1ccc(Nc2nccc(-c3cnn4ncccc34)n2)cc1,CHEMBL188938,20.0,True
CC(C)c1ccc(Nc2nccc(-c3cnn4ncccc34)n2)cc1,CHEMBL359963,1990.0,False
CCC(C)c1ccc(Nc2nccc(-c3cnn4ncccc34)n2)cc1,CHEMBL185871,310.0,False
CC(C)(C)c1ccc(Nc2nccc(-c3cnn4ncccc34)n2)cc1,CHEMBL364587,1990.0,False
COc1ccc(Nc2nccc(-c3cnn4ncccc34)n2)cc1OC,CHEMBL186054,190.0,False
c1cnn2ncc(-c3ccnc(Nc4ccc5c(c4)OCO5)n3)c2c1,CHEMBL189455,790.0,False
c1cnn2ncc(-c3ccnc(Nc4ccc5c(c4)OCCO5)n3)c2c1,CHEMBL361894,10.0,True
c1cnn2ncc(-c3ccnc(Nc4ccc5c(c4)OCCCO5)n3)c2c1,CHEMBL186708,310.0,False
Clc1ccc(Nc2nccc(-c3cnn4ncccc34)n2)cc1Cl,CHEMBL186890,1990.0,False
FC(F)(F)c1cc(Nc2nccc(-c3cnn4ncccc34)n2)ccc1Cl,CHEMBL188665,10.0,True
COc1cc(Nc2nccc(-c3cnn4ncccc34)n2)cc(OC)c1,CHEMBL359999,10.0,True
COc1cc(Nc2nccc(-c3cnn4ncccc34)n2)cc(C(F)(F)F)c1,CHEMBL360206,190.0,False
FC(F)(F)c1cc(Br)cc(Nc2nccc(-c3cnn4ncccc34)n2)c1,CHEMBL365229,250.0,False
Fc1cc(F)cc(Nc2nccc(-c3cnn4ncccc34)n2)c1,CHEMBL184510,60.0,True
Clc1cc(Cl)cc(Nc2nccc(-c3cnn4ncccc34)n2)c1,CHEMBL361697,1990.0,False
Cc1cc(C)cc(Nc2nccc(-c3cnn4ncccc34)n2)c1,CHEMBL186101,1580.0,False
COc1ccc2c(-c3ccnc(Nc4ccc(C#N)cc4)n3)cnn2n1,CHEMBL189352,150.0,False
COc1ccc2c(-c3ccnc(Nc4ccc([N+](=O)[O-])cc4)n3)cnn2n1,CHEMBL186288,100.0,False
COc1ccc2c(-c3ccnc(Nc4ccc5c(c4)OCCO5)n3)cnn2n1,CHEMBL188785,1580.0,False
Cc1ccc2c(-c3ccnc(Nc4cccc(C(F)(F)F)c4)n3)cnn2n1,CHEMBL187006,30.0,True
COc1cc(Nc2nccc(-c3cnn4nc(C)ccc34)n2)cc(C(F)(F)F)c1,CHEMBL186680,390.0,False
Cc1ccc2c(-c3ccnc(Nc4ccc5c(c4)OCCO5)n3)cnn2n1,CHEMBL434337,70.0,True
Cc1nc(N)sc1-c1ccnc(Nc2ccc(N3CCOCC3)cc2)n1,CHEMBL482967,1090.0,False
CC(=O)N1CCN(c2ccc(Nc3nccc(-c4sc(C)nc4C)n3)cc2)CC1,CHEMBL1083786,929.0,False
CNc1nc(C)c(-c2ccnc(Nc3ccc(N4CCN(C(C)=O)CC4)cc3)n2)s1,CHEMBL1083785,22.0,True
CC(=O)N1CCN(c2ccc(Nc3nccc(-c4sc(N)nc4C)n3)cc2)CC1,CHEMBL1084969,1248.0,False
CCNc1nc(C)c(-c2ccnc(Nc3ccc(N4CCOCC4)cc3)n2)s1,CHEMBL1084630,196.0,False
CNc1nc(C)c(-c2ccnc(Nc3ccc(N4CCOCC4)cc3)n2)s1,CHEMBL1084629,943.0,False
Cc1nc(C)c(-c2ccnc(Nc3ccc(N4CCOCC4)cc3)n2)s1,CHEMBL1085626,2170.0,False
CCNc1nc(C)c(-c2ccnc(Nc3ccc(CNC(C)=O)cc3)n2)s1,CHEMBL1084715,38.0,True
CNc1nc(C)c(-c2ccnc(Nc3cc(OC)c(OC)c(OC)c3)n2)s1,CHEMBL1083152,955.0,False
COc1cc(Nc2nccc(-c3sc(C)nc3C)n2)cc(OC)c1OC,CHEMBL1083151,666.0,False
Cc1nc(C)c(-c2ccnc(Nc3ccc(N)cc3)n2)s1,CHEMBL1084454,807.0,False
CNc1ccc(Nc2nccc(-c3sc(C)nc3C)n2)cc1,CHEMBL1083150,840.0,False
CC(C)(C)c1cnc(CSc2cnc(NC(=O)C3CCNCC3)s2)o1,CHEMBL296468,925.0,False
CN1CC[C@H](c2c(O)cc(O)c3c(=O)cc(-c4ccccc4Cl)oc23)[C@H](O)C1,CHEMBL428690,40.0,True
COc1ccc(F)c(F)c1C(=O)c1cnc(NC2CCN(S(C)(=O)=O)CC2)nc1N,CHEMBL384304,1.0,True
C[C@@]1(O)CCC[C@H]1n1c(=O)c(C(F)F)cc2cnc(NC3CCN(S(C)(=O)=O)CC3)nc21,CHEMBL4446357,0.13,True
CNc1nc(C)c(-c2nc(Nc3ccc(N4CCC(N(C)C)CC4)cn3)ncc2F)s1,CHEMBL5287062,2.0,True
CC(=O)c1c(C)c2cnc(NC3CCN(S(C)(=O)=O)CC3)nc2n(C2CCCC2)c1=O,CHEMBL5280928,0.2,True
