BindingDB_ID,smiles,value,standard_type,pIC50,CuratedSmiles,IsSalt,FailedSanit
50036138,CC12CCC3C(CCC4=CC(=O)CCC34C)C1CCC2=O,300.0,IC50(nM),6.522878745280337,CC12CCC3C(CCC4=CC(=O)CCC43C)C1CCC2=O,False,False
16624,C[C@]12CCC3C(CCC4=CC(=O)CC[C@]34C)C1CCC2=O,300.0,IC50(nM),6.522878745280337,C[C@]12CCC(=O)C=C1CCC1C2CC[C@]2(C)C(=O)CCC12,False,False
50744234,C[C@]12CC[C@H]3[C@@H](CCC4=CC(=O)CC[C@]34C)[C@@H]1CC[C@@H]2O,,IC50(nM),,C[C@]12CC[C@H]3[C@@H](CCC4=CC(=O)CC[C@@]43C)[C@@H]1CC[C@@H]2O,False,False
16610,C[C@H]1CC2C3CCC(=O)C3(C)CCC2C2(C)C=CC(=O)C=C12,620.0,IC50(nM),6.2076083105017466,C[C@H]1CC2C(CCC3(C)C(=O)CCC23)C2(C)C=CC(=O)C=C12,False,False
16611,CC[C@H]1CC2C3CCC(=O)C3(C)CCC2C2(C)C=CC(=O)C=C12,250.0,IC50(nM),6.6020599913279625,CC[C@H]1CC2C(CCC3(C)C(=O)CCC23)C2(C)C=CC(=O)C=C12,False,False
16612,CCC[C@H]1CC2C3CCC(=O)C3(C)CCC2C2(C)C=CC(=O)C=C12,270.0,IC50(nM),6.568636235841013,CCC[C@H]1CC2C(CCC3(C)C(=O)CCC23)C2(C)C=CC(=O)C=C12,False,False
16613,CCCC[C@H]1CC2C3CCC(=O)C3(C)CCC2C2(C)C=CC(=O)C=C12,200.0,IC50(nM),6.698970004336019,CCCC[C@H]1CC2C(CCC3(C)C(=O)CCC23)C2(C)C=CC(=O)C=C12,False,False
16614,CCCCC[C@H]1CC2C3CCC(=O)C3(C)CCC2C2(C)C=CC(=O)C=C12,140.0,IC50(nM),6.853871964321762,CCCCC[C@H]1CC2C(CCC3(C)C(=O)CCC23)C2(C)C=CC(=O)C=C12,False,False
16615,CCCCCC[C@H]1CC2C3CCC(=O)C3(C)CCC2C2(C)C=CC(=O)C=C12,280.0,IC50(nM),6.552841968657781,CCCCCC[C@H]1CC2C(CCC3(C)C(=O)CCC23)C2(C)C=CC(=O)C=C12,False,False
16616,CCCCCCC[C@H]1CC2C3CCC(=O)C3(C)CCC2C2(C)C=CC(=O)C=C12,250.0,IC50(nM),6.6020599913279625,CCCCCCC[C@H]1CC2C(CCC3(C)C(=O)CCC23)C2(C)C=CC(=O)C=C12,False,False
16617,C[C@@H]1CC2C3CCC(=O)C3(C)CCC2C2(C)C=CC(=O)C=C12,520.0,IC50(nM),6.2839966563652006,C[C@@H]1CC2C(CCC3(C)C(=O)CCC23)C2(C)C=CC(=O)C=C12,False,False
16618,CC[C@@H]1CC2C3CCC(=O)C3(C)CCC2C2(C)C=CC(=O)C=C12,54.0,IC50(nM),7.267606240177032,CC[C@@H]1CC2C(CCC3(C)C(=O)CCC23)C2(C)C=CC(=O)C=C12,False,False
16619,CCC[C@@H]1CC2C3CCC(=O)C3(C)CCC2C2(C)C=CC(=O)C=C12,60.0,IC50(nM),7.221848749616356,CCC[C@@H]1CC2C(CCC3(C)C(=O)CCC23)C2(C)C=CC(=O)C=C12,False,False
16620,CCCC[C@@H]1CC2C3CCC(=O)C3(C)CCC2C2(C)C=CC(=O)C=C12,180.0,IC50(nM),6.7447274948966935,CCCC[C@@H]1CC2C(CCC3(C)C(=O)CCC23)C2(C)C=CC(=O)C=C12,False,False
16621,CCCCC[C@@H]1CC2C3CCC(=O)C3(C)CCC2C2(C)C=CC(=O)C=C12,54.0,IC50(nM),7.267606240177032,CCCCC[C@@H]1CC2C(CCC3(C)C(=O)CCC23)C2(C)C=CC(=O)C=C12,False,False
16622,CCCCCC[C@@H]1CC2C3CCC(=O)C3(C)CCC2C2(C)C=CC(=O)C=C12,76.0,IC50(nM),7.119186407719209,CCCCCC[C@@H]1CC2C(CCC3(C)C(=O)CCC23)C2(C)C=CC(=O)C=C12,False,False
16623,CCCCCCC[C@@H]1CC2C3CCC(=O)C3(C)CCC2C2(C)C=CC(=O)C=C12,60.0,IC50(nM),7.221848749616356,CCCCCCC[C@@H]1CC2C(CCC3(C)C(=O)CCC23)C2(C)C=CC(=O)C=C12,False,False
16625,CC12CCC3C(CCC4=CC(=O)C=CC34C)C1CCC2=O,530.0,IC50(nM),6.275724130399211,CC12C=CC(=O)C=C1CCC1C2CCC2(C)C(=O)CCC12,False,False
16626,C[C@H]1CC2C3CCC(=O)C3(C)CCC2C2(C)CCCC=C12,37.0,IC50(nM),7.431798275933005,C[C@H]1CC2C3CCC(=O)C3(C)CCC2C2(C)CCCC=C12,False,False
16627,CC[C@H]1CC2C3CCC(=O)C3(C)CCC2C2(C)CCCC=C12,110.0,IC50(nM),6.958607314841775,CC[C@H]1CC2C3CCC(=O)C3(C)CCC2C2(C)CCCC=C12,False,False
16628,CCC[C@H]1CC2C3CCC(=O)C3(C)CCC2C2(C)CCCC=C12,230.0,IC50(nM),6.638272163982407,CCC[C@H]1CC2C3CCC(=O)C3(C)CCC2C2(C)CCCC=C12,False,False
16629,CCCCC[C@H]1CC2C3CCC(=O)C3(C)CCC2C2(C)CCCC=C12,9000.0,IC50(nM),5.045757490560675,CCCCC[C@H]1CC2C3CCC(=O)C3(C)CCC2C2(C)CCCC=C12,False,False
16630,CCCCCCCC[C@H]1CC2C3CCC(=O)C3(C)CCC2C2(C)CCCC=C12,,IC50(nM),,CCCCCCCC[C@H]1CC2C3CCC(=O)C3(C)CCC2C2(C)CCCC=C12,False,False
16631,C[C@@H]1CC2C3CCC(=O)C3(C)CCC2C2(C)CCCC=C12,49.0,IC50(nM),7.309803919971486,C[C@@H]1CC2C3CCC(=O)C3(C)CCC2C2(C)CCCC=C12,False,False
16632,CC[C@@H]1CC2C3CCC(=O)C3(C)CCC2C2(C)CCCC=C12,320.0,IC50(nM),6.494850021680094,CC[C@@H]1CC2C3CCC(=O)C3(C)CCC2C2(C)CCCC=C12,False,False
16633,CCC[C@@H]1CC2C3CCC(=O)C3(C)CCC2C2(C)CCCC=C12,440.0,IC50(nM),6.356547323513812,CCC[C@@H]1CC2C3CCC(=O)C3(C)CCC2C2(C)CCCC=C12,False,False
16634,CCCCC[C@@H]1CC2C3CCC(=O)C3(C)CCC2C2(C)CCCC=C12,12000.0,IC50(nM),4.920818753952375,CCCCC[C@@H]1CC2C3CCC(=O)C3(C)CCC2C2(C)CCCC=C12,False,False
16635,CCCCCCCC[C@@H]1CC2C3CCC(=O)C3(C)CCC2C2(C)CCCC=C12,,IC50(nM),,CCCCCCCC[C@@H]1CC2C3CCC(=O)C3(C)CCC2C2(C)CCCC=C12,False,False
16636,CC12CCC3C(C[C@H](O)C4=CCCCC34C)C1CCC2=O,190.0,IC50(nM),6.721246399047171,CC12CCC3C(C[C@H](O)C4=CCCCC43C)C1CCC2=O,False,False
16639,CC12CCC3C(C[C@@H](O)C4=CCCCC34C)C1CCC2=O,50.0,IC50(nM),7.301029995663981,CC12CCC3C(C[C@@H](O)C4=CCCCC43C)C1CCC2=O,False,False
16652,CC12CCC3C(CCC4=CCCCC34C)C1CCC2=O,60.0,IC50(nM),7.221848749616356,CC12CCC3C(CCC4=CCCCC43C)C1CCC2=O,False,False
16654,C[C@]12CCC3C(CC=C4[C@H](O)CCC[C@]34C)C1CCC2=O,860.0,IC50(nM),6.0655015487564325,C[C@]12CCC[C@@H](O)C1=CCC1C2CC[C@]2(C)C(=O)CCC12,False,False
16656,C[C@]12CCC3C(CC=C4[C@H](O)CCC[C@]34CO)C1CCC2=O,6800.0,IC50(nM),5.167491087293763,C[C@]12CCC3C(CC=C4[C@H](O)CCC[C@@]43CO)C1CCC2=O,False,False
16658,C[C@]12CCC3C(CC=C4[C@@H](O)CCC[C@]34C)C1CCC2=O,280.0,IC50(nM),6.552841968657781,C[C@]12CCC[C@H](O)C1=CCC1C2CC[C@]2(C)C(=O)CCC12,False,False
16660,C[C@]12CCC3C(CC=C4[C@@H](O)CCC[C@]34CO)C1CCC2=O,31.0,IC50(nM),7.508638306165727,C[C@]12CCC3C(CC=C4[C@@H](O)CCC[C@@]43CO)C1CCC2=O,False,False
16663,C[C@]12CCC3C(C[C@H](O)C4=CCCC[C@]34C)C1CCC2=O,190.0,IC50(nM),6.721246399047171,C[C@]12CCCC=C1[C@@H](O)CC1C2CC[C@]2(C)C(=O)CCC12,False,False
16664,C[C@]12CCC3C(C[C@H](O)C4=CCCC[C@]34CO)C1CCC2=O,1400.0,IC50(nM),5.853871964321762,C[C@]12CCC3C(C[C@H](O)C4=CCCC[C@@]43CO)C1CCC2=O,False,False
16665,C[C@]12CCC3C(C[C@@H](O)C4=CCCC[C@]34C)C1CCC2=O,50.0,IC50(nM),7.301029995663981,C[C@]12CCCC=C1[C@H](O)CC1C2CC[C@]2(C)C(=O)CCC12,False,False
16666,C[C@]12CCC3C(C[C@@H](O)C4=CCCC[C@]34CO)C1CCC2=O,940.0,IC50(nM),6.026872146400302,C[C@]12CCC3C(C[C@@H](O)C4=CCCC[C@@]43CO)C1CCC2=O,False,False
16667,C[C@]12CCC3C(CCC4=CCCC[C@]34C)C1CCC2=O,60.0,IC50(nM),7.221848749616356,C[C@]12CCCC=C1CCC1C2CC[C@]2(C)C(=O)CCC12,False,False
16668,C[C@]12CCC3C(CCC4=CCCC[C@]34CO)C1CCC2=O,49.0,IC50(nM),7.309803919971486,C[C@]12CCC3C(CCC4=CCCC[C@@]43CO)C1CCC2=O,False,False
16669,C[C@]12CCC3C(CC=C4CCCC[C@]34C)C1CCC2=O,660.0,IC50(nM),6.180456064458132,C[C@]12CCCCC1=CCC1C2CC[C@]2(C)C(=O)CCC12,False,False
16670,C[C@]12CCC3C(CC=C4CCCC[C@]34CO)C1CCC2=O,6900.0,IC50(nM),5.161150909262744,C[C@]12CCC3C(CC=C4CCCC[C@@]43CO)C1CCC2=O,False,False
16739,CSC[C@]12CCC(=O)C=C1CCC1C3CCC(=O)[C@@]3(C)CCC21,42.0,IC50(nM),7.376750709602099,CSC[C@]12CCC(=O)C=C1CCC1C2CC[C@]2(C)C(=O)CCC12,False,False
16740,CSCC[C@]12CCC(=O)C=C1CCC1C3CCC(=O)[C@@]3(C)CC=C21,12.0,IC50(nM),7.920818753952375,CSCC[C@]12CCC(=O)C=C1CCC1C2=CC[C@]2(C)C(=O)CCC12,False,False
16741,CSCC[C@]12CCC(=O)C=C1CCC1C3CCC(=O)[C@@]3(C)CCC21,22.0,IC50(nM),7.657577319177793,CSCC[C@]12CCC(=O)C=C1CCC1C2CC[C@]2(C)C(=O)CCC12,False,False
16742,CCSCC[C@]12CCC(=O)C=C1CCC1C3CCC(=O)[C@@]3(C)CC=C21,870.0,IC50(nM),6.060480747381382,CCSCC[C@]12CCC(=O)C=C1CCC1C2=CC[C@]2(C)C(=O)CCC12,False,False
16743,CSCCC[C@]12CCC(=O)C=C1CCC1C3CCC(=O)[C@@]3(C)CC=C21,,IC50(nM),,CSCCC[C@]12CCC(=O)C=C1CCC1C2=CC[C@]2(C)C(=O)CCC12,False,False
16744,CN(C)CC[C@]12CCC(=O)C=C1CCC1C3CCC(=O)[C@@]3(C)CC=C21,,IC50(nM),,CN(C)CC[C@]12CCC(=O)C=C1CCC1C2=CC[C@]2(C)C(=O)CCC12,False,False
16745,COCC[C@]12CCC(=O)C=C1CCC1C3CCC(=O)[C@@]3(C)CC=C21,10000.0,IC50(nM),5.0,COCC[C@]12CCC(=O)C=C1CCC1C2=CC[C@]2(C)C(=O)CCC12,False,False
16746,C[C@]12CC=C3C(CCC4=CC(=O)CC[C@]34CCI)C1CCC2=O,,IC50(nM),,C[C@]12CC=C3C(CCC4=CC(=O)CC[C@@]43CCI)C1CCC2=O,False,False
16759,C[C@]12CC=C3C(CCC4=CC(=O)CC[C@]34CCSC=C)C1CCC2=O,50.0,IC50(nM),7.301029995663981,C=CSCC[C@]12CCC(=O)C=C1CCC1C2=CC[C@]2(C)C(=O)CCC12,False,False
16760,CSSCC[C@]12CCC(=O)C=C1CCC1C3CCC(=O)[C@@]3(C)CC=C21,,IC50(nM),,CSSCC[C@]12CCC(=O)C=C1CCC1C2=CC[C@]2(C)C(=O)CCC12,False,False
16763,C[C@]12CC=C3C(CCC4=CC(=O)CC[C@]34CCSC#C)C1CCC2=O,330.0,IC50(nM),6.481486060122113,C#CSCC[C@]12CCC(=O)C=C1CCC1C2=CC[C@]2(C)C(=O)CCC12,False,False
50754287,C[C@]12CC[C@H]3[C@@H](CCC4=CC(=O)C=C[C@]34C)[C@@H]1CCC2=O,,IC50(nM),,C[C@]12C=CC(=O)C=C1CC[C@@H]1[C@@H]2CC[C@]2(C)C(=O)CC[C@@H]12,False,False
50763919,CSC1=C2CCC3C4CCC(=O)[C@@]4(C)CCC3[C@@]2(C)CCC1=O,4400.0,IC50(nM),5.356547323513812,CSC1=C2CCC3C(CC[C@]4(C)C(=O)CCC34)[C@@]2(C)CCC1=O,False,False
50763921,C[C@]12CC=C3C(CCC4C(=O)C(=O)CC[C@]34C)C1CCC2=O,350.0,IC50(nM),6.455931955649724,C[C@]12CCC(=O)C(=O)C1CCC1C2=CC[C@]2(C)C(=O)CCC12,False,False
50668527,C[C@]12CC=C3C(CCC4C(=S)C(=O)CC[C@]34C)C1CCC2=O,3800.0,IC50(nM),5.42021640338319,C[C@]12CCC(=O)C(=S)C1CCC1C2=CC[C@]2(C)C(=O)CCC12,False,False
50059220,C[C@]12CCC3C(CCC4=C(SCCl)C(=O)CC[C@]34C)C1CCC2=O,940.0,IC50(nM),6.026872146400302,C[C@]12CCC(=O)C(SCCl)=C1CCC1C2CC[C@]2(C)C(=O)CCC12,False,False
50763933,COCOC1=C2CCC3C4CCC(=O)[C@@]4(C)CCC3[C@@]2(C)CCC1=O,4400.0,IC50(nM),5.356547323513812,COCOC1=C2CCC3C(CC[C@]4(C)C(=O)CCC34)[C@@]2(C)CCC1=O,False,False
50033913,CC12CCC3C(CCC4=CCCCC34C)C1C[C@@H](Br)C2=O,4100.0,IC50(nM),5.3872161432802645,CC12CCC3C(CCC4=CCCCC43C)C1C[C@@H](Br)C2=O,False,False
50033907,CC12CCC3C(CCC4=CCCCC34C)C1C[C@H](Br)C2=O,5900.0,IC50(nM),5.229147988357856,CC12CCC3C(CCC4=CCCCC43C)C1C[C@H](Br)C2=O,False,False
50650035,CC12CCC3C(CCC4=CCCCC34C(F)F)C1CCC2=O,1200.0,IC50(nM),5.920818753952375,CC12CCC3C(CCC4=CCCCC43C(F)F)C1CCC2=O,False,False
50017408,C[C@]12CCC3C(CCC4=CC(=O)CC[C@]34C3CS3)C1CCC2=O,,IC50(nM),,C[C@]12CCC3C(CCC4=CC(=O)CC[C@@]43C3CS3)C1CCC2=O,False,False
50017407,C[C@]12CCC3C(CCC4=CC(=O)CC[C@@]34C3CS3)C1CCC2=O,,IC50(nM),,C[C@]12CCC3C(CCC4=CC(=O)CC[C@]43C3CS3)C1CCC2=O,False,False
50017403,C[C@]12CCC3C(CCC4=CC(=O)CC[C@@]34C3CO3)C1CCC2=O,,IC50(nM),,C[C@]12CCC3C(CCC4=CC(=O)CC[C@]43C3CO3)C1CCC2=O,False,False
50017405,C[C@]12CCC3C(CCC4=CC(=O)CC[C@]34C3CO3)C1CCC2=O,,IC50(nM),,C[C@]12CCC3C(CCC4=CC(=O)CC[C@@]43C3CO3)C1CCC2=O,False,False
50017736,C[C@]12CCC3C(CCC4=CC(=O)[C@H]5C[C@@H](O)[C@@]34C5)C1CCC2=O,,IC50(nM),,C[C@]12CCC3C(CCC4=CC(=O)[C@H]5C[C@@H](O)[C@]43C5)C1CCC2=O,False,False
50017737,C[C@]12CCC3C(CCC4=CC(=O)CC[C@]34C(=O)CBr)C1CCC2=O,,IC50(nM),,C[C@]12CCC3C(CCC4=CC(=O)CC[C@@]43C(=O)CBr)C1CCC2=O,False,False
50017738,C[C@]12CCC3C(CCC4=CC(=O)[C@H]5C[C@H](O)[C@@]34C5)C1CCC2=O,,IC50(nM),,C[C@]12CCC3C(CCC4=CC(=O)[C@H]5C[C@H](O)[C@]43C5)C1CCC2=O,False,False
50017739,C[C@]12CCC3C(CCC4=CC(=O)[C@H]5CC[C@@]34C5)C1CCC2=O,,IC50(nM),,C[C@]12CCC3C(CCC4=CC(=O)[C@H]5CC[C@]43C5)C1CCC2=O,False,False
50017740,C[C@]12CCC3C(CCC4=CC(=O)CC[C@]34C(O)CBr)C1CCC2=O,,IC50(nM),,C[C@]12CCC3C(CCC4=CC(=O)CC[C@@]43C(O)CBr)C1CCC2=O,False,False
50017741,C[C@]12CCC3C(CCC4=CC(=O)CC[C@]34C(O)CCl)C1CCC2=O,,IC50(nM),,C[C@]12CCC3C(CCC4=CC(=O)CC[C@@]43C(O)CCl)C1CCC2=O,False,False
50017743,C[C@]12CCC3C(CCC4=CC(=O)CC[C@]34C(O)CI)C1CCC2=O,,IC50(nM),,C[C@]12CCC3C(CCC4=CC(=O)CC[C@@]43C(O)CI)C1CCC2=O,False,False
50754262,C[C@]12CCC3C(CCC4=CC(=O)C(C)(C)C[C@]34C)C1CCC2=O,,IC50(nM),,CC1(C)C[C@@]2(C)C(=CC1=O)CCC1C2CC[C@]2(C)C(=O)CCC12,False,False
50754264,C[C@@]12CCCC1C1CCC3=CC(=O)C=C[C@]3(C)C1CC2,,IC50(nM),,C[C@@]12CCCC1C1CCC3=CC(=O)C=C[C@]3(C)C1CC2,False,False
50754269,C[C@]12CCC3C(CCC4=CC(=C)CC[C@]34C)C1CCC2=O,,IC50(nM),,C=C1C=C2CCC3C(CC[C@]4(C)C(=O)CCC34)[C@@]2(C)CC1,False,False
50754275,C[C@]12CCC3C(CCC4=CC(=O)CC[C@]34C(F)F)C1CCC2=O,,IC50(nM),,C[C@]12CCC3C(CCC4=CC(=O)CC[C@@]43C(F)F)C1CCC2=O,False,False
50754279,C[C@]12CCC3C(CCC4=CC(=O)CC[C@]34C=C)C1CCC2=O,,IC50(nM),,C=C[C@]12CCC(=O)C=C1CCC1C2CC[C@]2(C)C(=O)CCC12,False,False
50754278,CC[C@]12CCC(=O)C=C1CCC1C3CCC(=O)[C@@]3(C)CCC21,,IC50(nM),,CC[C@]12CCC(=O)C=C1CCC1C2CC[C@]2(C)C(=O)CCC12,False,False
50754281,C\C=C\[C@]12CCC(=O)C=C1CCC1C3CCC(=O)[C@@]3(C)CCC21,,IC50(nM),,C/C=C/[C@]12CCC(=O)C=C1CCC1C2CC[C@]2(C)C(=O)CCC12,False,False
50754291,CCC[C@]12CCC(=O)C=C1CCC1C3CCC(=O)[C@@]3(C)CCC21,,IC50(nM),,CCC[C@]12CCC(=O)C=C1CCC1C2CC[C@]2(C)C(=O)CCC12,False,False
50752156,C[C@]12CCC3C(CCC4=CC(=O)CC[C@]34CS)C1CCC2=O,,IC50(nM),,C[C@]12CCC3C(CCC4=CC(=O)CC[C@@]43CS)C1CCC2=O,False,False
50752157,C[C@]12CCC3C(CCC4=CC(=O)CC[C@]34S)C1CC[C@@H]2O,,IC50(nM),,C[C@]12CCC3C(CCC4=CC(=O)CC[C@@]43S)C1CC[C@@H]2O,False,False
50752158,C[C@]12CCC3C(CCC4=CC(=O)CC[C@]34S)C1CCC2=O,,IC50(nM),,C[C@]12CCC3C(CCC4=CC(=O)CC[C@@]43S)C1CCC2=O,False,False
50752582,CC(=O)C1(C)CCC2C(CCC3=CC(=O)C=CC23C)C1,,IC50(nM),,CC(=O)C1(C)CCC2C(CCC3=CC(=O)C=CC32C)C1,False,False
50752588,CC12CCCC1C1CCC3=CC(=O)C=CC3(C)C1CC2,,IC50(nM),,CC12CCCC1C1CCC3=CC(=O)C=CC3(C)C1CC2,False,False
50752585,CCC(=O)C1(C)CCC2C(CCC3=CC(=O)C=CC23C)C1,,IC50(nM),,CCC(=O)C1(C)CCC2C(CCC3=CC(=O)C=CC32C)C1,False,False
50752590,CC1(CCC2C(CCC3=CC(=O)C=CC23C)C1)C=O,,IC50(nM),,CC1(C=O)CCC2C(CCC3=CC(=O)C=CC32C)C1,False,False
50049005,CC12CCC3C(C1CCC2=O)[C@@H](CCc1ccccc1)CC1=CC(=O)CCC31C,,IC50(nM),,CC12CCC3C(C1CCC2=O)[C@@H](CCc1ccccc1)CC1=CC(=O)CCC13C,False,False
50049007,CC12CCC3C(C1CC[C@@H]2O)[C@H](CCc1ccccc1)CC1=CC(=O)CCC31C,,IC50(nM),,CC12CCC(=O)C=C1C[C@@H](CCc1ccccc1)C1C2CCC2(C)C1CC[C@@H]2O,False,False
50049008,CC12CCC3C(C1CCC2=O)[C@@H](Cc1ccccc1)CC1=CC(=O)CCC31C,,IC50(nM),,CC12CCC3C(C1CCC2=O)[C@@H](Cc1ccccc1)CC1=CC(=O)CCC13C,False,False
50049009,CC12CCC3C(C1CCC2=O)[C@H](CCCc1ccccc1)CC1=CC(=O)CCC31C,,IC50(nM),,CC12CCC3C(C1CCC2=O)[C@H](CCCc1ccccc1)CC1=CC(=O)CCC13C,False,False
50049010,CC12CCC3C(C1CCC2=O)[C@H](Cc1ccccc1)CC1=CC(=O)CCC31C,,IC50(nM),,CC12CCC3C(C1CCC2=O)[C@H](Cc1ccccc1)CC1=CC(=O)CCC13C,False,False
50049012,CC12CCC3C(C1CC[C@@H]2O)[C@H](Cc1ccccc1)CC1=CC(=O)CCC31C,,IC50(nM),,CC12CCC(=O)C=C1C[C@@H](Cc1ccccc1)C1C2CCC2(C)C1CC[C@@H]2O,False,False
50049011,CC12CCC3C(C1CCC2=O)[C@H](CCc1ccccc1)CC1=CC(=O)CCC31C,,IC50(nM),,CC12CCC3C(C1CCC2=O)[C@H](CCc1ccccc1)CC1=CC(=O)CCC13C,False,False
50036136,CC12CCC3C(C1CCC2O)C(=O)C=C1CCCCC31CO,140000.0,IC50(nM),3.853871964321762,CC12CCC3C(C(=O)C=C4CCCCC43CO)C1CCC2O,False,False
50036106,CC12CCC3C(C1CCC2=O)C(=O)C=C1C=CCCC31CO,60000.0,IC50(nM),4.221848749616356,CC12CCC3C(C(=O)C=C4C=CCCC43CO)C1CCC2=O,False,False
50036137,CC12CCC3C(C1CCC2=O)C(=O)C=C1CCCCC31CO,56000.0,IC50(nM),4.251811972993799,CC12CCC3C(C(=O)C=C4CCCCC43CO)C1CCC2=O,False,False
50036115,CC12CCC3C(C1CCC2O)C(=O)C=C1CCCCC31C,42000.0,IC50(nM),4.376750709602099,CC12CCCCC1=CC(=O)C1C2CCC2(C)C(O)CCC12,False,False
50036130,CC12CCC3C(C1CC[C@@H]2O)C(=O)C=C1C=CCCC31C,42000.0,IC50(nM),4.376750709602099,CC12CCC=CC1=CC(=O)C1C2CCC2(C)C1CC[C@@H]2O,False,False
50036117,CC12CCC3C(C1CCC2=O)C(=O)C=C1CCCCC31C,1800.0,IC50(nM),5.7447274948966935,CC12CCC3C(C(=O)C=C4CCCCC43C)C1CCC2=O,False,False
50036128,CC12CCC3C(CC=C4CCCCC34C)C1C[C@@H](Br)C2=O,55000.0,IC50(nM),4.259637310505756,CC12CCC3C(CC=C4CCCCC43C)C1C[C@@H](Br)C2=O,False,False
50036111,CC12CCC3C4CCCCC4=CC(=O)C3C1CCC2=O,28000.0,IC50(nM),4.552841968657781,CC12CCC3C4CCCCC4=CC(=O)C3C1CCC2=O,False,False
50036112,CC12CCC3C(CC=C4CCCCC34C=O)C1CCC2=O,9000.0,IC50(nM),5.045757490560675,CC12CCC3C(CC=C4CCCCC43C=O)C1CCC2=O,False,False
50036114,CC12CCC3C(CC=C4C=CCCC34C)C1CCC2=O,340.0,IC50(nM),6.468521082957745,CC12CCC3C(CC=C4C=CCCC43C)C1CCC2=O,False,False
50036110,CC12CCC3C(C1CCC2=O)C(=O)C=C1C=CCCC31C=O,11000.0,IC50(nM),4.958607314841775,CC12CCC3C(C(=O)C=C4C=CCCC43C=O)C1CCC2=O,False,False
50036126,CC12CCC3C(C1CCC2=O)C(=O)C=C1CCCCC31C=O,60000.0,IC50(nM),4.221848749616356,CC12CCC3C(C(=O)C=C4CCCCC43C=O)C1CCC2=O,False,False
50036109,CC12CCC3C4CCC=CC4=CC(=O)C3C1CCC2=O,33000.0,IC50(nM),4.481486060122113,CC12CCC3C4CCC=CC4=CC(=O)C3C1CCC2=O,False,False
50036121,CC12CCC3C(C1CCC2=O)C(=O)C=C1C=CCCC31C,1800.0,IC50(nM),5.7447274948966935,CC12CCC3C(C(=O)C=C4C=CCCC43C)C1CCC2=O,False,False
50036113,CC12CCC3C(CCC4=CC(=O)CCC34)C1CCC2=O,1200.0,IC50(nM),5.920818753952375,CC12CCC3C4CCC(=O)C=C4CCC3C1CCC2=O,False,False
50065854,CC[C@H]1CC2C3CCC(=O)C3(C)CCC2C2(C)CCC(=O)C=C12,260.0,IC50(nM),6.585026652029182,CC[C@H]1CC2C3CCC(=O)C3(C)CCC2C2(C)CCC(=O)C=C12,False,False
50065855,C[C@H]1CC2C3CCC(=O)C3(C)CCC2C2(C)CCC(=O)C=C12,350.0,IC50(nM),6.455931955649724,C[C@H]1CC2C3CCC(=O)C3(C)CCC2C2(C)CCC(=O)C=C12,False,False
50038847,CC(C)[C@H]1CC2C3CCC(=O)C3(C)CCC2C2(C)CCC(=O)C=C12,1400.0,IC50(nM),5.853871964321762,CC(C)[C@H]1CC2C3CCC(=O)C3(C)CCC2C2(C)CCC(=O)C=C12,False,False
50038797,CC(C)[C@@H]1CC2C3CCC(=O)C3(C)CCC2C2(C)CCC(=O)C=C12,1100.0,IC50(nM),5.958607314841775,CC(C)[C@@H]1CC2C3CCC(=O)C3(C)CCC2C2(C)CCC(=O)C=C12,False,False
50065864,CCCC[C@@H]1CC2C3CCC(=O)C3(C)CCC2C2(C)CCC(=O)C=C12,510.0,IC50(nM),6.292429823902063,CCCC[C@@H]1CC2C3CCC(=O)C3(C)CCC2C2(C)CCC(=O)C=C12,False,False
50038794,CCC[C@H]1CC2C3CCC(=O)C3(C)CCC2C2(C)CCC(=O)C=C12,390.0,IC50(nM),6.4089353929735005,CCC[C@H]1CC2C3CCC(=O)C3(C)CCC2C2(C)CCC(=O)C=C12,False,False
50038811,CC12CCC3C(C[C@H](Cc4ccccc4)C4=CC(=O)CCC34C)C1CCC2=O,660.0,IC50(nM),6.180456064458132,CC12CCC3C(C[C@H](Cc4ccccc4)C4=CC(=O)CCC43C)C1CCC2=O,False,False
50065875,CC12CCC3C(C[C@@H](C#C)C4=CC(=O)CCC34C)C1CCC2=O,1900.0,IC50(nM),5.721246399047171,C#C[C@@H]1CC2C3CCC(=O)C3(C)CCC2C2(C)CCC(=O)C=C12,False,False
50038821,CCC[C@@H]1CC2C3CCC(=O)C3(C)CCC2C2(C)CCC(=O)C=C12,240.0,IC50(nM),6.619788758288394,CCC[C@@H]1CC2C3CCC(=O)C3(C)CCC2C2(C)CCC(=O)C=C12,False,False
50038791,CC12CCC3C(C[C@@H](C4=CC(=O)CCC34C)c3ccccc3)C1CCC2=O,1100.0,IC50(nM),5.958607314841775,CC12CCC3C(C[C@H](c4ccccc4)C4=CC(=O)CCC43C)C1CCC2=O,False,False
50038843,CC12CCC3C(C[C@@H](C=C)C4=CC(=O)CCC34C)C1CCC2=O,320.0,IC50(nM),6.494850021680094,C=C[C@@H]1CC2C3CCC(=O)C3(C)CCC2C2(C)CCC(=O)C=C12,False,False
50065867,CCCC[C@H]1CC2C3CCC(=O)C3(C)CCC2C2(C)CCC(=O)C=C12,790.0,IC50(nM),6.102372908709558,CCCC[C@H]1CC2C3CCC(=O)C3(C)CCC2C2(C)CCC(=O)C=C12,False,False
50065884,CC12CCC3C(C[C@H](C4=CC(=O)CCC34C)c3ccccc3)C1CCC2=O,1700.0,IC50(nM),5.769551078621726,CC12CCC3C(C[C@@H](c4ccccc4)C4=CC(=O)CCC43C)C1CCC2=O,False,False
50038853,CC12CCC3C(C[C@@H](Cc4ccccc4)C4=CC(=O)CCC34C)C1CCC2=O,4000.0,IC50(nM),5.3979400086720375,CC12CCC3C(C[C@@H](Cc4ccccc4)C4=CC(=O)CCC43C)C1CCC2=O,False,False
50065876,C[C@@H]1CC2C3CCC(=O)C3(C)CCC2C2(C)CCC(=O)C=C12,720.0,IC50(nM),6.142667503568732,C[C@@H]1CC2C3CCC(=O)C3(C)CCC2C2(C)CCC(=O)C=C12,False,False
50065885,CC[C@@H]1CC2C3CCC(=O)C3(C)CCC2C2(C)CCC(=O)C=C12,140.0,IC50(nM),6.853871964321762,CC[C@@H]1CC2C3CCC(=O)C3(C)CCC2C2(C)CCC(=O)C=C12,False,False
50103417,CC12CCC3C(C[C@H](CC#C)C4=CC(=O)CCC34C)C1CCC2=O,176.0,IC50(nM),6.7544873321858505,C#CC[C@H]1CC2C3CCC(=O)C3(C)CCC2C2(C)CCC(=O)C=C12,False,False
50103419,CC12CCC3C(C[C@@H](CC#C)C4=CC(=O)CCC34)C1CCC2=O,275.0,IC50(nM),6.560667306169737,C#CC[C@@H]1CC2C(CCC3(C)C(=O)CCC23)C2CCC(=O)C=C21,False,False
50103420,CC12CCC3C(C[C@H](CC#C)C4=CC(=O)CCC34)C1CCC2=O,187.5,IC50(nM),6.726998727936262,C#CC[C@H]1CC2C(CCC3(C)C(=O)CCC23)C2CCC(=O)C=C21,False,False
50103421,CC12CCC3C(C[C@@H](CC#C)C4=CC(=O)CCC34C)C1CCC2=O,31.0,IC50(nM),7.508638306165727,C#CC[C@@H]1CC2C3CCC(=O)C3(C)CCC2C2(C)CCC(=O)C=C12,False,False
50418471,C[C@]12CC[C@H]3[C@@H](CCC4=CC(=O)[C@H](F)C[C@]34C)[C@@H]1CCC2=O,970.0,IC50(nM),6.013228265733755,C[C@]12C[C@@H](F)C(=O)C=C1CC[C@@H]1[C@@H]2CC[C@]2(C)C(=O)CC[C@@H]12,False,False
50501696,C[C@]12CC[C@H]3[C@@H](CC[C@H]4C(=O)C(O)=C(C[C@]34C)C#N)[C@@H]1CC[C@@H]2O,1020.0,IC50(nM),5.991399828238082,C[C@]12CC(C#N)=C(O)C(=O)[C@@H]1CC[C@@H]1[C@@H]2CC[C@]2(C)[C@@H](O)CC[C@@H]12,False,False
50418478,C[C@]12CC[C@H]3[C@@H](CCC4=CC(=O)CC[C@]34C)[C@@H]1C\C(=C/c1ccncc1)C2=O,5200.0,IC50(nM),5.2839966563652006,C[C@]12CCC(=O)C=C1CC[C@@H]1[C@@H]2CC[C@]2(C)C(=O)/C(=C/c3ccncc3)C[C@@H]12,False,False
50418479,CC(=O)[C@@]1(C)CC[C@H]2[C@@H](C=CC3=CC(=O)CC[C@]23C)[C@@H]1CC#N,220.0,IC50(nM),6.657577319177793,CC(=O)[C@@]1(C)CC[C@H]2[C@@H](C=CC3=CC(=O)CC[C@@]32C)[C@@H]1CC#N,False,False
50418481,CC(=O)[C@@]1(C)CC[C@H]2[C@@H](CCC3=CC(=O)CC[C@]23C)[C@@H]1CC#N,420.0,IC50(nM),6.376750709602099,CC(=O)[C@@]1(C)CC[C@H]2[C@@H](CCC3=CC(=O)CC[C@@]32C)[C@@H]1CC#N,False,False
50418697,CC[C@@H]1C[C@]2(C)[C@H]3CC[C@@]4(C)[C@@H](CCC4=O)[C@@H]3CCC2=CC1=O,480.0,IC50(nM),6.318758762624412,CC[C@@H]1C[C@@]2(C)C(=CC1=O)CC[C@@H]1[C@@H]2CC[C@]2(C)C(=O)CC[C@@H]12,False,False
50418699,C[C@]12CC[C@H]3[C@H]([C@@H]1CCC2=O)[C@H](CC=C)CC1=CC(=O)C=C[C@]31C,470.0,IC50(nM),6.327902142064283,C=CC[C@@H]1CC2=CC(=O)C=C[C@]2(C)[C@H]2CC[C@]3(C)C(=O)CC[C@H]3[C@H]12,False,False
50448283,C[C@@H]1C[C@]2(C)[C@H]3CC[C@@]4(C)[C@@H](CCC4=O)[C@@H]3CCC2=CC1=O,690.0,IC50(nM),6.161150909262744,C[C@@H]1C[C@@]2(C)C(=CC1=O)CC[C@@H]1[C@@H]2CC[C@]2(C)C(=O)CC[C@@H]12,False,False
50448284,C[C@]12CC[C@H]3[C@@H](CCC4=CC(=O)C(C)(C)C[C@]34C)[C@@H]1CCC2=O,89.0,IC50(nM),7.050609993355087,CC1(C)C[C@@]2(C)C(=CC1=O)CC[C@@H]1[C@@H]2CC[C@]2(C)C(=O)CC[C@@H]12,False,False
50448287,C[C@]12CC[C@H]3[C@@H](CCC4=CC(=O)C(=C)C[C@]34C)[C@@H]1CCC2=O,550.0,IC50(nM),6.259637310505756,C=C1C[C@@]2(C)C(=CC1=O)CC[C@@H]1[C@@H]2CC[C@]2(C)C(=O)CC[C@@H]12,False,False
50448288,C[C@H]1C[C@]2(C)[C@H]3CC[C@@]4(C)[C@@H](CCC4=O)[C@@H]3CCC2=CC1=O,250.0,IC50(nM),6.6020599913279625,C[C@H]1C[C@@]2(C)C(=CC1=O)CC[C@@H]1[C@@H]2CC[C@]2(C)C(=O)CC[C@@H]12,False,False
50448335,C[C@]12CC[C@H]3[C@@H](CCC4=CC(=O)[C@H](Cl)C[C@]34C)[C@@H]1CCC2=O,,IC50(nM),,C[C@]12C[C@@H](Cl)C(=O)C=C1CC[C@@H]1[C@@H]2CC[C@]2(C)C(=O)CC[C@@H]12,False,False
50448349,C[C@]12CC[C@H]3[C@@H](CCC4=CC(=O)[C@H](Br)C[C@]34C)[C@@H]1CCC2=O,,IC50(nM),,C[C@]12C[C@@H](Br)C(=O)C=C1CC[C@@H]1[C@@H]2CC[C@]2(C)C(=O)CC[C@@H]12,False,False
50448351,C[C@]12CC[C@H]3[C@@H](CCC4=CC(=O)[C@H](O)C[C@]34C)[C@@H]1CCC2=O,,IC50(nM),,C[C@]12C[C@@H](O)C(=O)C=C1CC[C@@H]1[C@@H]2CC[C@]2(C)C(=O)CC[C@@H]12,False,False
50448352,CO[C@@H]1C[C@]2(C)[C@H]3CC[C@@]4(C)[C@@H](CCC4=O)[C@@H]3CCC2=CC1=O,,IC50(nM),,CO[C@@H]1C[C@@]2(C)C(=CC1=O)CC[C@@H]1[C@@H]2CC[C@]2(C)C(=O)CC[C@@H]12,False,False
50448353,CCO[C@@H]1C[C@]2(C)[C@H]3CC[C@@]4(C)[C@@H](CCC4=O)[C@@H]3CCC2=CC1=O,,IC50(nM),,CCO[C@@H]1C[C@@]2(C)C(=CC1=O)CC[C@@H]1[C@@H]2CC[C@]2(C)C(=O)CC[C@@H]12,False,False
50448354,C[C@]12CC[C@H]3[C@@H](CC(=O)C4=CC(=O)CC[C@]34C)[C@@H]1C[C@@H](Br)C2=O,,IC50(nM),,C[C@]12CCC(=O)C=C1C(=O)C[C@@H]1[C@@H]2CC[C@]2(C)C(=O)[C@H](Br)C[C@@H]12,False,False
50448355,C[C@]12CC[C@H]3[C@@H](CC(=O)C4=CC(=O)CC[C@]34C)[C@@H]1C[C@@H](O)C2=O,,IC50(nM),,C[C@]12CCC(=O)C=C1C(=O)C[C@@H]1[C@@H]2CC[C@]2(C)C(=O)[C@H](O)C[C@@H]12,False,False
50448356,CO[C@@H]1CC[C@]2(C)[C@H]3CC[C@@]4(C)[C@@H](CCC4=O)[C@@H]3CC(=O)C2=C1,,IC50(nM),,CO[C@H]1C=C2C(=O)C[C@@H]3[C@H](CC[C@]4(C)C(=O)CC[C@@H]34)[C@@]2(C)CC1,False,False
50448358,CC1=C[C@]2(C)[C@H]3CC[C@@]4(C)[C@@H](CCC4=O)[C@@H]3CCC2=CC1=O,,IC50(nM),,CC1=C[C@@]2(C)C(=CC1=O)CC[C@@H]1[C@@H]2CC[C@]2(C)C(=O)CC[C@@H]12,False,False
50448361,CCCCCCC1=C[C@]2(C)[C@H]3CC[C@@]4(C)[C@@H](CCC4=O)[C@@H]3CCC2=C(O)C1=O,,IC50(nM),,CCCCCCC1=C[C@@]2(C)C(=C(O)C1=O)CC[C@@H]1[C@@H]2CC[C@]2(C)C(=O)CC[C@@H]12,False,False
50448364,C[C@]12CC[C@H]3[C@@H](CC=C4C(=O)CCC[C@]34C)[C@@H]1CCC2=O,,IC50(nM),,C[C@]12CCCC(=O)C1=CC[C@@H]1[C@@H]2CC[C@]2(C)C(=O)CC[C@@H]12,False,False
50448365,C[C@]12CC[C@H]3[C@@H](CC=C4[C@@H](O)CCC[C@]34C)[C@@H]1CCC2=O,,IC50(nM),,C[C@]12CCC[C@H](O)C1=CC[C@@H]1[C@@H]2CC[C@]2(C)C(=O)CC[C@@H]12,False,False
50448371,CCCCC[C@@H]1C[C@H]2[C@@H]3CCC(=O)[C@@]3(C)CC[C@@H]2[C@@]2(C)CCC(=O)C=C12,,IC50(nM),,CCCCC[C@@H]1C[C@@H]2[C@H](CC[C@]3(C)C(=O)CC[C@@H]23)[C@@]2(C)CCC(=O)C=C12,False,False
50448372,CCCCCC[C@@H]1C[C@H]2[C@@H]3CCC(=O)[C@@]3(C)CC[C@@H]2[C@@]2(C)CCC(=O)C=C12,,IC50(nM),,CCCCCC[C@@H]1C[C@@H]2[C@H](CC[C@]3(C)C(=O)CC[C@@H]23)[C@@]2(C)CCC(=O)C=C12,False,False
50448373,CCCCCCCC[C@@H]1C[C@H]2[C@@H]3CCC(=O)[C@@]3(C)CC[C@@H]2[C@@]2(C)CCC(=O)C=C12,,IC50(nM),,CCCCCCCC[C@@H]1C[C@@H]2[C@H](CC[C@]3(C)C(=O)CC[C@@H]23)[C@@]2(C)CCC(=O)C=C12,False,False
50448374,CCCCC[C@H]1C[C@H]2[C@@H]3CCC(=O)[C@@]3(C)CC[C@@H]2[C@@]2(C)CCC(=O)C=C12,,IC50(nM),,CCCCC[C@H]1C[C@@H]2[C@H](CC[C@]3(C)C(=O)CC[C@@H]23)[C@@]2(C)CCC(=O)C=C12,False,False
50448375,CCCCCC[C@H]1C[C@H]2[C@@H]3CCC(=O)[C@@]3(C)CC[C@@H]2[C@@]2(C)CCC(=O)C=C12,,IC50(nM),,CCCCCC[C@H]1C[C@@H]2[C@H](CC[C@]3(C)C(=O)CC[C@@H]23)[C@@]2(C)CCC(=O)C=C12,False,False
50448376,CCCCCCCC[C@H]1C[C@H]2[C@@H]3CCC(=O)[C@@]3(C)CC[C@@H]2[C@@]2(C)CCC(=O)C=C12,,IC50(nM),,CCCCCCCC[C@H]1C[C@@H]2[C@H](CC[C@]3(C)C(=O)CC[C@@H]23)[C@@]2(C)CCC(=O)C=C12,False,False
50448377,C[C@H]1C[C@H]2[C@@H]3CCC(=O)[C@@]3(C)CC[C@@H]2[C@@]2(C)CCCC=C12,,IC50(nM),,C[C@H]1C[C@@H]2[C@H](CC[C@]3(C)C(=O)CC[C@@H]23)[C@@]2(C)CCCC=C12,False,False
50448378,C[C@@H]1C[C@H]2[C@@H]3CCC(=O)[C@@]3(C)CC[C@@H]2[C@@]2(C)CCCC=C12,,IC50(nM),,C[C@@H]1C[C@@H]2[C@H](CC[C@]3(C)C(=O)CC[C@@H]23)[C@@]2(C)CCCC=C12,False,False
50448383,CC[C@H]1C[C@H]2[C@@H]3CCC(=O)[C@@]3(C)CC[C@@H]2[C@@]2(C)CCCC=C12,,IC50(nM),,CC[C@H]1C[C@@H]2[C@H](CC[C@]3(C)C(=O)CC[C@@H]23)[C@@]2(C)CCCC=C12,False,False
50448387,CC1=C[C@H]2[C@@H]3CCC(=O)[C@@]3(C)CC[C@@H]2[C@@]2(C)CCC(=O)C=C12,,IC50(nM),,CC1=C[C@@H]2[C@H](CC[C@]3(C)C(=O)CC[C@@H]23)[C@@]2(C)CCC(=O)C=C12,False,False
50448388,CCC1=C[C@H]2[C@@H]3CCC(=O)[C@@]3(C)CC[C@@H]2[C@@]2(C)CCC(=O)C=C12,,IC50(nM),,CCC1=C[C@@H]2[C@H](CC[C@]3(C)C(=O)CC[C@@H]23)[C@@]2(C)CCC(=O)C=C12,False,False
50448389,CCCC1=C[C@H]2[C@@H]3CCC(=O)[C@@]3(C)CC[C@@H]2[C@@]2(C)CCC(=O)C=C12,,IC50(nM),,CCCC1=C[C@@H]2[C@H](CC[C@]3(C)C(=O)CC[C@@H]23)[C@@]2(C)CCC(=O)C=C12,False,False
50448390,CCCCC1=C[C@H]2[C@@H]3CCC(=O)[C@@]3(C)CC[C@@H]2[C@@]2(C)CCC(=O)C=C12,,IC50(nM),,CCCCC1=C[C@@H]2[C@H](CC[C@]3(C)C(=O)CC[C@@H]23)[C@@]2(C)CCC(=O)C=C12,False,False
50448391,CCCCCC1=C[C@H]2[C@@H]3CCC(=O)[C@@]3(C)CC[C@@H]2[C@@]2(C)CCC(=O)C=C12,,IC50(nM),,CCCCCC1=C[C@@H]2[C@H](CC[C@]3(C)C(=O)CC[C@@H]23)[C@@]2(C)CCC(=O)C=C12,False,False
50448392,CCCCCCC1=C[C@H]2[C@@H]3CCC(=O)[C@@]3(C)CC[C@@H]2[C@@]2(C)CCC(=O)C=C12,,IC50(nM),,CCCCCCC1=C[C@@H]2[C@H](CC[C@]3(C)C(=O)CC[C@@H]23)[C@@]2(C)CCC(=O)C=C12,False,False
50448393,CCCCCCCC1=C[C@H]2[C@@H]3CCC(=O)[C@@]3(C)CC[C@@H]2[C@@]2(C)CCC(=O)C=C12,,IC50(nM),,CCCCCCCC1=C[C@@H]2[C@H](CC[C@]3(C)C(=O)CC[C@@H]23)[C@@]2(C)CCC(=O)C=C12,False,False
50448394,C[C@]12CC[C@H]3[C@@H](C=CC4=CC(=O)CC[C@]34C)[C@@H]1CCC2=O,,IC50(nM),,C[C@]12CCC(=O)C=C1C=C[C@@H]1[C@@H]2CC[C@]2(C)C(=O)CC[C@@H]12,False,False
50448395,CC1=C[C@H]2[C@@H]3CCC(=O)[C@@]3(C)CC[C@@H]2[C@@]2(C)C=CC(=O)C=C12,,IC50(nM),,CC1=C[C@@H]2[C@H](CC[C@]3(C)C(=O)CC[C@@H]23)[C@@]2(C)C=CC(=O)C=C12,False,False
50448396,CCC1=C[C@H]2[C@@H]3CCC(=O)[C@@]3(C)CC[C@@H]2[C@@]2(C)C=CC(=O)C=C12,,IC50(nM),,CCC1=C[C@@H]2[C@H](CC[C@]3(C)C(=O)CC[C@@H]23)[C@@]2(C)C=CC(=O)C=C12,False,False
50448397,CCCC1=C[C@H]2[C@@H]3CCC(=O)[C@@]3(C)CC[C@@H]2[C@@]2(C)C=CC(=O)C=C12,,IC50(nM),,CCCC1=C[C@@H]2[C@H](CC[C@]3(C)C(=O)CC[C@@H]23)[C@@]2(C)C=CC(=O)C=C12,False,False
50448398,CCCCC1=C[C@H]2[C@@H]3CCC(=O)[C@@]3(C)CC[C@@H]2[C@@]2(C)C=CC(=O)C=C12,,IC50(nM),,CCCCC1=C[C@@H]2[C@H](CC[C@]3(C)C(=O)CC[C@@H]23)[C@@]2(C)C=CC(=O)C=C12,False,False
50448399,CCCCCC1=C[C@H]2[C@@H]3CCC(=O)[C@@]3(C)CC[C@@H]2[C@@]2(C)C=CC(=O)C=C12,,IC50(nM),,CCCCCC1=C[C@@H]2[C@H](CC[C@]3(C)C(=O)CC[C@@H]23)[C@@]2(C)C=CC(=O)C=C12,False,False
50448400,CCCCCCC1=C[C@H]2[C@@H]3CCC(=O)[C@@]3(C)CC[C@@H]2[C@@]2(C)C=CC(=O)C=C12,,IC50(nM),,CCCCCCC1=C[C@@H]2[C@H](CC[C@]3(C)C(=O)CC[C@@H]23)[C@@]2(C)C=CC(=O)C=C12,False,False
50448401,CCCCCCCC1=C[C@H]2[C@@H]3CCC(=O)[C@@]3(C)CC[C@@H]2[C@@]2(C)C=CC(=O)C=C12,,IC50(nM),,CCCCCCCC1=C[C@@H]2[C@H](CC[C@]3(C)C(=O)CC[C@@H]23)[C@@]2(C)C=CC(=O)C=C12,False,False
50448403,C[C@]12CC[C@H]3[C@@H](C[C@H](CCc4ccccc4)C4=CC(=O)CC[C@]34C)[C@@H]1CCC2=O,,IC50(nM),,C[C@]12CCC(=O)C=C1[C@@H](CCc1ccccc1)C[C@@H]1[C@@H]2CC[C@]2(C)C(=O)CC[C@@H]12,False,False
50448404,C[C@]12CC[C@H]3[C@@H](C[C@@H](CCCCc4ccccc4)C4=CC(=O)CC[C@]34C)[C@@H]1CCC2=O,,IC50(nM),,C[C@]12CCC(=O)C=C1[C@H](CCCCc1ccccc1)C[C@@H]1[C@@H]2CC[C@]2(C)C(=O)CC[C@@H]12,False,False
50448410,C[C@]12CC[C@H]3[C@@H](C[C@H](Br)C4=CC(=O)C(C)(C)C[C@]34C)[C@@H]1CCC2=O,,IC50(nM),,CC1(C)C[C@@]2(C)C(=CC1=O)[C@@H](Br)C[C@@H]1[C@@H]2CC[C@]2(C)C(=O)CC[C@@H]12,False,False
50448411,C[C@]12CC[C@H]3[C@@H](C[C@@H](Br)C4=CC(=O)C(C)(C)C[C@]34C)[C@@H]1CCC2=O,,IC50(nM),,CC1(C)C[C@@]2(C)C(=CC1=O)[C@H](Br)C[C@@H]1[C@@H]2CC[C@]2(C)C(=O)CC[C@@H]12,False,False
50448419,C[C@]12CC[C@H]3[C@@H](CC=C4C=CCC[C@]34C)[C@@H]1CCC2=O,,IC50(nM),,C[C@]12CCC=CC1=CC[C@@H]1[C@@H]2CC[C@]2(C)C(=O)CC[C@@H]12,False,False
50448458,C[C@H]1C[C@H]2[C@@H]3CCC(=O)[C@@]3(C)CC[C@@H]2[C@@]2(C)CCC(=O)C=C12,,IC50(nM),,C[C@H]1C[C@@H]2[C@H](CC[C@]3(C)C(=O)CC[C@@H]23)[C@@]2(C)CCC(=O)C=C12,False,False
50448459,CCCC[C@H]1C[C@H]2[C@@H]3CCC(=O)[C@@]3(C)CC[C@@H]2[C@@]2(C)CCC(=O)C=C12,,IC50(nM),,CCCC[C@H]1C[C@@H]2[C@H](CC[C@]3(C)C(=O)CC[C@@H]23)[C@@]2(C)CCC(=O)C=C12,False,False
50448460,C[C@]12CC[C@H]3[C@@H](C[C@H](Cc4ccccc4)C4=CC(=O)CC[C@]34C)[C@@H]1CCC2=O,,IC50(nM),,C[C@]12CCC(=O)C=C1[C@@H](Cc1ccccc1)C[C@@H]1[C@@H]2CC[C@]2(C)C(=O)CC[C@@H]12,False,False
50448461,C[C@@H]1C[C@H]2[C@@H]3CCC(=O)[C@@]3(C)CC[C@@H]2[C@@]2(C)CCC(=O)C=C12,,IC50(nM),,C[C@@H]1C[C@@H]2[C@H](CC[C@]3(C)C(=O)CC[C@@H]23)[C@@]2(C)CCC(=O)C=C12,False,False
50448462,CC[C@@H]1C[C@H]2[C@@H]3CCC(=O)[C@@]3(C)CC[C@@H]2[C@@]2(C)CCC(=O)C=C12,,IC50(nM),,CC[C@@H]1C[C@@H]2[C@H](CC[C@]3(C)C(=O)CC[C@@H]23)[C@@]2(C)CCC(=O)C=C12,False,False
50448463,CCCC[C@@H]1C[C@H]2[C@@H]3CCC(=O)[C@@]3(C)CC[C@@H]2[C@@]2(C)CCC(=O)C=C12,,IC50(nM),,CCCC[C@@H]1C[C@@H]2[C@H](CC[C@]3(C)C(=O)CC[C@@H]23)[C@@]2(C)CCC(=O)C=C12,False,False
50448464,C[C@]12CC[C@H]3[C@@H](C[C@@H](C=C)C4=CC(=O)CC[C@]34C)[C@@H]1CCC2=O,,IC50(nM),,C=C[C@@H]1C[C@@H]2[C@H](CC[C@]3(C)C(=O)CC[C@@H]23)[C@@]2(C)CCC(=O)C=C12,False,False
50448465,C\C=C1/C[C@H]2[C@@H]3CCC(=O)[C@@]3(C)CC[C@@H]2[C@@]2(C)CCC(=O)C=C12,,IC50(nM),,C/C=C1\C[C@@H]2[C@H](CC[C@]3(C)C(=O)CC[C@@H]23)[C@@]2(C)CCC(=O)C=C12,False,False
50448466,C[C@]12CC[C@H]3[C@@H](C[C@H](CC#C)C4=CC(=O)CC[C@]34C)[C@@H]1CCC2=O,,IC50(nM),,C#CC[C@H]1C[C@@H]2[C@H](CC[C@]3(C)C(=O)CC[C@@H]23)[C@@]2(C)CCC(=O)C=C12,False,False
50448467,C[C@]12CC[C@H]3[C@@H](C[C@@H](CC#C)C4=CC(=O)CC[C@]34C)[C@@H]1CCC2=O,,IC50(nM),,C#CC[C@@H]1C[C@@H]2[C@H](CC[C@]3(C)C(=O)CC[C@@H]23)[C@@]2(C)CCC(=O)C=C12,False,False
50448469,C[C@]12CC[C@H]3[C@@H](C[C@H](CC[N+]([O-])=O)C4=CC(=O)C=C[C@]34C)[C@@H]1CCC2=O,910.0,IC50(nM),6.040958607678906,C[C@]12C=CC(=O)C=C1[C@@H](CC[N+](=O)[O-])C[C@@H]1[C@@H]2CC[C@]2(C)C(=O)CC[C@@H]12,False,False
50448470,C[C@]12CC[C@H]3[C@@H](C[C@H](CC=O)C4=CC(=O)C=C[C@]34C)[C@@H]1CCC2=O,2500.0,IC50(nM),5.6020599913279625,C[C@]12C=CC(=O)C=C1[C@@H](CC=O)C[C@@H]1[C@@H]2CC[C@]2(C)C(=O)CC[C@@H]12,False,False
50448472,C[C@]12CC[C@H]3[C@@H](CCC4=CC(=O)CC[C@]34[C@@H]3CO3)[C@@H]1CCC2=O,,IC50(nM),,C[C@]12CC[C@H]3[C@@H](CCC4=CC(=O)CC[C@@]43[C@@H]3CO3)[C@@H]1CCC2=O,False,False
50448473,C[C@]12CC[C@H]3[C@@H](CCC4=CC(=O)CC[C@]34[C@H]3CO3)[C@@H]1CCC2=O,,IC50(nM),,C[C@]12CC[C@H]3[C@@H](CCC4=CC(=O)CC[C@@]43[C@H]3CO3)[C@@H]1CCC2=O,False,False
50448474,C[C@]12CC[C@H]3[C@@H](CCC4=CC(=O)CC[C@]34[C@@H]3CN3)[C@@H]1CCC2=O,,IC50(nM),,C[C@]12CC[C@H]3[C@@H](CCC4=CC(=O)CC[C@@]43[C@@H]3CN3)[C@@H]1CCC2=O,False,False
50448475,C[C@]12CC[C@H]3[C@@H](CCC4=CC(=O)CC[C@]34[C@H]3CN3)[C@@H]1CCC2=O,,IC50(nM),,C[C@]12CC[C@H]3[C@@H](CCC4=CC(=O)CC[C@@]43[C@H]3CN3)[C@@H]1CCC2=O,False,False
50448480,C[C@]12CC[C@H]3[C@@H](CC(=O)C4=CC(=O)C(C)(C)C[C@]34C)[C@@H]1CCC2=O,,IC50(nM),,CC1(C)C[C@@]2(C)C(=CC1=O)C(=O)C[C@@H]1[C@@H]2CC[C@]2(C)C(=O)CC[C@@H]12,False,False
50448481,C[C@]12CC[C@H]3[C@@H](CC(=O)C4=C(O)C(=O)C(C)(C)C[C@]34C)[C@@H]1CCC2=O,,IC50(nM),,CC1(C)C[C@@]2(C)C(=C(O)C1=O)C(=O)C[C@@H]1[C@@H]2CC[C@]2(C)C(=O)CC[C@@H]12,False,False
50448482,C[C@]12CC[C@H]3[C@@H](CC(=O)C4=C(O)C(=O)CC[C@]34C)[C@@H]1CCC2=O,,IC50(nM),,C[C@]12CCC(=O)C(O)=C1C(=O)C[C@@H]1[C@@H]2CC[C@]2(C)C(=O)CC[C@@H]12,False,False
50494764,C[C@]12CC=C3[C@@H](CCC4=CC(=O)CC[C@]34C)[C@@H]1CCC2=O,250.0,IC50(nM),6.6020599913279625,C[C@]12CCC(=O)C=C1CC[C@@H]1C2=CC[C@]2(C)C(=O)CC[C@@H]12,False,False
50833440,C[C@]12CCC3C(CC[C@H]4C=CCC[C@]34C)C1CCC2=O,225.0,IC50(nM),6.647817481888637,C[C@]12CCC3C(CC[C@H]4C=CCC[C@]34C)C1CCC2=O,False,False
50501702,C[C@]12CC[C@H]3[C@H]([C@@H]1CCC2=O)[C@H](CC=C)CC1=CCCC[C@]31C,750.0,IC50(nM),6.1249387366083,C=CC[C@@H]1CC2=CCCC[C@]2(C)[C@H]2CC[C@]3(C)C(=O)CC[C@H]3[C@H]12,False,False
50501703,C[C@]12CC[C@H]3[C@H]([C@@H]1CCC2=O)[C@H](CC=C)CC1=CC(=O)CC[C@]31C,590.0,IC50(nM),6.229147988357855,C=CC[C@@H]1CC2=CC(=O)CC[C@]2(C)[C@H]2CC[C@]3(C)C(=O)CC[C@H]3[C@H]12,False,False
50409412,C[C@@H]1CC[C@@]2(CC[C@]3(C)C(=CC[C@@H]4[C@@]5(C)CCC(=O)C(C)(C)[C@@H]5CC[C@@]34C)[C@@H]2[C@H]1C)C(O)=O,,IC50(nM),,C[C@H]1[C@H](C)CC[C@]2(C(=O)O)CC[C@]3(C)C(=CC[C@@H]4[C@@]5(C)CCC(=O)C(C)(C)[C@@H]5CC[C@]43C)[C@H]12,False,False
50474353,C[C@]12CCC3C(C1CCC2=O)[C@H](CCc1ccccc1)CC1=CC(=O)CC[C@]31C,,IC50(nM),,C[C@]12CCC(=O)C=C1C[C@@H](CCc1ccccc1)C1C2CC[C@]2(C)C(=O)CCC12,False,False
50474354,C[C@]12CCC3C(C1CCC2=O)[C@H](Cc1ccccc1)CC1=CC(=O)CC[C@]31C,,IC50(nM),,C[C@]12CCC(=O)C=C1C[C@@H](Cc1ccccc1)C1C2CC[C@]2(C)C(=O)CCC12,False,False
50530314,CC1C2C3CCC(=O)C3(C)CCC2C2(C)CCC(=O)C=C12,274.0,IC50(nM),6.562249437179612,CC1C2=CC(=O)CCC2(C)C2CCC3(C)C(=O)CCC3C12,False,False
50613094,C[C@]12CC[C@H]3[C@@H](CC[C@H]4C=CCC[C@]34C)[C@@H]1CCC2=O,225.0,IC50(nM),6.647817481888637,C[C@]12CCC=C[C@@H]1CC[C@@H]1[C@@H]2CC[C@]2(C)C(=O)CC[C@@H]12,False,False
50033918,C[C@]12CC[C@H]3[C@@H](CCC4=CCCC[C@]34C)[C@@H]1CCC2=O,530.0,IC50(nM),6.275724130399211,C[C@]12CCCC=C1CC[C@@H]1[C@@H]2CC[C@]2(C)C(=O)CC[C@@H]12,False,False
50033920,C[C@]12CC[C@H]3[C@@H](CCC4=CCCC[C@]34CO)[C@@H]1CCC2=O,270.0,IC50(nM),6.568636235841013,C[C@]12CC[C@H]3[C@@H](CCC4=CCCC[C@@]43CO)[C@@H]1CCC2=O,False,False
50613101,C[C@]12CC[C@H]3[C@@H](C[C@H](O)C4=CCCC[C@]34C)[C@@H]1CCC2=O,190.0,IC50(nM),6.721246399047171,C[C@]12CCCC=C1[C@@H](O)C[C@@H]1[C@@H]2CC[C@]2(C)C(=O)CC[C@@H]12,False,False
50613102,C[C@]12CC[C@H]3[C@@H](C[C@@H](O)C4=CCCC[C@]34C)[C@@H]1CCC2=O,50.0,IC50(nM),7.301029995663981,C[C@]12CCCC=C1[C@H](O)C[C@@H]1[C@@H]2CC[C@]2(C)C(=O)CC[C@@H]12,False,False
50613108,C[C@]12CC[C@H]3[C@@H](C[C@H](O)C4=CCCC[C@]34CO)[C@@H]1CCC2=O,1000.0,IC50(nM),6.0,C[C@]12CC[C@H]3[C@@H](C[C@H](O)C4=CCCC[C@@]43CO)[C@@H]1CCC2=O,False,False
50613109,C[C@]12CC[C@H]3[C@@H](C[C@@H](O)C4=CCCC[C@]34CO)[C@@H]1CCC2=O,940.0,IC50(nM),6.026872146400302,C[C@]12CC[C@H]3[C@@H](C[C@@H](O)C4=CCCC[C@@]43CO)[C@@H]1CCC2=O,False,False
50613110,C[C@]12CC[C@H]3[C@@H](CC=C4[C@@H](O)CCC[C@@]34C)[C@@H]1CCC2=O,280.0,IC50(nM),6.552841968657781,C[C@]12CC[C@H]3[C@@H](CC=C4[C@@H](O)CCC[C@]43C)[C@@H]1CCC2=O,False,False
50613114,C[C@]12CC[C@H]3[C@@H](CC=C4[C@H](O)CCC[C@@]34C)[C@@H]1CCC2=O,860.0,IC50(nM),6.0655015487564325,C[C@]12CC[C@H]3[C@@H](CC=C4[C@H](O)CCC[C@]43C)[C@@H]1CCC2=O,False,False
50613115,C[C@]12CC[C@H]3[C@@H](CC=C4[C@H](O)CCC[C@]34CO)[C@@H]1CCC2=O,6800.0,IC50(nM),5.167491087293763,C[C@]12CC[C@H]3[C@@H](CC=C4[C@H](O)CCC[C@@]43CO)[C@@H]1CCC2=O,False,False
50613116,C[C@]12CC[C@H]3[C@@H](CC=C4[C@@H](O)CCC[C@]34CO)[C@@H]1CCC2=O,31.0,IC50(nM),7.508638306165727,C[C@]12CC[C@H]3[C@@H](CC=C4[C@@H](O)CCC[C@@]43CO)[C@@H]1CCC2=O,False,False
50613118,C[C@H]1CCC[C@]2(C)[C@H]3CC[C@@]4(C)[C@@H](CCC4=O)[C@@H]3CC=C12,1800.0,IC50(nM),5.7447274948966935,C[C@H]1CCC[C@@]2(C)C1=CC[C@@H]1[C@@H]2CC[C@]2(C)C(=O)CC[C@@H]12,False,False
50613119,CC[C@H]1CCC[C@]2(C)[C@H]3CC[C@@]4(C)[C@@H](CCC4=O)[C@@H]3CC=C12,4500.0,IC50(nM),5.346787486224656,CC[C@H]1CCC[C@@]2(C)C1=CC[C@@H]1[C@@H]2CC[C@]2(C)C(=O)CC[C@@H]12,False,False
50613120,CCC[C@H]1CCC[C@]2(C)[C@H]3CC[C@@]4(C)[C@@H](CCC4=O)[C@@H]3CC=C12,5500.0,IC50(nM),5.259637310505756,CCC[C@H]1CCC[C@@]2(C)C1=CC[C@@H]1[C@@H]2CC[C@]2(C)C(=O)CC[C@@H]12,False,False
50613124,C[C@]12CC[C@H]3[C@@H](CC=C4CCCC[C@@]34C)[C@@H]1CCC2=O,660.0,IC50(nM),6.180456064458132,C[C@]12CC[C@H]3[C@@H](CC=C4CCCC[C@]43C)[C@@H]1CCC2=O,False,False
50036140,C[C@]12CC[C@H]3[C@@H](CC=C4CCCC[C@]34CO)[C@@H]1CCC2=O,6900.0,IC50(nM),5.161150909262744,C[C@]12CC[C@H]3[C@@H](CC=C4CCCC[C@@]43CO)[C@@H]1CCC2=O,False,False
50946601,C[C@]12CC[C@H]3[C@@H](CC[C@H]4CC=CC[C@]34C)[C@@H]1CCC2=O,,IC50(nM),,C[C@]12CC=CC[C@@H]1CC[C@@H]1[C@@H]2CC[C@]2(C)C(=O)CC[C@@H]12,False,False
50946602,C[C@]12CC[C@H]3[C@@H](CCC4=C[C@@H](O)CC[C@]34C)[C@@H]1CCC2=O,183.0,IC50(nM),6.73754891026957,C[C@]12CC[C@H](O)C=C1CC[C@@H]1[C@@H]2CC[C@]2(C)C(=O)CC[C@@H]12,False,False
50309131,C[C@]12CC[C@H]3[C@@H](CC(=C)C4=CC(=O)C=C[C@]34C)[C@@H]1CCC2=O,900.0,IC50(nM),6.045757490560675,C=C1C[C@@H]2[C@H](CC[C@]3(C)C(=O)CC[C@@H]23)[C@@]2(C)C=CC(=O)C=C12,False,False
50988712,CCSC1=C2CCC3C4CCC(=O)C4(C)CCC3C2(C)CCC1=O,,IC50(nM),,CCSC1=C2CCC3C4CCC(=O)C4(C)CCC3C2(C)CCC1=O,False,False
50991174,C[C@]12CC[C@H]3[C@@H](CCC4=CC(=O)CC[C@]34C[C@@H]3CO3)[C@@H]1CCC2=O,,IC50(nM),,C[C@]12CC[C@H]3[C@@H](CCC4=CC(=O)CC[C@@]43C[C@@H]3CO3)[C@@H]1CCC2=O,False,False
50991175,C[C@]12CC[C@H]3[C@@H](CCC4=CC(=O)CC[C@]34C[C@@H]3CS3)[C@@H]1CCC2=O,,IC50(nM),,C[C@]12CC[C@H]3[C@@H](CCC4=CC(=O)CC[C@@]43C[C@@H]3CS3)[C@@H]1CCC2=O,False,False
50991176,C[C@]12CC[C@H]3[C@@H](CCC4=CC(=O)CC[C@]34C[C@H]3CO3)[C@@H]1CCC2=O,,IC50(nM),,C[C@]12CC[C@H]3[C@@H](CCC4=CC(=O)CC[C@@]43C[C@H]3CO3)[C@@H]1CCC2=O,False,False
50991177,C[C@]12CC[C@H]3[C@@H](CCC4=CC(=O)CC[C@]34C[C@H]3CS3)[C@@H]1CCC2=O,,IC50(nM),,C[C@]12CC[C@H]3[C@@H](CCC4=CC(=O)CC[C@@]43C[C@H]3CS3)[C@@H]1CCC2=O,False,False
50048526,C[C@]12CC[C@H]3[C@@H](CCC4=CC(=O)CC[C@]34CC#C)[C@@H]1CCC2=O,56.0,IC50(nM),7.251811972993799,C#CC[C@]12CCC(=O)C=C1CC[C@@H]1[C@@H]2CC[C@]2(C)C(=O)CC[C@@H]12,False,False
50032622,C[C@]12CC[C@H]3[C@@H](C=CC4=CC(=O)C=C[C@]34C)[C@@H]1CCC2=O,,IC50(nM),,C[C@]12C=CC(=O)C=C1C=C[C@@H]1[C@@H]2CC[C@]2(C)C(=O)CC[C@@H]12,False,False
50036135,C[C@]12CC[C@H]3[C@@H](CC=C4CCCC[C@]34C)[C@@H]1CCC2=O,660.0,IC50(nM),6.180456064458132,C[C@]12CCCCC1=CC[C@@H]1[C@@H]2CC[C@]2(C)C(=O)CC[C@@H]12,False,False
