smiles,exp_mean,exp_std,exp_sem,no.entries,no.outliers,standard_types,chembl_id,chembl_id_doc
Cc1nc(C)c(-c2ccnc(Nc3ccc(O)cc3)n2)s1,140.0,0.0,0.0,1,0,Ki,CHEMBL442957,CHEMBL1149116
Cc1nc(C)c(-c2ccnc(Nc3ccccc3F)n2)s1,1200.0,0.0,0.0,1,0,Ki,CHEMBL297447,CHEMBL1149116
CNc1nc(C)c(-c2ccnc(Nc3cccc(O)c3)n2)s1,110.0,0.0,0.0,1,0,Ki,CHEMBL44119,CHEMBL1149116
Cc1nc(C)c(-c2ccnc(Nc3cccc(C#N)c3)n2)s1,300.0,0.0,0.0,1,0,Ki,CHEMBL47132,CHEMBL1149116
Cc1nc(C)c(-c2ccnc(Nc3cccc(N)c3)n2)s1,400.0,0.0,0.0,1,0,Ki,CHEMBL47636,CHEMBL1149116
Cc1nc(C)c(-c2ccnc(Nc3ccc(N(C)C)c(Cl)c3)n2)s1,100.0,0.0,0.0,1,0,Ki,CHEMBL433068,CHEMBL1149116
Cc1nc(N)sc1-c1ccnc(Nc2ccc(O)cc2)n1,30.0,0.0,0.0,1,0,Ki,CHEMBL431336,CHEMBL1149116
Cc1nc(C)c(-c2ccnc(Nc3cccc(O)c3)n2)s1,60.0,0.0,0.0,1,0,Ki,CHEMBL47527,CHEMBL1149116
Cc1nc(N)sc1-c1ccnc(Nc2cccc([N+](=O)[O-])c2)n1,2.0,0.0,0.0,4,1,Ki,CHEMBL298445,"CHEMBL1149116,CHEMBL1155519,CHEMBL3856187"
Cc1nc(N)sc1-c1ccnc(Nc2ccc(N(C)C)cc2)n1,700.0,0.0,0.0,1,0,Ki,CHEMBL295398,CHEMBL1149116
CNc1nc(C)c(-c2ccnc(Nc3cccc([N+](=O)[O-])c3)n2)s1,800.0,0.0,0.0,1,0,Ki,CHEMBL46429,CHEMBL1149116
Cc1nc(C)c(-c2ccnc(Nc3ccccc3)n2)s1,80.0,0.0,0.0,1,0,Ki,CHEMBL295127,CHEMBL1149116
CNc1nc(C)c(-c2ccnc(Nc3ccc(O)cc3)n2)s1,70.0,0.0,0.0,1,0,Ki,CHEMBL47590,CHEMBL1149116
Cc1nc(C)c(-c2ccnc(Nc3ccc(N(C)C)c([N+](=O)[O-])c3)n2)s1,20.0,0.0,0.0,1,0,Ki,CHEMBL295484,CHEMBL1149116
Cc1nc(C)c(-c2ccnc(Nc3ccc(C(F)(F)F)cc3)n2)s1,290.0,0.0,0.0,1,0,Ki,CHEMBL48109,CHEMBL1149116
Cc1nc(C)c(-c2ccnc(Nc3cccc(F)c3)n2)s1,100.0,0.0,0.0,1,0,Ki,CHEMBL432116,CHEMBL1149116
Cc1nc(N(C)C)sc1-c1ccnc(Nc2cccc([N+](=O)[O-])c2)n1,60.0,0.0,0.0,1,0,Ki,CHEMBL46401,CHEMBL1149116
Cc1nc(C)c(-c2ccnc(Nc3ccc(Cl)cc3)n2)s1,2500.0,0.0,0.0,1,0,Ki,CHEMBL45001,CHEMBL1149116
Cc1nc(C)c(-c2ccnc(Nc3ccc([N+](=O)[O-])cc3)n2)s1,4100.0,0.0,0.0,1,0,Ki,CHEMBL47690,CHEMBL1149116
Cc1nc(C)c(-c2ccnc(Nc3ccc(F)cc3)n2)s1,40.0,0.0,0.0,1,0,Ki,CHEMBL297412,CHEMBL1149116
C=CCNc1nc(C)c(-c2ccnc(Nc3cccc([N+](=O)[O-])c3)n2)s1,160.0,0.0,0.0,1,0,Ki,CHEMBL47249,CHEMBL1149116
Cc1nc(C)c(-c2ccnc(Nc3cccc(Cl)c3)n2)s1,670.0,0.0,0.0,1,0,Ki,CHEMBL44712,CHEMBL1149116
Cc1nc(C)c(-c2ccnc(Nc3cccc([N+](=O)[O-])c3)n2)s1,110.0,0.0,0.0,2,0,Ki,CHEMBL45408,"CHEMBL1149116,CHEMBL4346652"
Nc1nc(N)c(N=O)c(OCC2CCCCC2)n1,1300.0,0.0,0.0,2,0,Ki,CHEMBL303958,"CHEMBL1133452,CHEMBL1909564"
c1ccc(Nc2nccc(-c3c(C4CC4)nn4ncccc34)n2)cc1,3980.0,0.0,0.0,1,0,Ki,CHEMBL362296,CHEMBL1138749
Cc1[nH]c(C(N)=O)c(C)c1-c1ccnc(Nc2ccc(F)cc2)n1,80.0,0.0,0.0,1,0,Ki,CHEMBL362722,CHEMBL1137157
Cc1[nH]c([N+](=O)[O-])c(C)c1-c1ccnc(Nc2ccc(F)cc2)n1,30.0,0.0,0.0,1,0,Ki,CHEMBL364767,CHEMBL1137157
Cc1[nH]c(Cl)c(C)c1-c1ccnc(Nc2ccc(F)cc2)n1,360.0,0.0,0.0,1,0,Ki,CHEMBL365245,CHEMBL1137157
Cc1[nH]c(Br)c(C)c1-c1ccnc(Nc2ccc(F)cc2)n1,270.0,0.0,0.0,1,0,Ki,CHEMBL185099,CHEMBL1137157
Cc1c[nH]c(C)c1-c1ccnc(Nc2cccc([N+](=O)[O-])c2)n1,50.0,0.0,0.0,1,0,Ki,CHEMBL364408,CHEMBL1137157
Cc1[nH]c(C#N)c(C)c1-c1ccnc(Nc2cccc([N+](=O)[O-])c2)n1,140.0,0.0,0.0,1,0,Ki,CHEMBL264345,CHEMBL1137157
Cc1ccc(Nc2nccc(-c3c(C)[nH]c(C#N)c3C)n2)cc1[N+](=O)[O-],50.0,0.0,0.0,1,0,Ki,CHEMBL183158,CHEMBL1137157
Cc1[nH]c(C#N)c(C)c1-c1ccnc(Nc2ccc(O)cc2)n1,50.0,0.0,0.0,1,0,Ki,CHEMBL184253,CHEMBL1137157
Cc1[nH]c(C#N)c(C)c1-c1ccnc(Nc2cccc(O)c2)n1,30.0,0.0,0.0,1,0,Ki,CHEMBL360530,CHEMBL1137157
Cc1ccc(Nc2nccc(-c3c(C)[nH]c(C#N)c3C)n2)cc1O,130.0,0.0,0.0,1,0,Ki,CHEMBL359623,CHEMBL1137157
Cc1cc(Nc2nccc(-c3c(C)[nH]c(C#N)c3C)n2)ccc1F,90.0,0.0,0.0,1,0,Ki,CHEMBL185310,CHEMBL1137157
Cc1[nH]c(C#N)c(C)c1-c1ccnc(Nc2ccc(F)cc2)n1,100.0,0.0,0.0,1,0,Ki,CHEMBL185323,CHEMBL1137157
Cc1ccc2c(-c3ccnc(Nc4ccc5c(c4)OCCO5)n3)c(-c3cccc(C(F)(F)F)c3)nn2n1,5000.0,0.0,0.0,1,0,Ki,CHEMBL189617,CHEMBL1138749
c1ccc(Nc2nccc(-c3cnn4ncccc34)n2)cc1,5.0,0.0,0.0,1,0,Ki,CHEMBL359554,CHEMBL1138749
CN(c1ccccc1)c1nccc(-c2cnn3ncccc23)n1,19900.0,0.0,0.0,1,0,Ki,CHEMBL360866,CHEMBL1138749
COc1cccc(Nc2nccc(-c3cnn4ncccc34)n2)c1,2.0,0.0,0.0,1,0,Ki,CHEMBL187081,CHEMBL1138749
N#Cc1ccc(Nc2nccc(-c3cnn4ncccc34)n2)cc1,1.0,0.0,0.0,1,0,Ki,CHEMBL359794,CHEMBL1138749
O=[N+]([O-])c1ccc(Nc2nccc(-c3cnn4ncccc34)n2)cc1,20.0,0.0,0.0,1,0,Ki,CHEMBL188938,CHEMBL1138749
CC(C)c1ccc(Nc2nccc(-c3cnn4ncccc34)n2)cc1,10.0,0.0,0.0,1,0,Ki,CHEMBL359963,CHEMBL1138749
CCC(C)c1ccc(Nc2nccc(-c3cnn4ncccc34)n2)cc1,150.0,0.0,0.0,1,0,Ki,CHEMBL185871,CHEMBL1138749
CC(C)(C)c1ccc(Nc2nccc(-c3cnn4ncccc34)n2)cc1,150.0,0.0,0.0,1,0,Ki,CHEMBL364587,CHEMBL1138749
COc1ccc(Nc2nccc(-c3cnn4ncccc34)n2)cc1OC,50.0,0.0,0.0,1,0,Ki,CHEMBL186054,CHEMBL1138749
c1cnn2ncc(-c3ccnc(Nc4ccc5c(c4)OCO5)n3)c2c1,10.0,0.0,0.0,1,0,Ki,CHEMBL189455,CHEMBL1138749
c1cnn2ncc(-c3ccnc(Nc4ccc5c(c4)OCCO5)n3)c2c1,6.0,0.0,0.0,1,0,Ki,CHEMBL361894,CHEMBL1138749
Fc1ccc(Nc2nccc(-c3cnn4ncccc34)n2)cc1F,2.0,0.0,0.0,1,0,Ki,CHEMBL364370,CHEMBL1138749
c1cnn2ncc(-c3ccnc(Nc4ccc5c(c4)OCCCO5)n3)c2c1,6.0,0.0,0.0,1,0,Ki,CHEMBL186708,CHEMBL1138749
Clc1ccc(Nc2nccc(-c3cnn4ncccc34)n2)cc1Cl,1.0,0.0,0.0,1,0,Ki,CHEMBL186890,CHEMBL1138749
FC(F)(F)c1cc(Nc2nccc(-c3cnn4ncccc34)n2)ccc1Cl,10.0,0.0,0.0,1,0,Ki,CHEMBL188665,CHEMBL1138749
COc1cc(Nc2nccc(-c3cnn4ncccc34)n2)cc(OC)c1,10.0,0.0,0.0,1,0,Ki,CHEMBL359999,CHEMBL1138749
COc1cc(Nc2nccc(-c3cnn4ncccc34)n2)cc(C(F)(F)F)c1,10.0,0.0,0.0,1,0,Ki,CHEMBL360206,CHEMBL1138749
FC(F)(F)c1cc(Br)cc(Nc2nccc(-c3cnn4ncccc34)n2)c1,10.0,0.0,0.0,1,0,Ki,CHEMBL365229,CHEMBL1138749
Fc1cc(F)cc(Nc2nccc(-c3cnn4ncccc34)n2)c1,1.0,0.0,0.0,1,0,Ki,CHEMBL184510,CHEMBL1138749
Clc1cc(Cl)cc(Nc2nccc(-c3cnn4ncccc34)n2)c1,310.0,0.0,0.0,1,0,Ki,CHEMBL361697,CHEMBL1138749
Cc1cc(C)cc(Nc2nccc(-c3cnn4ncccc34)n2)c1,3.0,0.0,0.0,1,0,Ki,CHEMBL186101,CHEMBL1138749
Oc1ccc2c(-c3ccnc(Nc4cccc(C(F)(F)F)c4)n3)cnn2n1,8.0,0.0,0.0,1,0,Ki,CHEMBL187750,CHEMBL1138749
COc1ccc2c(-c3ccnc(Nc4cccc(C(F)(F)F)c4)n3)cnn2n1,160.0,0.0,0.0,1,0,Ki,CHEMBL189235,CHEMBL1138749
CCOc1ccc2c(-c3ccnc(Nc4cccc(C(F)(F)F)c4)n3)cnn2n1,1990.0,0.0,0.0,1,0,Ki,CHEMBL183993,CHEMBL1138749
CCCOc1ccc2c(-c3ccnc(Nc4cccc(C(F)(F)F)c4)n3)cnn2n1,1260.0,0.0,0.0,1,0,Ki,CHEMBL187287,CHEMBL1138749
COc1cccc(Nc2nccc(-c3cnn4nc(OC)ccc34)n2)c1,60.0,0.0,0.0,1,0,Ki,CHEMBL188312,CHEMBL1138749
COc1ccc2c(-c3ccnc(Nc4cccc(OC(F)(F)F)c4)n3)cnn2n1,190.0,0.0,0.0,1,0,Ki,CHEMBL365248,CHEMBL1138749
COc1ccc2c(-c3ccnc(Nc4ccc(C#N)cc4)n3)cnn2n1,500.0,0.0,0.0,1,0,Ki,CHEMBL189352,CHEMBL1138749
COc1ccc2c(-c3ccnc(Nc4ccc([N+](=O)[O-])cc4)n3)cnn2n1,20.0,0.0,0.0,1,0,Ki,CHEMBL186288,CHEMBL1138749
COc1cc(Nc2nccc(-c3cnn4nc(OC)ccc34)n2)cc(OC)c1,190.0,0.0,0.0,1,0,Ki,CHEMBL188417,CHEMBL1138749
COc1cc(Nc2nccc(-c3cnn4nc(OC)ccc34)n2)cc(C(F)(F)F)c1,790.0,0.0,0.0,1,0,Ki,CHEMBL187139,CHEMBL1138749
COc1ccc2c(-c3ccnc(Nc4ccc5c(c4)OCCO5)n3)cnn2n1,100.0,0.0,0.0,1,0,Ki,CHEMBL188785,CHEMBL1138749
Cc1ccc2c(-c3ccnc(Nc4cccc(C(F)(F)F)c4)n3)cnn2n1,50.0,0.0,0.0,1,0,Ki,CHEMBL187006,CHEMBL1138749
Cc1ccc2c(-c3ccnc(Nc4ccc(C(F)(F)F)cc4)n3)cnn2n1,190.0,0.0,0.0,1,0,Ki,CHEMBL188303,CHEMBL1138749
COc1cc(Nc2nccc(-c3cnn4nc(C)ccc34)n2)cc(C(F)(F)F)c1,20.0,0.0,0.0,1,0,Ki,CHEMBL186680,CHEMBL1138749
Cc1ccc2c(-c3ccnc(Nc4ccc5c(c4)OCCO5)n3)cnn2n1,6.0,0.0,0.0,1,0,Ki,CHEMBL434337,CHEMBL1138749
FC(F)(F)c1cccc(Nc2nccc(-c3cnn4nc(-c5ccccc5)ccc34)n2)c1,2500.0,0.0,0.0,1,0,Ki,CHEMBL189415,CHEMBL1138749
c1ccc(Nc2nccc(-c3c(-c4ccccc4)nn4ncccc34)n2)cc1,3980.0,0.0,0.0,1,0,Ki,CHEMBL360408,CHEMBL1138749
Cc1n[nH]c2ccc(-c3cncc(OC[C@@H](N)Cc4ccccc4)c3)cc12,46.0,0.0,0.0,1,0,Ki,CHEMBL379218,CHEMBL1137422
NC(=O)c1ccc(Nc2nc(N)c(N=O)c(OCC3CCCCC3)n2)cc1,2400.0,0.0,0.0,1,0,Ki,CHEMBL101801,CHEMBL1146006
COc1ccccc1C(=O)c1cnc(Nc2ccc(N3CCN(C)CC3)cc2)nc1N,5141.0,0.0,0.0,1,0,Ki,CHEMBL383875,CHEMBL1137323
COc1c(C(=O)c2cnc(NC3CCN(S(C)(=O)=O)CC3)nc2N)cc(F)c(F)c1F,495.0,0.0,0.0,1,0,Ki,CHEMBL214183,CHEMBL1137323
COc1cc(F)c(F)c(F)c1C(=O)c1cnc(NC2CCN(S(C)(=O)=O)CC2)nc1N,2.0,0.0,0.0,1,0,Ki,CHEMBL213713,CHEMBL1137323
COc1cc(F)c(F)cc1C(=O)c1cnc(NC2CCN(S(C)(=O)=O)CC2)nc1N,6.0,0.0,0.0,1,0,Ki,CHEMBL215086,CHEMBL1137323
COc1ccc(F)c(F)c1C(=O)c1cnc(NC2CCN(S(C)(=O)=O)CC2)nc1N,3.0,0.0,0.0,3,0,Ki,CHEMBL384304,"CHEMBL1137323,CHEMBL5143610,CHEMBL5230096"
CS(=O)(=O)N1CCC(Nc2ncc(C(=O)c3c(F)cccc3F)c(N)n2)CC1,15.0,0.0,0.0,1,0,Ki,CHEMBL265903,CHEMBL1137323
COc1cccc(F)c1C(=O)c1cnc(NC2CCN(S(C)(=O)=O)CC2)nc1N,13.0,0.0,0.0,1,0,Ki,CHEMBL385733,CHEMBL1137323
COc1ccc(Cl)cc1C(=O)c1cnc(NC2CCN(S(C)(=O)=O)CC2)nc1N,451.0,0.0,0.0,1,0,Ki,CHEMBL385373,CHEMBL1137323
COc1ccc(F)cc1C(=O)c1cnc(NC2CCN(S(C)(=O)=O)CC2)nc1N,7.0,0.0,0.0,1,0,Ki,CHEMBL268507,CHEMBL1137323
COc1cc(F)ccc1C(=O)c1cnc(NC2CCN(S(C)(=O)=O)CC2)nc1N,84.0,0.0,0.0,1,0,Ki,CHEMBL277351,CHEMBL1137323
CCOc1ccccc1C(=O)c1cnc(NC2CCN(C(C)=O)CC2)nc1N,2030.0,0.0,0.0,1,0,Ki,CHEMBL216148,CHEMBL1137323
CCOC(=O)N1CCC(Nc2ncc(C(=O)c3ccccc3C)c(N)n2)CC1,2166.0,0.0,0.0,1,0,Ki,CHEMBL214433,CHEMBL1137323
CCOC(=O)N1CCC(Nc2ncc(C(=O)c3ccccc3F)c(N)n2)CC1,3137.0,0.0,0.0,1,0,Ki,CHEMBL214025,CHEMBL1137323
CCS(=O)(=O)N1CCC(Nc2ncc(C(=O)c3ccccc3OC)c(N)n2)CC1,51.0,0.0,0.0,1,0,Ki,CHEMBL385190,CHEMBL1137323
COc1ccccc1C(=O)c1cnc(NC2CCN(S(C)(=O)=O)CC2)nc1N,24.0,0.0,0.0,1,0,Ki,CHEMBL216126,CHEMBL1137323
CCCC(=O)N1CCC(Nc2ncc(C(=O)c3ccccc3OC)c(N)n2)CC1,886.0,0.0,0.0,1,0,Ki,CHEMBL384356,CHEMBL1137323
COc1ccccc1C(=O)c1cnc(NC2CCN(C(C)=O)CC2)nc1N,327.0,0.0,0.0,1,0,Ki,CHEMBL217537,CHEMBL1137323
CCOC(=O)N1CCC(Nc2ncc(C(=O)c3ccccc3OC)c(N)n2)CC1,597.0,0.0,0.0,1,0,Ki,CHEMBL217443,CHEMBL1137323
CCNC(=O)N1CCC(Nc2ncc(C(=O)c3ccccc3OC)c(N)n2)CC1,1756.0,0.0,0.0,1,0,Ki,CHEMBL385907,CHEMBL1137323
COc1ccccc1C(=O)c1cnc(NC2CCNCC2)nc1N,6266.0,0.0,0.0,1,0,Ki,CHEMBL387448,CHEMBL1137323
NC1=NC(=O)/C(=C/c2ccc3ncccc3c2)S1,2000.0,0.0,0.0,1,0,Ki,CHEMBL396377,CHEMBL1147195
O=C1N=C(NCc2cccs2)S/C1=C\c1ccc2ncccc2c1,340.0,0.0,0.0,1,0,Ki,CHEMBL393929,CHEMBL1147195
Oc1cc(Nc2nccc(-c3nccs3)n2)cc(C(F)(F)F)c1,1652.0,0.0,0.0,1,0,Ki,CHEMBL470175,CHEMBL1152268
Cc1cc(Nc2nccc(-c3nc(CO)cs3)n2)cc(C(F)(F)F)c1,1500.0,0.0,0.0,1,0,Ki,CHEMBL485731,CHEMBL1152268
OCc1csc(-c2ccnc(Nc3cc(O)cc(C(F)(F)F)c3)n2)n1,1500.0,0.0,0.0,1,0,Ki,CHEMBL485730,CHEMBL1152268
Cc1cc(C)cc(Nc2nccc(-c3nc(CO)cs3)n2)c1,2400.0,0.0,0.0,1,0,Ki,CHEMBL511811,CHEMBL1152268
Cc1cc(C)cc(Nc2nccc(-c3nc(C)cs3)n2)c1,100.0,0.0,0.0,1,0,Ki,CHEMBL453217,CHEMBL1152268
Cc1cc(C)cc(Nc2nccc(-c3ncc(C)s3)n2)c1,1100.0,0.0,0.0,1,0,Ki,CHEMBL470780,CHEMBL1152268
Cc1cccc(Nc2nccc(-c3nccs3)n2)c1,2452.0,0.0,0.0,1,0,Ki,CHEMBL471819,CHEMBL1152268
O[C@H]1CC[C@H](Nc2ccc3nnc(-c4cccc(C(F)(F)F)c4)n3n2)CC1,3100.0,0.0,0.0,1,0,Ki,CHEMBL494221,CHEMBL1136908
Cc1cnc(Nc2cccc3c2OCCO3)nc1-c1c[nH]c(C(=O)N[C@H](CO)c2cccc(Cl)c2)c1,138.0,0.0,0.0,1,0,Ki,CHEMBL571722,CHEMBL1154622
Cc1cnc(Nc2cccc3c2OC(F)(F)O3)nc1-c1c[nH]c(C(=O)N[C@H](CO)c2cccc(Cl)c2)c1,170.0,0.0,0.0,1,0,Ki,CHEMBL576683,CHEMBL1154622
Cc1cnc(Nc2cccc3c2OCO3)nc1-c1c[nH]c(C(=O)N[C@H](CO)c2cccc(Cl)c2)c1,209.0,0.0,0.0,1,0,Ki,CHEMBL571484,CHEMBL1154622
Cc1cnc(Nc2cccc3c2CCCC3)nc1-c1c[nH]c(C(=O)N[C@H](CO)c2cccc(Cl)c2)c1,250.0,0.0,0.0,1,0,Ki,CHEMBL570111,CHEMBL1154622
Cc1cnc(Nc2cccc3c2CCC3)nc1-c1c[nH]c(C(=O)N[C@H](CO)c2cccc(Cl)c2)c1,642.0,0.0,0.0,1,0,Ki,CHEMBL568937,CHEMBL1154622
CCc1ccccc1Nc1ncc(C)c(-c2c[nH]c(C(=O)N[C@H](CO)c3cccc(Cl)c3)c2)n1,450.0,0.0,0.0,1,0,Ki,CHEMBL571056,CHEMBL1154622
Cc1cnc(Nc2ccc(Cl)cc2F)nc1-c1c[nH]c(C(=O)N[C@H](CO)c2cccc(Cl)c2)c1,316.0,0.0,0.0,1,0,Ki,CHEMBL576048,CHEMBL1154622
Cc1cnc(Nc2ccc(F)cc2Cl)nc1-c1c[nH]c(C(=O)N[C@H](CO)c2cccc(Cl)c2)c1,851.0,1.0,0.7071067811865475,2,0,Ki,CHEMBL583042,"CHEMBL1154622,CHEMBL5465560"
Cc1cc(Cl)ccc1Nc1ncc(C)c(-c2c[nH]c(C(=O)N[C@H](CO)c3cccc(Cl)c3)c2)n1,76.0,0.0,0.0,1,0,Ki,CHEMBL568483,CHEMBL1154622
Cc1cnc(Nc2cccc(F)c2C)nc1-c1c[nH]c(C(=O)N[C@H](CO)c2cccc(Cl)c2)c1,150.0,0.0,0.0,1,0,Ki,CHEMBL582829,CHEMBL1154622
Cc1cnc(Nc2cccc(C)c2C)nc1-c1c[nH]c(C(=O)N[C@H](CO)c2cccc(Cl)c2)c1,41.0,0.0,0.0,1,0,Ki,CHEMBL572157,CHEMBL1154622
Cc1cccc([C@@H](CO)NC(=O)c2cc(-c3nc(Nc4ccccc4)ncc3C)c[nH]2)c1,69.0,0.0,0.0,1,0,Ki,CHEMBL565460,CHEMBL1154622
Cc1cnc(Nc2ccccc2)nc1-c1c[nH]c(C(=O)N[C@H](CO)c2cccc(Cl)c2)c1,290.0,0.0,0.0,1,0,Ki,CHEMBL577193,CHEMBL1154622
Cc1cnc(Nc2ccccc2)nc1-c1c[nH]c(C(=O)N[C@@H](CO)c2ccccc2)c1,1100.0,0.0,0.0,1,0,Ki,CHEMBL570367,CHEMBL1154622
Cc1cnc(Nc2ccccc2F)nc1-c1c[nH]c(C(=O)N[C@H](CO)c2ccccc2)c1,57.0,0.0,0.0,1,0,Ki,CHEMBL572162,CHEMBL1154622
CCc1ccccc1Nc1ncc(C)c(-c2c[nH]c(C(=O)N[C@H](CO)c3ccccc3)c2)n1,210.0,0.0,0.0,1,0,Ki,CHEMBL572361,CHEMBL1154622
Cc1ccccc1Nc1ncc(C)c(-c2c[nH]c(C(=O)N[C@H](CO)c3ccccc3)c2)n1,140.0,0.0,0.0,1,0,Ki,CHEMBL584754,CHEMBL1154622
Cc1cnc(Nc2ccccc2Cl)nc1-c1c[nH]c(C(=O)N[C@H](CO)c2ccccc2)c1,240.0,0.0,0.0,1,0,Ki,CHEMBL571038,CHEMBL1154622
Cc1cnc(Nc2ccccc2)nc1-c1c[nH]c(C(=O)N[C@H](CO)c2ccccc2)c1,16.0,0.0,0.0,1,0,Ki,CHEMBL565459,CHEMBL1154622
COc1ccc(C2=NNC(=O)/C2=N\Nc2cccc(OC)c2)cc1,95.0,0.0,0.0,1,0,Ki,CHEMBL1080902,CHEMBL1154953
COc1ccc(C2=NNC(=O)/C2=N\Nc2cccnc2)cc1,62.0,0.0,0.0,1,0,Ki,CHEMBL1076721,CHEMBL1154953
COc1ccncc1C1=NNC(=O)/C1=N\Nc1ccccc1,76.0,0.0,0.0,1,0,Ki,CHEMBL1086736,CHEMBL1154953
Cc1nc(C)c(-c2ccnc(Nc3ccc(N4CCN(S(C)(=O)=O)CC4)cc3)n2)s1,3967.0,0.0,0.0,1,0,Ki,CHEMBL1083484,CHEMBL1155519
CC(=O)N1CCN(c2ccc(Nc3nccc(-c4sc(C)nc4C)n3)cc2)CC1,432.0,0.0,0.0,1,0,Ki,CHEMBL1083786,CHEMBL1155519
CNc1nc(C)c(-c2ccnc(Nc3ccc(N4CCN(C(C)=O)CC4)cc3)n2)s1,297.0,0.0,0.0,1,0,Ki,CHEMBL1083785,CHEMBL1155519
CC(=O)N1CCN(c2ccc(Nc3nccc(-c4sc(N)nc4C)n3)cc2)CC1,522.0,0.0,0.0,1,0,Ki,CHEMBL1084969,CHEMBL1155519
CCNc1nc(C)c(-c2ccnc(Nc3ccc(N4CCOCC4)cc3)n2)s1,151.0,0.0,0.0,1,0,Ki,CHEMBL1084630,CHEMBL1155519
CNc1nc(C)c(-c2ccnc(Nc3ccc(N4CCOCC4)cc3)n2)s1,156.0,0.0,0.0,1,0,Ki,CHEMBL1084629,CHEMBL1155519
Cc1nc(C)c(-c2ccnc(Nc3ccc(N4CCOCC4)cc3)n2)s1,1039.0,0.0,0.0,1,0,Ki,CHEMBL1085626,CHEMBL1155519
CCNc1nc(C)c(-c2ccnc(Nc3ccc(CNC(C)=O)cc3)n2)s1,32.0,0.0,0.0,1,0,Ki,CHEMBL1084715,CHEMBL1155519
CCNc1nc(C)c(-c2ccnc(Nc3cc(OC)c(OC)c(OC)c3)n2)s1,463.0,0.0,0.0,1,0,Ki,CHEMBL1086088,CHEMBL1155519
CNc1nc(C)c(-c2ccnc(Nc3cc(OC)c(OC)c(OC)c3)n2)s1,256.0,0.0,0.0,1,0,Ki,CHEMBL1083152,CHEMBL1155519
COc1cc(Nc2nccc(-c3sc(C)nc3C)n2)cc(OC)c1OC,239.0,0.0,0.0,1,0,Ki,CHEMBL1083151,CHEMBL1155519
Cc1nc(C)c(-c2ccnc(Nc3ccc(N)cc3)n2)s1,168.0,0.0,0.0,1,0,Ki,CHEMBL1084454,CHEMBL1155519
CNc1ccc(Nc2nccc(-c3sc(C)nc3C)n2)cc1,286.0,0.0,0.0,1,0,Ki,CHEMBL1083150,CHEMBL1155519
Cc1cccc(-c2[nH]c(-c3ccnc(N)n3)cc2C(N)=O)c1C,501.19,0.0,0.0,1,0,Ki,CHEMBL1964290,CHEMBL1201862
COc1ccc(OC)c(Nc2ccc3nnc(-c4ccccc4)n3n2)c1,5011.87,0.0,0.0,1,0,Ki,CHEMBL1982880,CHEMBL1201862
N#CCOc1ccc(Nc2nc(Nc3cccc(S(N)(=O)=O)c3)ncc2Br)cc1,7.943,0.0,0.0,1,0,Ki,CHEMBL1987034,CHEMBL1201862
COc1cccc(C(=O)Nc2n[nH]c3ccc(-c4cn(Cc5ccccc5)nn4)cc23)c1,39.81,0.0,0.0,1,0,Ki,CHEMBL1980435,CHEMBL1201862
O=C1Nc2ccccc2Nc2cc(-c3ccncc3F)ccc21,398.11,0.0,0.0,1,0,Ki,CHEMBL1989293,CHEMBL1201862
c1ccc(Nc2ccnc(Nc3ccccc3)n2)cc1,5011.87,0.0,0.0,1,0,Ki,CHEMBL578061,CHEMBL1201862
Cc1cc(N2CCOCC2)cc2[nH]c(-c3c(NCC(O)c4cccc(Cl)c4)cc[nH]c3=O)nc12,3162.28,0.0,0.0,1,0,Ki,CHEMBL2005886,CHEMBL1201862
c1ccc(Cn2cc(-c3ccc4[nH]ncc4c3)nn2)cc1,251.19,0.0,0.0,1,0,Ki,CHEMBL1682345,CHEMBL1201862
CC(=O)Nc1c(C(N)=O)sc2ccc(Cl)c(Cl)c12,1995.26,0.0,0.0,1,0,Ki,CHEMBL1973142,CHEMBL1201862
CCCC(=O)Nc1n[nH]c2ccc(-c3nnn(Cc4ccccc4)c3-c3ccccc3)cc12,100.0,0.0,0.0,1,0,Ki,CHEMBL2005936,CHEMBL1201862
NC1CCCCC1Nc1nccc(-c2c[nH]c3ncccc23)n1,12.59,0.0,0.0,1,0,Ki,CHEMBL1995813,CHEMBL1201862
c1ccc(Cn2cc(-c3ccc4[nH]nc(-c5cn(Cc6ccccc6)nn5)c4c3)nn2)cc1,5.012,0.0,0.0,1,0,Ki,CHEMBL1964288,CHEMBL1201862
CC1(C)CC2=Nc3cc(Cl)ccc3SC2=C(O)C1,6309.57,0.0,0.0,1,0,Ki,CHEMBL1562756,CHEMBL1201862
O=C(O)c1ccccc1Nc1ccnc(Nc2ccc3cn[nH]c3c2)n1,50.12,0.0,0.0,1,0,Ki,CHEMBL244378,CHEMBL1201862
O=C1NC(=O)C(c2cnc3ccccn23)=C1c1cn2c3c(cc(F)cc13)CN(C(=O)N1CCCCC1)CC2,251.19,0.0,0.0,1,0,Ki,CHEMBL362558,CHEMBL1201862
OC1CCC(Nc2nc(Cl)cc(-c3c[nH]c4ncccc34)n2)CC1,12.59,0.0,0.0,2,0,Ki,CHEMBL1986943,CHEMBL1201862
Cc1nc2ccc(NS(=O)(=O)c3ccc(N)cc3)cc2nc1C,5011.87,0.0,0.0,1,0,Ki,CHEMBL2006263,CHEMBL1201862
CN(C)CCCOc1cc(-c2ccncc2)cc2[nH]nc(N)c12,3162.28,0.0,0.0,1,0,Ki,CHEMBL1988662,CHEMBL1201862
CCn1c(C)c(-c2ccnc(Nc3cccc(OC)c3)n2)sc1=O,19.95,0.0,0.0,1,0,Ki,CHEMBL1986263,CHEMBL1201862
CSc1c[nH]c2ncnc(NCCCO)c12,3162.28,0.0,0.0,1,0,Ki,CHEMBL2000114,CHEMBL1201862
CC(C)(CNc1cc(-c2c[nH]c3ncccc23)cc(Cl)n1)CNS(C)(=O)=O,199.53,0.0,0.0,1,0,Ki,CHEMBL1971172,CHEMBL1201862
O=C(Nc1cnccn1)Nc1ccnc2c(F)cccc12,251.19,0.0,0.0,1,0,Ki,CHEMBL1975647,CHEMBL1201862
COc1ccccc1C(=O)Nc1n[nH]c2ccc(-c3cn(Cc4ccccc4)nn3)cc12,251.19,0.0,0.0,1,0,Ki,CHEMBL1997643,CHEMBL1201862
O=C(NCc1ccccc1)Nc1ncc([N+](=O)[O-])s1,2511.89,0.0,0.0,1,0,Ki,CHEMBL1964644,CHEMBL1201862
CNC(=O)c1cc2c(-c3ccccc3F)n[nH]c2s1,5011.87,0.0,0.0,1,0,Ki,CHEMBL1977681,CHEMBL1201862
OCCNc1cc2cc(-c3cccnc3)ccc2cn1,125.89,0.0,0.0,1,0,Ki,CHEMBL1990912,CHEMBL1201862
NS(=O)(=O)c1cccc(Nc2ncc3ccn(-c4ccccc4)c3n2)c1,25.12,0.0,0.0,1,0,Ki,CHEMBL1988163,CHEMBL1201862
Cc1cc(O)ccc1-n1c2cc(Cl)ccc2c(=O)c2c(N)nc(N)nc21,794.33,0.0,0.0,1,0,Ki,CHEMBL1995592,CHEMBL1201862
CCc1nc2c(c3cc(OC)c(OC)cc13)C(=O)NC2=O,398.11,0.0,0.0,1,0,Ki,CHEMBL2003524,CHEMBL1201862
COc1ccc2c(c1)C(=Cc1c[nH]cn1)C(=O)N2,50.12,0.0,0.0,1,0,Ki,CHEMBL2002649,CHEMBL1201862
NC1CCC(Nc2cc(Cl)nc(-c3c[nH]c4ncccc34)n2)CC1,398.11,0.0,0.0,1,0,Ki,CHEMBL1983589,CHEMBL1201862
CCCn1c(C2CCNCC2)nc(-c2ccc(Cl)c(Cl)c2)c1-c1ccnc(NC2CCCCC2)n1,630.96,0.0,0.0,1,0,Ki,CHEMBL437747,CHEMBL1201862
CS(=O)(=O)NCCNc1cc(-c2c[nH]c3ncccc23)cc(Cl)n1,251.19,0.0,0.0,1,0,Ki,CHEMBL2005718,CHEMBL1201862
O=C1NCCc2[nH]c(-c3ccnc(C=Cc4ccccc4)c3)cc21,1584.89,0.0,0.0,1,0,Ki,CHEMBL1997129,CHEMBL1201862
Cc1n[nH]c2ccc(-c3cncc(OCC(N)Cc4cccc(Cl)c4)c3)cc12,25.12,0.0,0.0,2,0,Ki,CHEMBL1974870,CHEMBL1201862
Cc1cccc(NC(=O)Cc2ccc(-c3cccc4[nH]nc(N)c34)cc2)c1,2511.89,0.0,0.0,1,0,Ki,CHEMBL1964307,CHEMBL1201862
NC(COc1cncc(-c2cc3cnccc3s2)c1)Cc1c[nH]c2ccccc12,3981.07,0.0,0.0,1,0,Ki,CHEMBL1972840,CHEMBL1201862
COc1cccc(C(C)NC(=O)c2ccc(-c3ccncc3)c(F)c2)c1,1995.26,0.0,0.0,1,0,Ki,CHEMBL2004934,CHEMBL1201862
CC(C)(CN)CNc1cc(-c2c[nH]c3ncccc23)cc(F)n1,316.23,0.0,0.0,1,0,Ki,CHEMBL1987261,CHEMBL1201862
CCCCNc1cc(-c2c[nH]c3ncccc23)ncn1,199.53,0.0,0.0,1,0,Ki,CHEMBL1968459,CHEMBL1201862
Nc1n[nH]c2ccc(-c3nnn(Cc4ccccc4)c3I)cc12,25.12,0.0,0.0,1,0,Ki,CHEMBL1975128,CHEMBL1201862
Cc1cc(C)c2c(n1)sc1c(N)ncnc12,7943.28,0.0,0.0,1,0,Ki,CHEMBL504950,CHEMBL1201862
CN(C)CCCOc1cc2c(c(-c3ccc(Nc4nc5ccccc5o4)cc3)c1)CNC2=O,1258.93,0.0,0.0,1,0,Ki,CHEMBL1966425,CHEMBL1201862
Cc1cc(NC(=O)Cc2ccc(-c3cccc4[nH]nc(N)c34)cc2)ccc1F,3981.07,0.0,0.0,1,0,Ki,CHEMBL1984363,CHEMBL1201862
CNC(=O)COc1ccc(Nc2nc(Nc3ccc(C)c(S(N)(=O)=O)c3)ncc2F)cc1,100.0,0.0,0.0,1,0,Ki,CHEMBL1978099,CHEMBL1201862
COC(=O)c1c(-c2ccc(NC(=O)Nc3ccccc3)cc2)c2c(N)ncnn2c1C,6309.57,0.0,0.0,1,0,Ki,CHEMBL1977041,CHEMBL1201862
NC(=O)c1cccc2c1Nc1nnc(Cl)cc1C(=O)N2,630.96,0.0,0.0,1,0,Ki,CHEMBL1968070,CHEMBL1201862
CC(=O)Nc1cccc(CNc2c(Nc3ccc4[nH]ncc4c3)c(=O)c2=O)c1,1258.93,0.0,0.0,1,0,Ki,CHEMBL1988608,CHEMBL1201862
CC(C)(CN)CNc1cc(-c2c[nH]c3ncccc23)cc(Cl)n1,501.19,0.0,0.0,1,0,Ki,CHEMBL1985723,CHEMBL1201862
O=C1NC(=O)C(c2cnc3ccccn23)=C1c1cn2c3c(cccc13)CN(C(=O)N1CCOCC1)CC2,316.23,0.0,0.0,1,0,Ki,CHEMBL178737,CHEMBL1201862
Cc1n[nH]c2cnc(-c3cncc(OCC(N)Cc4cccc(C(F)(F)F)c4)c3)cc12,10.0,0.0,0.0,1,0,Ki,CHEMBL1998159,CHEMBL1201862
NC(COc1cncc(-c2ccc3[nH]c(=O)oc3c2)c1)Cc1c[nH]c2ccccc12,2511.89,0.0,0.0,1,0,Ki,CHEMBL1987679,CHEMBL1201862
N#Cc1cccc(C(=O)Nc2n[nH]c3ccc(-c4cn(Cc5ccccc5)nn4)cc23)c1,31.62,0.0,0.0,1,0,Ki,CHEMBL1977128,CHEMBL1201862
O=c1[nH]c2cc(Cl)cc(Cl)c2c(-c2cc(Cl)ccc2O)c1O,5011.87,0.0,0.0,1,0,Ki,CHEMBL1974803,CHEMBL1201862
Cc1n[nH]c2cccc(-c3ccc(NC(=O)Nc4cccc(C(F)(F)F)c4)cc3)c12,7943.28,0.0,0.0,1,0,Ki,CHEMBL1970074,CHEMBL1201862
CN(C)C1CCCC(Nc2nc(Cl)cc(-c3c[nH]c4ncccc34)n2)C1,1258.93,0.0,0.0,1,0,Ki,CHEMBL1965702,CHEMBL1201862
COCCN(C)C(=O)c1c(-c2ccc3[nH]ncc3c2)nnn1Cc1ccccc1,630.96,0.0,0.0,1,0,Ki,CHEMBL1986970,CHEMBL1201862
CC(C)(C)Oc1cc(-c2ccncc2)cc2[nH]nc(N)c12,125.89,0.0,0.0,1,0,Ki,CHEMBL2002456,CHEMBL1201862
O=c1cc(-c2ccncc2)nc(NC2CCCCC2)[nH]1,251.19,0.0,0.0,1,0,Ki,CHEMBL1958401,CHEMBL1201862
O=c1[nH]c2cc(-c3ccccc3)cnc2[nH]1,7943.28,0.0,0.0,1,0,Ki,CHEMBL2003456,CHEMBL1201862
O=C(Nc1cccc(C(F)(F)F)n1)Nc1ccnc2c(F)cccc12,50.12,0.0,0.0,1,0,Ki,CHEMBL1966816,CHEMBL1201862
CC(N)C1CCC(C(=O)Nc2ccnc3[nH]ccc23)CC1,1000.0,0.0,0.0,1,0,Ki,CHEMBL2002992,CHEMBL1201862
O=C(Cc1ccc(Cl)cc1)Nc1[nH]nc2c1CCC2,398.11,0.0,0.0,1,0,Ki,CHEMBL2003482,CHEMBL1201862
CC(C)CNC1CCC(Nc2nc(Cl)cc(-c3c[nH]c4ncccc34)n2)CC1,251.19,0.0,0.0,1,0,Ki,CHEMBL2006456,CHEMBL1201862
COCCNc1cc(-c2c[nH]c3ncccc23)cc(Cl)n1,251.19,0.0,0.0,1,0,Ki,CHEMBL1964340,CHEMBL1201862
c1cc2cc(-c3ccc4cn[nH]c4c3)cnc2[nH]1,1258.93,0.0,0.0,1,0,Ki,CHEMBL1976134,CHEMBL1201862
Cc1ccc(C(=O)Nc2c(C(N)=O)sc3ccc(Cl)c(Cl)c23)cc1,1995.26,0.0,0.0,1,0,Ki,CHEMBL1965131,CHEMBL1201862
Nc1n[nH]c2ccc(-c3nnn(Cc4ccccc4)c3-c3ccccc3)cc12,50.12,0.0,0.0,1,0,Ki,CHEMBL1972158,CHEMBL1201862
O=C(O)c1cc2c(-c3cccc(F)c3)cncc2s1,3162.28,0.0,0.0,1,0,Ki,CHEMBL1974457,CHEMBL1201862
CC(C)(CO)CCCNc1cc(-c2c[nH]c3ncccc23)cc(Cl)n1,100.0,0.0,0.0,1,0,Ki,CHEMBL1967662,CHEMBL1201862
Cn1cnc2c(NCc3ccccc3)nc(NCCO)nc21,3981.07,0.0,0.0,1,0,Ki,CHEMBL280074,CHEMBL1201862
NS(=O)(=O)c1cccc(Nc2ncc3ccn(Cc4ccccc4)c3n2)c1,100.0,0.0,0.0,1,0,Ki,CHEMBL1993424,CHEMBL1201862
Cc1n[nH]c2c1C(c1ccccc1F)C1=C(CC(C)(C)CC1=O)N2,1995.26,0.0,0.0,1,0,Ki,CHEMBL1966703,CHEMBL1201862
Cc1ccc(Nc2nccc(Nc3ccccc3C(=O)O)n2)cc1F,398.11,0.0,0.0,1,0,Ki,CHEMBL243518,CHEMBL1201862
CC(C)N(C)C(=O)c1c(-c2ccc3[nH]ncc3c2)nnn1Cc1ccccc1,100.0,0.0,0.0,1,0,Ki,CHEMBL1969561,CHEMBL1201862
COc1cccc(C(C)NC(=O)c2ccc(-c3ccncc3)cc2)c1,2511.89,0.0,0.0,1,0,Ki,CHEMBL1975121,CHEMBL1201862
Cc1cc(C)cc(NC(=O)Nc2ccc3c(c2)CCc2sc4ncnc(N)c4c2-3)c1,3981.07,0.0,0.0,1,0,Ki,CHEMBL1964687,CHEMBL1201862
Cc1c[nH]c2nccc(Oc3c(F)cc(Nc4cc(Cl)nc(N)n4)cc3F)c12,398.11,0.0,0.0,1,0,Ki,CHEMBL1971943,CHEMBL1201862
NC(=O)c1cc2c(-c3ccc(Br)c(F)c3F)cncc2s1,316.23,0.0,0.0,1,0,Ki,CHEMBL1999918,CHEMBL1201862
COc1ccc(C(=O)N2c3ccccc3Sc3c(Cl)cncc32)cc1,1995.26,0.0,0.0,1,0,Ki,CHEMBL1988537,CHEMBL1201862
COc1cccc(C(C)NC(=O)c2ccc(-c3ccncc3)c(C)c2)c1,3981.07,0.0,0.0,1,0,Ki,CHEMBL1969049,CHEMBL1201862
Cc1ccc(NC(=O)Nc2ccc(-c3coc4ncnc(N)c34)cc2)cc1,7943.28,0.0,0.0,1,0,Ki,CHEMBL2005828,CHEMBL1201862
CC(=O)NC1CCCC(Nc2nc(Cl)cc(-c3c[nH]c4ncccc34)n2)C1,501.19,0.0,0.0,1,0,Ki,CHEMBL1980178,CHEMBL1201862
NC(=O)c1sc2c(Br)ccc(Cl)c2c1N,501.19,0.0,0.0,1,0,Ki,CHEMBL1998611,CHEMBL1201862
CCCS(=O)(=O)Nc1ccc(-c2ccc3[nH]nc(NC(=O)CC)c3c2)cc1,63.1,0.0,0.0,1,0,Ki,CHEMBL1972221,CHEMBL1201862
Cc1cc(-c2ccc3c(c2)Nc2ccccc2NC3=O)ccn1,501.19,0.0,0.0,1,0,Ki,CHEMBL1981511,CHEMBL1201862
O=C(Nc1cnc2[nH]cc(-c3ccccc3)c2c1)c1c(F)cccc1F,3981.07,0.0,0.0,1,0,Ki,CHEMBL1996979,CHEMBL1201862
CCc1cccc(NC(=O)Nc2ccc3c(c2)CCc2sc4ncnc(N)c4c2-3)c1,7943.28,0.0,0.0,1,0,Ki,CHEMBL1968406,CHEMBL1201862
CNC(=O)c1cnc(N)c2c(-c3ccc(NC(=O)Nc4cccc(Cl)c4)cc3)csc12,7943.28,0.0,0.0,1,0,Ki,CHEMBL1982476,CHEMBL1201862
O=C1C(=NNc2cccc3c(=O)[nH][nH]c(=O)c23)C(c2ccccc2)=NN1c1ccccc1,1000.0,0.0,0.0,1,0,Ki,CHEMBL1984274,CHEMBL1201862
O=C(Nc1cccc(C(F)(F)F)n1)Nc1ccnc2c(Cl)c(Cl)ccc12,3162.28,0.0,0.0,1,0,Ki,CHEMBL2006010,CHEMBL1201862
CS(=O)(=O)Nc1ccccc1-c1ccc2c(c1)Nc1ccccc1NC2=O,6309.57,0.0,0.0,1,0,Ki,CHEMBL1975937,CHEMBL1201862
COCC(C)Nc1cc(-c2c[nH]c3ncccc23)cc(Cl)n1,158.49,0.0,0.0,1,0,Ki,CHEMBL1998068,CHEMBL1201862
Cc1c(NC2CCC(N)CC2)nc2ccnn2c1Nc1ccc(F)c(Cl)c1,7943.28,0.0,0.0,1,0,Ki,CHEMBL1980371,CHEMBL1201862
CCCn1c(=O)c2[nH]c(-c3cnn(Cc4cccc(C(F)(F)F)c4)c3)nc2n(CC)c1=O,5011.87,0.0,0.0,1,0,Ki,CHEMBL260933,CHEMBL1201862
CC(=NNC(=N)N)c1cc(NC(=O)NCCCN(C)CCCNC(=O)Nc2cc(C(C)=NNC(=N)N)cc(C(C)=NNC(=N)N)c2)cc(C(C)=NNC(=N)N)c1,1000.0,0.0,0.0,1,0,Ki,CHEMBL1993166,CHEMBL1201862
c1ccc(-c2n[nH]cc2-c2ccncc2)cc1,12589.25,0.0,0.0,1,0,Ki,CHEMBL1992644,CHEMBL1201862
NC(=O)c1cc(-c2ccnc(N)n2)[nH]c1-c1ccc(Cl)cc1F,398.11,0.0,0.0,1,0,Ki,CHEMBL1981079,CHEMBL1201862
COc1cc(-c2ccc3c(c2)Nc2ccc(C(=O)NCc4cccc(F)c4)cc2NC3=O)ccc1O,501.19,0.0,0.0,1,0,Ki,CHEMBL2000832,CHEMBL1201862
Cc1nn(C)c2c1c(=O)c1cc(Cl)ccc1n2OCC(C)C,1000.0,0.0,0.0,1,0,Ki,CHEMBL1977814,CHEMBL1201862
Cc1nc2ccccn2c1-c1csc(Nc2ccc(O)cc2)n1,794.33,0.0,0.0,1,0,Ki,CHEMBL513846,CHEMBL1201862
NC(=O)c1cc(-c2ccnc(N)n2)[nH]c1-c1ccc(Cl)cc1Cl,63.1,0.0,0.0,2,0,Ki,CHEMBL1965660,CHEMBL1201862
NCCNc1cc(-c2c[nH]c3ncccc23)cc(Cl)n1,398.11,0.0,0.0,1,0,Ki,CHEMBL1972290,CHEMBL1201862
CC(C)(C)c1ccc2nc(-c3n[nH]c4ccccc34)[nH]c2c1,794.33,0.0,0.0,2,0,Ki,CHEMBL1970104,CHEMBL1201862
NC(=O)c1cc2c(Oc3cccc(F)c3)cncc2s1,1000.0,0.0,0.0,1,0,Ki,CHEMBL1964777,CHEMBL1201862
Cn1cc(Nc2ncc(Cl)c(Nc3ccccc3C(N)=O)n2)cn1,1.259,0.0,0.0,1,0,Ki,CHEMBL1984548,CHEMBL1201862
NC(COc1cncc(-c2ccc3c(c2)CC(=O)N3)c1)Cc1c[nH]c2ccccc12,3162.28,0.0,0.0,1,0,Ki,CHEMBL1967302,CHEMBL1201862
N#Cc1ccc(-c2n[nH]c3c2Cc2ccc(OCCCCN4CCOCC4)cc2-3)cn1,6309.57,0.0,0.0,1,0,Ki,CHEMBL398951,CHEMBL1201862
COc1cc2cnc3c(c2cc1OC)C(=O)NC3=O,398.11,0.0,0.0,1,0,Ki,CHEMBL1982506,CHEMBL1201862
COc1cc(C)c(Cl)cc1NC(=O)Nc1cnc(C#N)cn1,6309.57,0.0,0.0,1,0,Ki,CHEMBL1975233,CHEMBL1201862
CCCC(=O)Nc1n[nH]c2ccc(-c3cccc(F)c3F)cc12,15.85,0.0,0.0,1,0,Ki,CHEMBL1985406,CHEMBL1201862
Cc1cc(O)ccc1-n1cc(C(=O)NN)c(=O)c2ccc(-c3ccncc3)cc21,630.96,0.0,0.0,1,0,Ki,CHEMBL2000894,CHEMBL1201862
Nc1ncnc2c1sc1ncnc(N)c12,1584.89,0.0,0.0,1,0,Ki,CHEMBL1976090,CHEMBL1201862
O=C1NCc2c1cccc2-c1ccc(Nc2nc3ccccc3o2)cc1,5011.87,0.0,0.0,1,0,Ki,CHEMBL2004771,CHEMBL1201862
OCC(CO)Nc1ncnc2[nH]cc(-c3ccccc3)c12,251.19,0.0,0.0,1,0,Ki,CHEMBL1992922,CHEMBL1201862
CCS(=O)(=O)Nc1ccc(-c2ccc3[nH]nc(N)c3c2)cc1,3981.07,0.0,0.0,1,0,Ki,CHEMBL1997597,CHEMBL1201862
CN(C)CC(C)(C)CNc1nccc(-c2c(-c3ccc(F)cc3)nc3cnccn23)n1,5011.87,0.0,0.0,1,0,Ki,CHEMBL1976093,CHEMBL1201862
Nc1nonc1-n1nnc(C(=O)NN=Cc2cccs2)c1-c1cccs1,1584.89,0.0,0.0,1,0,Ki,CHEMBL1975256,CHEMBL1201862
COc1ccc(C(=O)Nc2nc3ccc(Cl)cc3s2)c(OC)c1,3162.28,0.0,0.0,1,0,Ki,CHEMBL1983309,CHEMBL1201862
CS(=O)(=O)Nc1ccc(-c2ccc3[nH]nc(N)c3c2)cc1,3162.28,0.0,0.0,1,0,Ki,CHEMBL2004892,CHEMBL1201862
Cc1n[nH]c2ccc(-c3nnn(Cc4ccccc4)c3-c3ccc(F)cc3)cc12,158.49,0.0,0.0,1,0,Ki,CHEMBL1972339,CHEMBL1201862
NC(=O)c1cc2c(Oc3ccc(Br)cc3)cncc2s1,1000.0,0.0,0.0,1,0,Ki,CHEMBL116070,CHEMBL1201862
Cc1cccc(CNc2cc(-c3c[nH]c4ncccc34)ncn2)c1,39.81,0.0,0.0,1,0,Ki,CHEMBL1995932,CHEMBL1201862
O=C(Nc1cnccn1)Nc1ccnc2ccccc12,158.49,0.0,0.0,1,0,Ki,CHEMBL1981720,CHEMBL1201862
Cc1n[nH]c2ccc(-c3cncc(OCCNS(C)(=O)=O)c3)cc12,316.23,0.0,0.0,1,0,Ki,CHEMBL1967704,CHEMBL1201862
O=C(NNC(=S)Nc1ccc(Cl)cc1)C(O)(c1ccccc1)c1ccccc1,2511.89,0.0,0.0,1,0,Ki,CHEMBL1966722,CHEMBL1201862
O=C(Nc1n[nH]c2ccc(-c3cn(Cc4ccccc4)nn3)cc12)c1cccc(Cl)c1,79.43,0.0,0.0,1,0,Ki,CHEMBL1983595,CHEMBL1201862
COc1cc(-c2ccc3c(c2)Nc2ccc(C(=O)NCCNC(C)=O)cc2NC3=O)ccc1O,630.96,0.0,0.0,1,0,Ki,CHEMBL1975500,CHEMBL1201862
COc1ccc(Nc2nccc(Nc3c(NC(C)C(C)(C)C)c(=O)c3=O)n2)cc1OC,630.96,0.0,0.0,1,0,Ki,CHEMBL1964399,CHEMBL1201862
Clc1cc(-c2c[nH]c3ncccc23)nc(NC2CCOCC2)n1,63.1,0.0,0.0,1,0,Ki,CHEMBL1980253,CHEMBL1201862
Cc1cccc(NC(=O)Nc2ccc(-c3csc4c(C#CCN)cnc(N)c34)cc2)c1,2511.89,0.0,0.0,1,0,Ki,CHEMBL1965988,CHEMBL1201862
CN(C)c1ccc(-c2c(-c3ccc4[nH]nc(N)c4c3)nnn2Cc2ccccc2)cc1,125.89,0.0,0.0,1,0,Ki,CHEMBL1969221,CHEMBL1201862
CN1CCC(c2c(O)cc(O)c3c(=O)cc(-c4ccccc4Cl)oc23)C(O)C1,39.81,0.0,0.0,2,0,Ki,CHEMBL422897,CHEMBL1201862
Cc1c(-c2ccc3[nH]nc(N)c3c2)nnn1Cc1ccccc1,251.19,0.0,0.0,1,0,Ki,CHEMBL1989646,CHEMBL1201862
c1ccc(Cc2cc(-c3ccc4[nH]ncc4c3)on2)cc1,794.33,0.0,0.0,1,0,Ki,CHEMBL1682357,CHEMBL1201862
O=C1NCCc2[nH]c(-c3ccncc3)cc21,316.23,0.0,0.0,1,0,Ki,CHEMBL225519,CHEMBL1201862
O=C(Nc1n[nH]c2nc3ccccc3cc12)c1ccncc1,501.19,0.0,0.0,1,0,Ki,CHEMBL1990415,CHEMBL1201862
CCCC(=O)Nc1cc(-c2c[nH]c3ncccc23)cc(Cl)n1,1258.93,0.0,0.0,1,0,Ki,CHEMBL1998470,CHEMBL1201862
CNCC(=O)NC1CCC(Nc2nc(Cl)cc(-c3c[nH]c4ncccc34)n2)CC1,19.95,0.0,0.0,1,0,Ki,CHEMBL1996980,CHEMBL1201862
Cc1ccc(Cn2cc(-c3ccc4[nH]ncc4c3)nn2)c(C)c1,5011.87,0.0,0.0,1,0,Ki,CHEMBL1984432,CHEMBL1201862
Nc1n[nH]c2cccc(-c3ccc(NC(=O)Nc4ccccc4)cc3)c12,6309.57,0.0,0.0,1,0,Ki,CHEMBL219722,CHEMBL1201862
CN(Cc1ccccc1)c1cc(-c2c[nH]c3ncccc23)cc(Cl)n1,31.62,0.0,0.0,1,0,Ki,CHEMBL1969920,CHEMBL1201862
Cn1cc(Nc2ncc(Br)c(Nc3ccccc3C(N)=O)n2)cn1,1.585,0.0,0.0,1,0,Ki,CHEMBL1994669,CHEMBL1201862
CCOC(=O)C1=C(N)n2c(sc(=Cc3cccs3)c2=O)=C(C(N)=O)C1c1cccs1,5011.87,0.0,0.0,1,0,Ki,CHEMBL2004365,CHEMBL1201862
O=C1NCCc2[nH]c(-c3ccnc(Cl)c3)cc21,1995.26,0.0,0.0,1,0,Ki,CHEMBL226232,CHEMBL1201862
CNC(=O)c1ccccc1Nc1nc(Nc2ccc(N3CCOCC3)cc2OC)ncc1Cl,1995.26,0.0,0.0,1,0,Ki,CHEMBL458997,CHEMBL1201862
Cc1n[nH]c2ccc(-c3cncc(OCC(N)Cc4cccc(OC(F)(F)F)c4)c3)cc12,39.81,0.0,0.0,1,0,Ki,CHEMBL1965836,CHEMBL1201862
O=c1[nH]cnc2c1sc1c(Cl)ccc(Cl)c12,5011.87,0.0,0.0,1,0,Ki,CHEMBL583144,CHEMBL1201862
NC(=O)c1cc2c(-c3ccc(F)cc3)cncc2s1,501.19,0.0,0.0,1,0,Ki,CHEMBL1974310,CHEMBL1201862
COc1ccc2c(NC(=O)Nc3cccc(C(F)(F)F)n3)ccnc2c1,100.0,0.0,0.0,2,0,Ki,CHEMBL1982660,CHEMBL1201862
NC(=O)c1cccc(-c2cnc3[nH]cc(-c4ccccc4)c3c2)c1,316.23,0.0,0.0,1,0,Ki,CHEMBL1982957,CHEMBL1201862
Oc1c2ccccc2c2c3c(cccc13)N=N2,79.43,0.0,0.0,1,0,Ki,CHEMBL1725279,CHEMBL1201862
c1ccc(CNc2cc(-c3c[nH]c4ncccc34)ncn2)cc1,15.85,0.0,0.0,1,0,Ki,CHEMBL2002346,CHEMBL1201862
O=C(NNC(=S)Nc1ccc(F)cc1)C(O)(c1ccccc1)c1ccccc1,1258.93,0.0,0.0,1,0,Ki,CHEMBL1975138,CHEMBL1201862
Cc1cnc(-c2cnc(NCCNc3ccc(C#N)cn3)nc2-c2ccc(Cl)cc2Cl)[nH]1,1584.89,0.0,0.0,1,0,Ki,CHEMBL412142,CHEMBL1201862
NC(=O)c1sc2ccc(Cl)c(Cl)c2c1NC(=O)c1ccc(Cl)cc1,794.33,0.0,0.0,1,0,Ki,CHEMBL2003271,CHEMBL1201862
O=C(O)c1ccccc1Nc1ncnc(Nc2ccc(F)cc2)n1,1000.0,0.0,0.0,1,0,Ki,CHEMBL1992231,CHEMBL1201862
CC(=O)NCC(=O)N1C2CCC1c1cc(Nc3ncc(C(F)(F)F)c(NC4CCC4)n3)ccc12,15.85,0.0,0.0,1,0,Ki,CHEMBL1983111,CHEMBL1201862
Nc1n[nH]c2nnc(-c3ccccc3)c(-c3ccccc3)c12,1584.89,0.0,0.0,1,0,Ki,CHEMBL260135,CHEMBL1201862
CCn1c(-c2nonc2N)nc2cnc(Oc3cccc(NC(=O)c4ccc(OCCN5CCOCC5)cc4)c3)cc21,794.33,0.0,0.0,1,0,Ki,CHEMBL220241,CHEMBL1201862
CCCCNc1cc(-c2ccncc2)cc2[nH]nc(N)c12,199.53,0.0,0.0,1,0,Ki,CHEMBL1983157,CHEMBL1201862
FC(F)(F)c1cccc(CNc2cc(-c3c[nH]c4ncccc34)ncn2)c1,630.96,0.0,0.0,1,0,Ki,CHEMBL1966040,CHEMBL1201862
CSc1cnc2c(ccc3cnccc32)c1O,125.89,0.0,0.0,1,0,Ki,CHEMBL2006933,CHEMBL1201862
COc1ccc(C(=O)Nc2n[nH]c3ccc(-c4cn(Cc5ccccc5)nn4)cc23)cc1OC,12.59,0.0,0.0,1,0,Ki,CHEMBL1991078,CHEMBL1201862
CC(=NNC(=N)N)c1cc(NC(=O)c2cccc(C(=O)Nc3cc(C(C)=NNC(=N)N)cc(C(C)=NNC(=N)N)c3)c2)cc(C(C)=NNC(=N)N)c1,125.89,0.0,0.0,1,0,Ki,CHEMBL2000685,CHEMBL1201862
CN1CCN(c2nc(C3=C(c4c[nH]c5ccccc45)C(=O)NC3=O)c3ccccc3n2)CC1,125.89,0.0,0.0,1,0,Ki,CHEMBL565612,CHEMBL1201862
NC1CCCCC1Nc1nc(Cl)cc(-c2c[nH]c3ncccc23)n1,125.89,0.0,0.0,1,0,Ki,CHEMBL1994438,CHEMBL1201862
Nc1n[nH]c2cccc(-c3ccc(NC(=O)Nc4cc(CO)ccc4F)cc3)c12,3162.28,0.0,0.0,1,0,Ki,CHEMBL1985311,CHEMBL1201862
O=C1NN=Cc2c[nH]c3cc(NC(=O)C4CC4c4ccccc4)cc1c23,630.96,0.0,0.0,1,0,Ki,CHEMBL1969502,CHEMBL1201862
CCCCOc1cc(-c2ccncc2)cc2[nH]nc(N)c12,1000.0,0.0,0.0,1,0,Ki,CHEMBL1996447,CHEMBL1201862
CC(C)Nc1c(-c2ccc3[nH]ncc3c2)nc2ncccn12,251.19,0.0,0.0,1,0,Ki,CHEMBL1682553,CHEMBL1201862
Cc1n[nH]c2ccc(-c3cncc(OCC(CN)Cc4ccccc4)c3)cc12,158.49,0.0,0.0,1,0,Ki,CHEMBL2000271,CHEMBL1201862
Oc1ccc(-c2n[nH]c(Nc3cccc(Cl)c3)c2-c2ccc(O)cc2)cc1,3162.28,0.0,0.0,1,0,Ki,CHEMBL1985092,CHEMBL1201862
Nc1nonc1-n1nnc(C(=O)NN=Cc2cccs2)c1-c1ccccc1,3981.07,0.0,0.0,1,0,Ki,CHEMBL2004692,CHEMBL1201862
CN(C)c1cccc2c(S(=O)(=O)N(CCN)c3cncc(-c4ccc5cnccc5c4)c3)cccc12,7943.28,0.0,0.0,1,0,Ki,CHEMBL1967544,CHEMBL1201862
NC(=O)c1cn(-c2ccc(O)cc2Cl)c2cc(-c3ccncc3)ccc2c1=O,251.19,0.0,0.0,1,0,Ki,CHEMBL340384,CHEMBL1201862
CN(C)C1CCC(Nc2nc(Cl)cc(-c3c[nH]c4ncccc34)n2)CC1,25.12,0.0,0.0,1,0,Ki,CHEMBL1969151,CHEMBL1201862
CS(=O)(=O)NCCOc1cncc(-c2ccc3cnccc3c2)c1,398.11,0.0,0.0,1,0,Ki,CHEMBL1964804,CHEMBL1201862
COc1ccc(-c2cnc3c(Br)cnn3c2)cc1,251.19,0.0,0.0,1,0,Ki,CHEMBL443962,CHEMBL1201862
CCCC(=O)Nc1n[nH]c2nc3ccccc3cc12,630.96,0.0,0.0,1,0,Ki,CHEMBL1967564,CHEMBL1201862
NCCCn1cc(-c2cc(-c3cc4ccccc4s3)c3[nH]ncc3c2)c2nc(N)ncc21,12.59,0.0,0.0,1,0,Ki,CHEMBL592030,CHEMBL1201862
OCCCNc1ncnc2[nH]cc(-c3ccccc3)c12,630.96,0.0,0.0,1,0,Ki,CHEMBL2000071,CHEMBL1201862
COc1cc(OC)cc(C(=O)Nc2n[nH]c3ccc(-c4cn(Cc5ccccc5)nn4)cc23)c1,251.19,0.0,0.0,1,0,Ki,CHEMBL2002613,CHEMBL1201862
O=C(NCc1ccccc1)c1c[nH]n2c(=O)cc(-c3ccncc3)nc12,158.49,0.0,0.0,1,0,Ki,CHEMBL1974250,CHEMBL1201862
O=C(Nc1cnccn1)Nc1ccnc2c(C(F)(F)F)cccc12,1000.0,0.0,0.0,1,0,Ki,CHEMBL1994538,CHEMBL1201862
NCCCOc1cc2c(c(-c3ccc(Nc4nc5ccccc5o4)cc3)c1)CNC2=O,1995.26,0.0,0.0,1,0,Ki,CHEMBL1975490,CHEMBL1201862
Cc1ccc2nccc(NC(=O)Nc3cccc(C(F)(F)F)n3)c2c1,79.43,0.0,0.0,1,0,Ki,CHEMBL1964444,CHEMBL1201862
CN(C)c1cc(-c2ccncc2)cc2[nH]nc(N)c12,630.96,0.0,0.0,1,0,Ki,CHEMBL2003229,CHEMBL1201862
Cc1cccc(CNc2cc(-c3c[nH]c4ncccc34)cc(Cl)n2)c1C,199.53,0.0,0.0,1,0,Ki,CHEMBL1988331,CHEMBL1201862
NC1CCCC(Nc2nc(Cl)cc(-c3c[nH]c4ncccc34)n2)C1,158.49,0.0,0.0,1,0,Ki,CHEMBL1998432,CHEMBL1201862
Fc1cnc(Nc2ccccc2)nc1Nc1ccccc1,398.11,0.0,0.0,1,0,Ki,CHEMBL491758,CHEMBL1201862
CC(C)n1cnc2c(NCc3ccccc3)nc(NCCO)nc21,1584.89,0.0,0.0,1,0,Ki,CHEMBL86066,CHEMBL1201862
Cc1n[nH]c2ccc(-c3cncc(OCCN(C)S(C)(=O)=O)c3)cc12,501.19,0.0,0.0,1,0,Ki,CHEMBL1998826,CHEMBL1201862
c1cc2[nH]ncc2cc1-c1cc(CN2CCCCC2)no1,1000.0,0.0,0.0,1,0,Ki,CHEMBL1682360,CHEMBL1201862
Nc1ncnc2c1c(I)nn2C1CCC(O)CC1,1000.0,0.0,0.0,1,0,Ki,CHEMBL1996791,CHEMBL1201862
O=C(NC(CO)c1ccccc1)c1ccc(-c2ccncc2)cc1,3162.28,0.0,0.0,1,0,Ki,CHEMBL1974288,CHEMBL1201862
c1cnc2[nH]cc(-c3ccnc(NCC4CCCCC4)n3)c2c1,3.981,0.0,0.0,1,0,Ki,CHEMBL213207,CHEMBL1201862
COc1ccc(-c2cc3nccn3c(Nc3ncccc3C(N)=O)n2)cc1OC,316.23,0.0,0.0,1,0,Ki,CHEMBL1190711,CHEMBL1201862
Nc1n[nH]c2cccc(-c3ccc(Br)cc3)c12,3981.07,0.0,0.0,1,0,Ki,CHEMBL1990346,CHEMBL1201862
CCCC(=O)Nc1cccc(-c2nc(Nc3ccc4[nH]ncc4c3)c3cc(OCCN4CCCC4)ccc3n2)c1,1258.93,0.0,0.0,1,0,Ki,CHEMBL1968705,CHEMBL1201862
CC(C)Cc1cc(-c2ccc3[nH]nc(N)c3c2)on1,251.19,0.0,0.0,1,0,Ki,CHEMBL1966343,CHEMBL1201862
Cc1n[nH]c2ccc(-c3cncc(OCCN)c3)cc12,251.19,0.0,0.0,1,0,Ki,CHEMBL1967887,CHEMBL1201862
CC(=O)c1cccc(-c2cnc3[nH]ccc3c2)c1,5011.87,0.0,0.0,1,0,Ki,CHEMBL2000568,CHEMBL1201862
Cc1ccc(NC(=O)Nc2ccc(-c3csc4ncnc(N)c34)cc2)cc1C,7943.28,0.0,0.0,1,0,Ki,CHEMBL2000335,CHEMBL1201862
Fc1cccc(-c2c[nH]c3ncccc23)c1,1258.93,0.0,0.0,1,0,Ki,CHEMBL1993648,CHEMBL1201862
CN(c1ncccc1CNc1nc(Nc2ccc3c(c2)CC(=O)N3)ncc1C(F)(F)F)S(C)(=O)=O,79.43,0.0,0.0,1,0,Ki,CHEMBL1084546,CHEMBL1201862
Cc1cccc(Nc2nc(NC3CCCCC3N)cnc2C(N)=O)c1,100.0,0.0,0.0,1,0,Ki,CHEMBL1974328,CHEMBL1201862
COc1cc(N2CCC(N3CCN(C)CC3)CC2)ccc1Nc1ncc(Cl)c(Nc2ccccc2S(=O)(=O)C(C)C)n1,125.89,0.0,0.0,1,0,Ki,CHEMBL509032,CHEMBL1201862
O=C(O)c1ccccc1Nc1ccnc(Nc2cccc(F)c2)n1,316.23,0.0,0.0,1,0,Ki,CHEMBL243298,CHEMBL1201862
NC(=O)c1ccc(-c2ccnc(N)n2)cc1N1CCCCC1,1258.93,0.0,0.0,1,0,Ki,CHEMBL1971951,CHEMBL1201862
Fc1ccc2c(c1)-c1n[nH]cc1CS2,19952.62,0.0,0.0,1,0,Ki,CHEMBL1989069,CHEMBL1201862
CCCS(=O)(=O)Nc1ccc(-c2ccc3[nH]nc(N)c3c2)cc1,3162.28,0.0,0.0,1,0,Ki,CHEMBL1992342,CHEMBL1201862
O=c1cc(-c2ccncc2)nc(NCc2cc(F)cc(F)c2)[nH]1,794.33,0.0,0.0,1,0,Ki,CHEMBL2003682,CHEMBL1201862
Cc1cc(Cl)ccc1NC(=S)NNC(=O)C(O)(c1ccccc1)c1ccccc1,316.23,0.0,0.0,1,0,Ki,CHEMBL1988173,CHEMBL1201862
N#CC1=C(N)n2c(sc(=Cc3ccco3)c2=O)=C(C(N)=O)C1c1ccco1,7943.28,0.0,0.0,1,0,Ki,CHEMBL1989805,CHEMBL1201862
O=C(Nc1n[nH]c2ccc(-c3cn(Cc4ccccc4)nn3)cc12)c1ccc(F)cc1,12.59,0.0,0.0,1,0,Ki,CHEMBL1966204,CHEMBL1201862
CCC(N)(C#Cc1cnc(N)c2c(-c3ccc(NC(=O)Nc4cccc(C)c4)cc3)csc12)CC,794.33,0.0,0.0,1,0,Ki,CHEMBL1983025,CHEMBL1201862
NC(Cc1c[nH]c2ccccc12)C(=O)Nc1cncc(C=Cc2ccncc2)c1,3981.07,0.0,0.0,1,0,Ki,CHEMBL1983945,CHEMBL1201862
FC(F)(F)c1ccccc1CNc1nccc(-c2c[nH]c3ncccc23)n1,5.012,0.0,0.0,1,0,Ki,CHEMBL1999153,CHEMBL1201862
c1ccc(Cn2nnc(-c3ccc4[nH]ncc4c3)c2-c2ccccc2)cc1,63.1,0.0,0.0,1,0,Ki,CHEMBL1969473,CHEMBL1201862
NC(=O)c1cc2c(-c3cc(C(F)(F)F)cc(C(F)(F)F)c3)cncc2s1,3162.28,0.0,0.0,1,0,Ki,CHEMBL2002322,CHEMBL1201862
COCCN(CCOC)c1cc(-c2c[nH]c3ncccc23)cc(Cl)n1,1995.26,0.0,0.0,1,0,Ki,CHEMBL1985654,CHEMBL1201862
COc1cc(Nc2ncc([N+](=O)[O-])c(Nc3ccccc3C(N)=O)n2)cc(OC)c1OC,15.85,0.0,0.0,1,0,Ki,CHEMBL1241473,CHEMBL1201862
CNCCOc1cncc(-c2ccc3[nH]nc(C)c3c2)c1,501.19,0.0,0.0,1,0,Ki,CHEMBL1983855,CHEMBL1201862
CCN1CCN(CCCC(=O)Nc2n[nH]c3nnc(-c4cccc(F)c4F)cc23)CC1,1000.0,0.0,0.0,1,0,Ki,CHEMBL1992740,CHEMBL1201862
COc1cccc(C(C)NC(=O)c2ccc(-c3ccncc3)cc2NCCCN)c1,6309.57,0.0,0.0,1,0,Ki,CHEMBL2006188,CHEMBL1201862
CCCC(=O)Nc1nn(C(=O)CC)c2nc3ccccc3cc12,316.23,0.0,0.0,1,0,Ki,CHEMBL1970913,CHEMBL1201862
CCCS(=O)(=O)Nc1ccc(-c2ccc3[nH]nc(NC(C)=O)c3c2)cc1,100.0,0.0,0.0,1,0,Ki,CHEMBL1973893,CHEMBL1201862
Nc1n[nH]c2ccc(-c3nnn(Cc4ccccc4)c3C3CC3)cc12,79.43,0.0,0.0,1,0,Ki,CHEMBL2004631,CHEMBL1201862
COc1cccc(C(C)NC(=O)c2cc(C)c(-c3ccc4[nH]nc(C)c4c3)s2)c1,50.12,0.0,0.0,1,0,Ki,CHEMBL1997534,CHEMBL1201862
NC(=O)Cn1cc(-c2cc(-c3cc4ccccc4s3)c3[nH]ncc3c2)c2nc(N)ncc21,398.11,0.0,0.0,1,0,Ki,CHEMBL1985095,CHEMBL1201862
COCc1nnn(-c2nonc2N)c1C(=O)NN=C(C)c1ccc(O)cc1O,1995.26,0.0,0.0,1,0,Ki,CHEMBL1991180,CHEMBL1201862
c1cnc2nc(-c3ccc4[nH]ncc4c3)cn2c1,1258.93,0.0,0.0,1,0,Ki,CHEMBL1682540,CHEMBL1201862
Cc1ccccc1-c1c(-c2ccc3[nH]nc(C)c3c2)nnn1Cc1ccccc1,3.981,0.0,0.0,1,0,Ki,CHEMBL1983315,CHEMBL1201862
CCc1c(-c2ccc(C(C)(C)O)cc2)[nH]c2nccnc12,251.19,0.0,0.0,1,0,Ki,CHEMBL1976420,CHEMBL1201862
N#Cc1ncc2nc1OCCCCCOc1cc(OCCO)c(Cl)cc1NC(=O)N2,1995.26,0.0,0.0,1,0,Ki,CHEMBL413779,CHEMBL1201862
CN1CCN(Cc2ccc3c(c2)Cc2c(-c4csc(C#CCOCC5CC5)c4)n[nH]c2-3)CC1,3981.07,0.0,0.0,1,0,Ki,CHEMBL2002446,CHEMBL1201862
NCC1CCC(CNc2nc(NCc3ccccc3Cl)ncc2[N+](=O)[O-])CC1,630.96,0.0,0.0,1,0,Ki,CHEMBL246970,CHEMBL1201862
CN(c1ccccc1-c1ccc2c(c1)Nc1ccccc1NC2=O)S(C)(=O)=O,1995.26,0.0,0.0,1,0,Ki,CHEMBL1980497,CHEMBL1201862
Cc1cc(O)ccc1-n1cc(C(N)=O)c(=O)c2ccc(-c3ccncc3)cc21,1995.26,0.0,0.0,1,0,Ki,CHEMBL340921,CHEMBL1201862
O=C(Nc1n[nH]c2ccc(-c3cn(Cc4ccccc4)nn3)cc12)c1ccc(Cl)cc1,19.95,0.0,0.0,1,0,Ki,CHEMBL1987073,CHEMBL1201862
CN(C)CC(=O)NC1CCCC(Nc2nc(Cl)cc(-c3c[nH]c4ncccc34)n2)C1,1995.26,0.0,0.0,1,0,Ki,CHEMBL1995712,CHEMBL1201862
O=C1Nc2ccccc2Nc2nnc(I)cc21,316.23,0.0,0.0,1,0,Ki,CHEMBL1977346,CHEMBL1201862
NC(=O)c1ccc(Nc2ncnc3[nH]cc(-c4ccccc4)c23)cc1,501.19,0.0,0.0,1,0,Ki,CHEMBL1975440,CHEMBL1201862
Clc1cc(-c2c[nH]c3ncccc23)nc(NC2CCCCC2)n1,199.53,0.0,0.0,1,0,Ki,CHEMBL2006439,CHEMBL1201862
CC(C)N(C(=O)Nc1ccc2nc(-c3ccco3)c(-c3ccco3)nc2c1)C(C)C,3162.28,0.0,0.0,1,0,Ki,CHEMBL2006156,CHEMBL1201862
COc1cc(Nc2ncc(F)c(Nc3ccc4c(n3)NC(=O)C(C)(C)O4)n2)cc(OC)c1OC,125.89,0.0,0.0,1,0,Ki,CHEMBL475251,CHEMBL1201862
OC1CCC(Nc2cc(Cl)nc(-c3c[nH]c4ncccc34)n2)CC1,251.19,0.0,0.0,1,0,Ki,CHEMBL1991674,CHEMBL1201862
NC(=O)c1ccc(-c2c[nH]c3nccc(Cl)c23)cc1,501.19,0.0,0.0,1,0,Ki,CHEMBL1982711,CHEMBL1201862
Nc1n[nH]c2ccc(-c3cn(Cc4ccccc4)nn3)cc12,501.19,0.0,0.0,1,0,Ki,CHEMBL1682346,CHEMBL1201862
CCN(CC)CC#Cc1ccc2c(c1)-c1[nH]nc(-c3ccc(C#N)nc3)c1C2,6309.57,0.0,0.0,1,0,Ki,CHEMBL2007044,CHEMBL1201862
COc1cc(C=C(C#N)c2nc3ccccc3[nH]2)c(Br)cc1O,1000.0,0.0,0.0,1,0,Ki,CHEMBL1994241,CHEMBL1201862
O=C1Cc2c([nH]c3ccc([N+](=O)[O-])cc23)-c2ccccc2N1,31.62,0.0,0.0,1,0,Ki,CHEMBL50894,CHEMBL1201862
Cc1cnc(Nc2cccc(S(N)(=O)=O)c2)nc1Nc1ccc(OCC(N)=O)cc1,199.53,0.0,0.0,1,0,Ki,CHEMBL1988838,CHEMBL1201862
CS(=O)(=O)NC1CCC(Nc2nc(Cl)cc(-c3c[nH]c4ncccc34)n2)CC1,100.0,0.0,0.0,1,0,Ki,CHEMBL1980562,CHEMBL1201862
CCNC(=O)c1n[nH]c(-c2cc(Cl)c(O)cc2O)c1-c1ccc(OC)cc1,6309.57,0.0,0.0,1,0,Ki,CHEMBL365617,CHEMBL1201862
Nc1c(-c2ccccc2)c2cc(Cl)ccc2[nH]c1=O,5011.87,0.0,0.0,1,0,Ki,CHEMBL462120,CHEMBL1201862
O=C(O)c1ccccc1Nc1ncnc(Nc2cccc(F)c2)n1,630.96,0.0,0.0,1,0,Ki,CHEMBL1979933,CHEMBL1201862
OC1CCCC(Nc2cc(Cl)nc(-c3c[nH]c4ncccc34)n2)C1,630.96,0.0,0.0,1,0,Ki,CHEMBL1976936,CHEMBL1201862
CC(C)(O)CNc1cc(-c2c[nH]c3ncccc23)cc(Cl)n1,251.19,0.0,0.0,1,0,Ki,CHEMBL2005387,CHEMBL1201862
Cc1cncc2cccc(S(=O)(=O)N3CCCNCC3C)c12,2511.89,0.0,0.0,1,0,Ki,CHEMBL1082440,CHEMBL1201862
CS(=O)(=O)c1ccc(-c2cncc3sc(C(N)=O)cc23)cc1,1000.0,0.0,0.0,1,0,Ki,CHEMBL1972362,CHEMBL1201862
c1ccc(Cn2cc(-c3ccc4[nH]nc(-c5ccccc5)c4c3)nn2)cc1,100.0,0.0,0.0,1,0,Ki,CHEMBL1982400,CHEMBL1201862
COc1cccc(C(C)NC(=O)N2CC=C(c3c[nH]c4ncccc34)CC2)c1,316.23,0.0,0.0,1,0,Ki,CHEMBL1965845,CHEMBL1201862
NC(=O)c1cc2c(-c3cccc(F)c3)cncc2s1,158.49,0.0,0.0,1,0,Ki,CHEMBL1971017,CHEMBL1201862
NC(=O)c1cccc2[nH]c(-c3ccc(NC(=O)c4cccc(S(=O)(=O)N5CCOCC5)c4)cc3)nc12,7943.28,0.0,0.0,1,0,Ki,CHEMBL1986597,CHEMBL1201862
CCS(=O)(=O)c1ccc(-c2cncc3sc(C(N)=O)cc23)cc1,1584.89,0.0,0.0,1,0,Ki,CHEMBL2000104,CHEMBL1201862
Nc1cc(-c2c[nH]c3ncccc23)cc(Cl)n1,39.81,0.0,0.0,1,0,Ki,CHEMBL1987448,CHEMBL1201862
CC1=NN(c2ccc(Cl)c(Cl)c2)C(=O)C1=Cc1c(C)c(C#N)c2nc3ccccc3n2c1O,1584.89,0.0,0.0,1,0,Ki,CHEMBL1997349,CHEMBL1201862
c1ccc(Nc2nc(-c3ccc4[nH]ncc4c3)cs2)cc1,6309.57,0.0,0.0,1,0,Ki,CHEMBL1682545,CHEMBL1201862
NC(=O)c1ccc(-c2ccncc2)cc1NCc1cccc(F)c1,3162.28,0.0,0.0,1,0,Ki,CHEMBL1982982,CHEMBL1201862
CS(=O)(=O)NC1CCC(Nc2cc(Cl)nc(-c3c[nH]c4ncccc34)n2)CC1,398.11,0.0,0.0,1,0,Ki,CHEMBL2005216,CHEMBL1201862
O=C(NC(CO)c1ccccc1)N1CC=C(c2c[nH]c3ncccc23)CC1,1584.89,0.0,0.0,1,0,Ki,CHEMBL1964937,CHEMBL1201862
NCCn1cc(-c2cc(-c3cc4ccccc4s3)c3[nH]ncc3c2)c2nc(N)ncc21,125.89,0.0,0.0,1,0,Ki,CHEMBL590109,CHEMBL1201862
c1cnc2nc(-c3ccc4[nH]ncc4c3)c(NC3CCCCC3)n2c1,1258.93,0.0,0.0,1,0,Ki,CHEMBL1682552,CHEMBL1201862
COc1ccc(CNC(=O)Nc2ncc([N+](=O)[O-])s2)cc1,5011.87,0.0,0.0,1,0,Ki,CHEMBL259850,CHEMBL1201862
O=C1Nc2ccccc2Nc2cc(-c3ccncc3Cl)ccc21,501.19,0.0,0.0,1,0,Ki,CHEMBL1987745,CHEMBL1201862
CCCc1cc(-c2ccc3[nH]ncc3c2)on1,630.96,0.0,0.0,1,0,Ki,CHEMBL1682359,CHEMBL1201862
Cc1n[nH]c2ccc(-c3cncc(OCC(N)Cc4c[nH]c5ccccc45)c3)cc12,50.12,0.0,0.0,1,0,Ki,CHEMBL1970903,CHEMBL1201862
NC1CCC(Nc2nc(Cl)cc(-c3c[nH]c4ncccc34)n2)CC1,31.62,0.0,0.0,2,0,Ki,CHEMBL1973720,CHEMBL1201862
Cc1cccc(Nc2nccc(Nc3c(NC(C)C(C)(C)C)c(=O)c3=O)n2)c1,316.23,0.0,0.0,1,0,Ki,CHEMBL1969523,CHEMBL1201862
COc1cc(C=O)c(Cl)cc1NC(=O)Nc1cnc(C#N)cn1,3162.28,0.0,0.0,1,0,Ki,CHEMBL207995,CHEMBL1201862
CC(=O)N1CCC(Nc2nccc(-c3c(-c4ccc(F)cc4)nc4occn34)n2)CC1,7943.28,0.0,0.0,1,0,Ki,CHEMBL1986781,CHEMBL1201862
O=c1nc(-c2ccc3[nH]ncc3c2)cc(-c2ccccc2)[nH]1,398.11,0.0,0.0,1,0,Ki,CHEMBL526133,CHEMBL1201862
O=C1CN=C(c2cccc(Cl)c2)c2c(sc3c2CCCC3)N1,7943.28,0.0,0.0,1,0,Ki,CHEMBL2002470,CHEMBL1201862
c1ccc(Cn2nnc(-c3ccc4[nH]ncc4c3)c2C2CC2)cc1,31.62,0.0,0.0,1,0,Ki,CHEMBL1975418,CHEMBL1201862
CC(NC(=O)c1ccc(-c2ccncc2)cc1)c1ccccc1,3981.07,0.0,0.0,1,0,Ki,CHEMBL1999428,CHEMBL1201862
Cn1cc(C=C2C(=O)Nc3cccnc32)c2ccccc21,7943.28,0.0,0.0,1,0,Ki,CHEMBL1516890,CHEMBL1201862
Nc1n[nH]c2ccc(-c3cc(Cc4ccccc4)no3)cc12,199.53,0.0,0.0,1,0,Ki,CHEMBL1682358,CHEMBL1201862
NC(COc1cncc(-c2ccc3c(c2)C(=Cc2ccco2)C(=O)N3)c1)Cc1c[nH]c2ccccc12,125.89,0.0,0.0,1,0,Ki,CHEMBL2001751,CHEMBL1201862
Cc1c(Cl)c(N2CCC(CN)C2)nc2[nH]cc(C(=O)O)c(=O)c12,7943.28,0.0,0.0,1,0,Ki,CHEMBL1999774,CHEMBL1201862
OC1CCN(c2ncnc3[nH]cc(-c4ccccc4)c23)CC1,251.19,0.0,0.0,1,0,Ki,CHEMBL1973395,CHEMBL1201862
COc1cccc(C(C)NC(=O)c2ccc(-c3ccncc3C)cc2)c1,1995.26,0.0,0.0,1,0,Ki,CHEMBL1970217,CHEMBL1201862
O=C1Nc2ccccc2Nc2nnccc21,2511.89,0.0,0.0,1,0,Ki,CHEMBL1971801,CHEMBL1201862
O=C1Nc2ccccc2Nc2nnc(Cl)cc21,316.23,0.0,0.0,1,0,Ki,CHEMBL1968850,CHEMBL1201862
CCOC(=O)c1ccc2[nH]c3c(c2c1)CCNC3=O,5011.87,0.0,0.0,1,0,Ki,CHEMBL2005528,CHEMBL1201862
c1cc2[nH]ncc2cc1-c1cn(CC2CCOCC2)nn1,1995.26,0.0,0.0,1,0,Ki,CHEMBL1969843,CHEMBL1201862
COc1cc(-c2ccc3[nH]nc(C(=O)Nc4ccccc4)c3c2)ccc1O,794.33,0.0,0.0,1,0,Ki,CHEMBL2007002,CHEMBL1201862
Clc1cc(-c2c[nH]c3ncccc23)cc(NCc2ccccc2)n1,19.95,0.0,0.0,1,0,Ki,CHEMBL1969588,CHEMBL1201862
Cc1cc(Nc2ncc(F)c(NC3C4C=CC(C4)C3C(N)=O)n2)ccc1N1CCN(C)CC1,501.19,0.0,0.0,1,0,Ki,CHEMBL1967878,CHEMBL1201862
COc1cc(OC)c(Nc2ccc3nnc(-c4ccccc4)n3n2)cc1Cl,6309.57,0.0,0.0,1,0,Ki,CHEMBL1990212,CHEMBL1201862
c1ccc(Cc2cn(-c3ccc4[nH]ncc4c3)nn2)cc1,630.96,0.0,0.0,1,0,Ki,CHEMBL1682341,CHEMBL1201862
COc1ccc(NC(=O)Nc2ccc(-c3csc4c(-c5cnn(CC(C)(C)O)c5)cnc(N)c34)cc2)cc1,7943.28,0.0,0.0,1,0,Ki,CHEMBL2004290,CHEMBL1201862
Nc1n[nH]c2ccc(-c3nnn(Cc4ccccc4)c3-c3ccc(F)cc3)cc12,125.89,0.0,0.0,1,0,Ki,CHEMBL1986499,CHEMBL1201862
O=c1[nH]c2cnc(-n3cnc4ccc(F)cc43)nc2n1C1CCOc2c(F)cccc21,158.49,0.0,0.0,1,0,Ki,CHEMBL2000393,CHEMBL1201862
Brc1cnc2[nH]cc(-c3ccccc3)c2c1,251.19,0.0,0.0,1,0,Ki,CHEMBL1992634,CHEMBL1201862
Nc1ncnc(Nc2cc(CNC(=O)C(F)(F)F)c(O)c(-c3ccc(Cl)cc3)c2)n1,3162.28,0.0,0.0,1,0,Ki,CHEMBL2001239,CHEMBL1201862
Nc1ncnc2c1c(I)nn2C1OC(CO)C(O)C1O,3162.28,0.0,0.0,1,0,Ki,CHEMBL2001288,CHEMBL1201862
CN(C)c1ccc(C(=O)Nc2n[nH]c3ccc(-c4cn(Cc5ccccc5)nn4)cc23)cc1,50.12,0.0,0.0,1,0,Ki,CHEMBL1992363,CHEMBL1201862
Cc1n[nH]c2ncc(C#N)c(-c3ccccc3)c12,1584.89,0.0,0.0,1,0,Ki,CHEMBL1965495,CHEMBL1201862
CSc1ccc2nc3c(c(Cl)c2c1)CCNC3=O,7943.28,0.0,0.0,1,0,Ki,CHEMBL1985074,CHEMBL1201862
NCCNS(=O)(=O)c1cccc(C(=O)Nc2ccc(-c3n[nH]c(=O)c4ccccc34)cc2)c1,2511.89,0.0,0.0,1,0,Ki,CHEMBL2000481,CHEMBL1201862
CN(C)CC(=O)NC(COc1cncc(-c2ccc3cnccc3c2)c1)Cc1c[nH]c2ccccc12,5011.87,0.0,0.0,1,0,Ki,CHEMBL1991725,CHEMBL1201862
CN(C)CC(=O)NC1CCC(Nc2nc(Cl)cc(-c3c[nH]c4ncccc34)n2)CC1,39.81,0.0,0.0,1,0,Ki,CHEMBL1982271,CHEMBL1201862
CCCOc1cccc(C(C)NC(=O)c2ccc(-c3ccncc3)cc2)c1,794.33,0.0,0.0,1,0,Ki,CHEMBL2007296,CHEMBL1201862
O=C(O)c1ccccc1Nc1ccnc(Nc2ccc3[nH]ncc3c2)n1,79.43,0.0,0.0,1,0,Ki,CHEMBL396523,CHEMBL1201862
CNS(=O)(=O)c1ccccc1Nc1nc(Nc2cc(N3CCN(C(C)=O)CC3)ccc2OC)ncc1Br,100.0,0.0,0.0,1,0,Ki,CHEMBL1971029,CHEMBL1201862
Cc1nc2c(sc3c(Br)ccc(Cl)c32)c(=O)o1,6309.57,0.0,0.0,1,0,Ki,CHEMBL1974702,CHEMBL1201862
CN(C)C(=O)c1c(-c2ccc3[nH]ncc3c2)nnn1Cc1ccccc1,199.53,0.0,0.0,1,0,Ki,CHEMBL1996111,CHEMBL1201862
O=C(NCCCCCCNC(=O)Nc1cccnc1)Nc1cccnc1,6309.57,0.0,0.0,1,0,Ki,CHEMBL1998193,CHEMBL1201862
O=C1NC(=O)c2c1c(-c1ccccc1Cl)cc1[nH]c3ccc(O)cc3c21,199.53,0.0,0.0,1,0,Ki,CHEMBL379975,CHEMBL1201862
COc1cc2ncn(-c3cc(OCc4ccccc4C(F)(F)F)c(C(=O)O)s3)c2cc1OC,3162.28,0.0,0.0,1,0,Ki,CHEMBL474432,CHEMBL1201862
Cc1nnc(-c2cc3c(Oc4ccc(C(F)(F)F)cc4)cncc3s2)o1,1584.89,0.0,0.0,1,0,Ki,CHEMBL1988153,CHEMBL1201862
O=C(Nc1ccccc1)Nc1nccs1,19952.62,0.0,0.0,1,0,Ki,CHEMBL1487428,CHEMBL1201862
O=[N+]([O-])c1cccc(-c2nnc3ccc(N4CCCCC4)nn23)c1,630.96,0.0,0.0,1,0,Ki,CHEMBL2003637,CHEMBL1201862
O=C(O)c1ccccc1Nc1ncnc(Nc2ccc3cn[nH]c3c2)n1,316.23,0.0,0.0,1,0,Ki,CHEMBL1986666,CHEMBL1201862
N#Cc1ccc2[nH]c(O)c(-c3ccc(CN4CCOCC4)cn3)c2c1,1000.0,0.0,0.0,1,0,Ki,CHEMBL1969664,CHEMBL1201862
NC(=O)c1cc2c(-c3ccccc3)cncc2s1,501.19,0.0,0.0,1,0,Ki,CHEMBL1999556,CHEMBL1201862
CNC(=O)c1ccccc1Sc1ccc2c(C=Cc3ccccn3)n[nH]c2c1,7943.28,0.0,0.0,1,0,Ki,CHEMBL1988437,CHEMBL1201862
NCCC(C(=O)Nc1ccc2[nH]ncc2c1)c1ccc(Cl)c(Cl)c1,794.33,0.0,0.0,1,0,Ki,CHEMBL1998121,CHEMBL1201862
CCC(CO)Nc1nc(NCc2ccccc2)c2ncn(C(C)C)c2n1,199.53,0.0,0.0,1,0,Ki,CHEMBL52387,CHEMBL1201862
COc1cc(-c2ccc3c(c2)Nc2ccc(CCOc4ccc(N5CCOCC5)cc4)cc2NC3=O)ccc1CC#N,5011.87,0.0,0.0,2,0,Ki,CHEMBL1985566,CHEMBL1201862
OCCNc1cc(-c2c[nH]c3ncccc23)cc(Cl)n1,316.23,0.0,0.0,1,0,Ki,CHEMBL1989006,CHEMBL1201862
CCCCOc1ncnc2[nH]cc(-c3ccccc3)c12,158.49,0.0,0.0,1,0,Ki,CHEMBL1996817,CHEMBL1201862
Nc1nonc1-n1nnc(C(=O)NN=Cc2ccncc2)c1-c1ccccc1,7943.28,0.0,0.0,1,0,Ki,CHEMBL1419458,CHEMBL1201862
C=CCNc1cc(-c2c[nH]c3ncccc23)cc(Cl)n1,100.0,0.0,0.0,1,0,Ki,CHEMBL1996339,CHEMBL1201862
CN(C)CCCC(=O)Nc1n[nH]c2nnc(-c3cccc(F)c3F)cc12,1258.93,0.0,0.0,1,0,Ki,CHEMBL41783,CHEMBL1201862
COc1cccc2c1Nc1cc(Nc3ccncc3)ccc1C(=O)N2,1000.0,0.0,0.0,1,0,Ki,CHEMBL2006276,CHEMBL1201862
Cc1ccc2nc(NCCN)c3ncc(C)n3c2c1,1995.26,0.0,0.0,1,0,Ki,CHEMBL249697,CHEMBL1201862
COc1cc(-c2ccc3c(c2)Nc2ccc([N+](=O)[O-])cc2NC3=O)ccc1O,63.1,0.0,0.0,1,0,Ki,CHEMBL1995740,CHEMBL1201862
O=C(O)c1cc2c(-c3ccccc3)cncc2s1,7943.28,0.0,0.0,1,0,Ki,CHEMBL1996390,CHEMBL1201862
N#Cc1ccc(C(=O)Nc2n[nH]c3ccc(-c4cn(Cc5ccccc5)nn4)cc23)cc1,12.59,0.0,0.0,1,0,Ki,CHEMBL1990162,CHEMBL1201862
CCNC(=O)NC1CCC(Nc2nc(Cl)cc(-c3c[nH]c4ncccc34)n2)CC1,10.0,0.0,0.0,1,0,Ki,CHEMBL1992220,CHEMBL1201862
Oc1ccc(Nc2[nH]nc(-c3ccc(O)cc3)c2-c2ccc(O)cc2)cc1,1258.93,0.0,0.0,1,0,Ki,CHEMBL1969042,CHEMBL1201862
O=c1[nH]sc2c1c(=O)c1cc(F)c(NCc3ccccc3)c(F)c1n2C1CC1,3981.07,0.0,0.0,1,0,Ki,CHEMBL1991640,CHEMBL1201862
Cn1c2ccccc2c2c3c(c4c5ccccc5n(CCC#N)c4c21)CNC3=O,15.85,0.0,0.0,1,0,Ki,CHEMBL302449,CHEMBL1201862
COC(C(=O)N1Cc2[nH]nc(NC(=O)c3ccc(N4CCN(C)CC4)cc3)c2C1)c1ccccc1,501.19,0.0,0.0,1,0,Ki,CHEMBL1981047,CHEMBL1201862
Cc1n[nH]c2ccc(-c3cncc(OCC(N)Cc4ccc(Cl)c(Cl)c4)c3)cc12,25.12,0.0,0.0,1,0,Ki,CHEMBL1991063,CHEMBL1201862
COc1cccc(C(CN)NC(=O)c2ccc(-c3ccncc3)cc2)c1,2511.89,0.0,0.0,1,0,Ki,CHEMBL1976240,CHEMBL1201862
CS(=O)(=O)NC1CCCC(Nc2nc(Cl)cc(-c3c[nH]c4ncccc34)n2)C1,125.89,0.0,0.0,1,0,Ki,CHEMBL1987948,CHEMBL1201862
COc1cccc(CNC(=O)c2cc3c(-c4ccccc4)n[nH]c3s2)c1,7943.28,0.0,0.0,1,0,Ki,CHEMBL1987009,CHEMBL1201862
Cc1n[nH]c2ccc(-c3cncc(OCC(N)Cc4ccccc4)c3)cc12,79.43,0.0,0.0,1,0,Ki,CHEMBL2002726,CHEMBL1201862
O=C(Nc1cnccn1)Nc1ccnc2cc(C(F)(F)F)ccc12,1995.26,0.0,0.0,1,0,Ki,CHEMBL2003817,CHEMBL1201862
O=C1Cc2c([nH]c3ccc(Br)cc23)-c2ncccc2N1,501.19,0.0,0.0,1,0,Ki,CHEMBL336961,CHEMBL1201862
Nc1nnc(-c2cc3c(Oc4ccc(Cl)cc4)cncc3s2)o1,630.96,0.0,0.0,1,0,Ki,CHEMBL1994830,CHEMBL1201862
CC(Oc1cc(-c2cnn(C3CCNCC3)c2)cnc1N)c1c(Cl)ccc(F)c1Cl,6309.57,0.0,0.0,1,0,Ki,CHEMBL1825138,CHEMBL1201862
CCCC(=O)Nc1n[nH]c2ccc(-c3cn(Cc4ccccc4)nn3)cc12,3.162,0.0,0.0,1,0,Ki,CHEMBL1977223,CHEMBL1201862
CC(=NNC(=N)N)c1cc(NC(=O)NCCCCCCNC(=O)Nc2cc(C(C)=NNC(=N)N)cc(C(C)=NNC(=N)N)c2)cc(C(C)=NNC(=N)N)c1,501.19,0.0,0.0,1,0,Ki,CHEMBL1991728,CHEMBL1201862
O=C(Nc1n[nH]c2ccc(-c3cn(Cc4ccccc4)nn3)cc12)c1cc(F)ccc1F,25.12,0.0,0.0,1,0,Ki,CHEMBL1995811,CHEMBL1201862
NC(=O)c1cc2c(-c3ccc(F)cc3F)cncc2s1,251.19,0.0,0.0,1,0,Ki,CHEMBL1975787,CHEMBL1201862
COc1cc(C=C(C#N)c2n[nH]c(N)c2C#N)ccc1O,1258.93,0.0,0.0,1,0,Ki,CHEMBL2002407,CHEMBL1201862
Brc1ccc2[nH]nc(-c3ccccc3)c2c1,6309.57,0.0,0.0,1,0,Ki,CHEMBL1994074,CHEMBL1201862
Cc1ccc(Nc2nc3ccc([N+](=O)[O-])cc3[nH]2)nc1,1258.93,0.0,0.0,1,0,Ki,CHEMBL1992937,CHEMBL1201862
CCOC(=O)c1c(NC(=O)C2C(C)(C)C2(C)C)sc2cnccc12,1000.0,0.0,0.0,1,0,Ki,CHEMBL1990541,CHEMBL1201862
CC(C)(CN)CNc1nc(Cl)cc(-c2c[nH]c3ncccc23)n1,39.81,0.0,0.0,1,0,Ki,CHEMBL1968930,CHEMBL1201862
O=C(Nc1cnccn1)Nc1ccnc2ccc(C(F)(F)F)cc12,63.1,0.0,0.0,1,0,Ki,CHEMBL1976455,CHEMBL1201862
OCCC(Nc1nc2ccc(-c3ccncc3)cc2s1)c1ccccc1,1995.26,0.0,0.0,1,0,Ki,CHEMBL1982122,CHEMBL1201862
c1ccc(CNc2nc(-c3ccc4[nH]ncc4c3)cs2)cc1,6309.57,0.0,0.0,1,0,Ki,CHEMBL1682546,CHEMBL1201862
CN1CCN(c2cccc(Nc3nccc(-c4c(C(N)=O)nc5ccccn45)n3)c2)CC1,7943.28,0.0,0.0,1,0,Ki,CHEMBL1971245,CHEMBL1201862
CCOC(=O)c1cn(-c2ccc(O)cc2C)c2cc(-c3ccncc3)ccc2c1=O,3981.07,0.0,0.0,1,0,Ki,CHEMBL1996780,CHEMBL1201862
CCCCCCCCCCCCOc1ccc(NC(=N)N)cc1NC(=N)N,5011.87,0.0,0.0,1,0,Ki,CHEMBL1980715,CHEMBL1201862
O=C1Cc2c([nH]c3ccc(Br)cc23)-c2ccccc2N1,100.0,0.0,0.0,1,0,Ki,CHEMBL296586,CHEMBL1201862
NC(COc1cncc(-c2cc3ccncc3s2)c1)Cc1c[nH]c2ccccc12,158.49,0.0,0.0,1,0,Ki,CHEMBL1966524,CHEMBL1201862
Nc1n[nH]c2cccc(-c3ccc(NC(=O)Nc4cc(C(=O)O)ccc4F)cc3)c12,1995.26,0.0,0.0,1,0,Ki,CHEMBL1993722,CHEMBL1201862
CCCC(=O)Nc1n[nH]c2nnc(-c3cccc(F)c3F)cc12,25.12,0.0,0.0,1,0,Ki,CHEMBL1979970,CHEMBL1201862
OCCCCNc1cc(-c2c[nH]c3ncccc23)cc(Cl)n1,125.89,0.0,0.0,1,0,Ki,CHEMBL1970821,CHEMBL1201862
CNC(=O)NC1CCC(Nc2nc(Cl)cc(-c3c[nH]c4ncccc34)n2)CC1,15.85,0.0,0.0,1,0,Ki,CHEMBL2005509,CHEMBL1201862
CC(N)C1CCC(C(=O)Nc2ccncc2)CC1,7943.28,0.0,0.0,1,0,Ki,CHEMBL1994526,CHEMBL1201862
CSc1ccccc1CNc1ncc([N+](=O)[O-])c(NCC2CCC(CN)CC2)n1,316.23,0.0,0.0,1,0,Ki,CHEMBL392642,CHEMBL1201862
CN(C)CC(=O)Nc1n[nH]c2ccc(-c3cn(Cc4ccccc4)nn3)cc12,25.12,0.0,0.0,1,0,Ki,CHEMBL1965631,CHEMBL1201862
COc1cccc(C(C)NC(=O)c2ccc(-c3ccncc3F)cc2OC)c1,199.53,0.0,0.0,1,0,Ki,CHEMBL1991188,CHEMBL1201862
CCCCNc1c(-c2ccc3[nH]ncc3c2)nc2ncccn12,398.11,0.0,0.0,1,0,Ki,CHEMBL1682554,CHEMBL1201862
COc1ccc(CNc2cc(-c3c[nH]c4ncccc34)cc(F)n2)cc1,7.943,0.0,0.0,1,0,Ki,CHEMBL1986855,CHEMBL1201862
O=C1Nc2ccccc2Nc2cc(-c3ccncc3)ccc21,1000.0,0.0,0.0,1,0,Ki,CHEMBL1989136,CHEMBL1201862
COc1ccc2c(NC(=O)Nc3cccc(Br)n3)ccnc2c1,794.33,0.0,0.0,1,0,Ki,CHEMBL1983932,CHEMBL1201862
c1ccc2c(c1)nnn2Cc1cn(-c2ccc3[nH]ncc3c2)nn1,1000.0,0.0,0.0,1,0,Ki,CHEMBL1966069,CHEMBL1201862
O=C(O)c1ccccc1Nc1ccnc(Nc2cccc(O)c2)n1,316.23,0.0,0.0,1,0,Ki,CHEMBL243088,CHEMBL1201862
COc1cc(-c2ccc3c(c2)NC(=O)c2ccc(-c4ccccc4NS(C)(=O)=O)cc2N3)cc(OC)c1OC,3981.07,0.0,0.0,1,0,Ki,CHEMBL1984038,CHEMBL1201862
COc1cc2c(cc1F)C(c1ccccc1Cl)=Nc1c(n[nH]c1C)N2,158.49,0.0,0.0,1,0,Ki,CHEMBL1980391,CHEMBL1201862
CN(C)C[C@@H](NC(=O)c1ccc2[nH]nc(-c3nc4ccccc4[nH]3)c2c1)c1ccccc1,3.4,0.0,0.0,1,0,Ki,CHEMBL2064555,CHEMBL2062373
CN(C)C[C@@H](NC(=O)N1Cc2c(NC(=O)c3ccccc3)n[nH]c2C1(C)C)c1ccccc1,1800.0,0.0,0.0,1,0,Ki,CHEMBL2064558,CHEMBL2062373
CN(C)C[C@@H](OC(=O)N1Cc2c(NC(=O)c3ccccc3)n[nH]c2C1(C)C)c1ccccc1,2000.0,0.0,0.0,1,0,Ki,CHEMBL2064561,CHEMBL2062373
CN(C)C[C@@H](OC(=O)N1Cc2c(NC(=O)c3ccc(F)cc3)n[nH]c2C1(C)C)c1ccccc1,1160.0,0.0,0.0,1,0,Ki,CHEMBL2064562,CHEMBL2062373
CC(C)(C)c1cnc(CSc2cnc(NC(=O)C3CCNCC3)s2)o1,38.0,0.0,0.0,1,0,Ki,CHEMBL296468,CHEMBL2311463
COC[C@H](Cc1ccc(O)cc1)NC(=O)c1cc(C(=O)O)c2cc(-c3cccc(C(F)(F)F)c3)ccc2n1,100.0,0.0,0.0,1,0,Ki,CHEMBL3099752,CHEMBL3098110
CN(C)C(=O)[C@H](Cc1ccc(O)cc1)NC(=O)c1cc(C(=O)O)c2cc(/C=C/c3ccc(Cl)cc3)ccc2n1,160.0,0.0,0.0,1,0,Ki,CHEMBL3099751,CHEMBL3098110
CNC(=O)[C@H](Cc1ccc(O)cc1)NC(=O)c1cc(C(=O)O)c2cc(/C=C/c3ccc(Cl)cc3)ccc2n1,100.0,0.0,0.0,1,0,Ki,CHEMBL3099750,CHEMBL3098110
CCC[C@H](Cc1ccc(O)cc1)NC(=O)c1cc(C(=O)O)c2cc(-c3cccc(C(F)(F)F)c3)ccc2n1,300.0,0.0,0.0,1,0,Ki,CHEMBL3099749,CHEMBL3098110
C[C@H](Cc1ccc(O)cc1)NC(=O)c1cc(C(=O)O)c2cc(-c3cccc(C(F)(F)F)c3)ccc2n1,2500.0,0.0,0.0,1,0,Ki,CHEMBL3099748,CHEMBL3098110
O=C(N[C@@H](Cc1ccc(O)cc1)C(=O)O)c1cc(C(=O)O)c2cc(-c3cccc(C(F)(F)F)c3)ccc2n1,12000.0,0.0,0.0,1,0,Ki,CHEMBL3099747,CHEMBL3098110
COC(=O)[C@H](Cc1ccc(F)cc1)NC(=O)c1cc(C(=O)O)c2cc(-c3cccc(C(F)(F)F)c3)ccc2n1,2500.0,0.0,0.0,1,0,Ki,CHEMBL3099743,CHEMBL3098110
COC(=O)[C@H](Cc1ccc(O)cc1)NC(=O)c1cc(C(=O)O)c2cc(N3CCOCC3)ccc2n1,2800.0,0.0,0.0,1,0,Ki,CHEMBL3099760,CHEMBL3098110
COC(=O)[C@H](Cc1ccc(O)cc1)NC(=O)c1cc(C(=O)O)c2cc(-c3ccccc3)ccc2n1,10000.0,0.0,0.0,1,0,Ki,CHEMBL3099759,CHEMBL3098110
COC(=O)[C@H](Cc1ccc(O)cc1)NC(=O)c1cc(C(=O)O)c2cc(-c3cc(Cl)cc(Cl)c3)ccc2n1,200.0,0.0,0.0,1,0,Ki,CHEMBL3099758,CHEMBL3098110
COC(=O)[C@H](Cc1ccc(O)cc1)NC(=O)c1cc(C(=O)O)c2cc(-c3ccc(Cl)cc3)ccc2n1,900.0,0.0,0.0,1,0,Ki,CHEMBL3099757,CHEMBL3098110
COC(=O)[C@H](Cc1ccc(O)cc1)NC(=O)c1cc(C(=O)O)c2cc(-c3ccccc3Cl)ccc2n1,700.0,0.0,0.0,1,0,Ki,CHEMBL3099756,CHEMBL3098110
COC(=O)[C@H](Cc1ccc(O)cc1)NC(=O)c1cc(C(=O)O)c2cc(-c3cccc(Cl)c3)ccc2n1,140.0,0.0,0.0,1,0,Ki,CHEMBL3099755,CHEMBL3098110
COC(=O)[C@H](Cc1ccc(O)cc1)NC(=O)c1cc(C(=O)O)c2cc(-c3cccs3)ccc2n1,900.0,0.0,0.0,1,0,Ki,CHEMBL3099754,CHEMBL3098110
CC(O)[C@H]1C2CCC(CC2)[C@@H]1Nc1nc(-c2c[nH]c3ncc(F)cc23)ncc1F,1200.0,0.0,0.0,1,0,Ki,CHEMBL3401987,CHEMBL3399966
Cc1c(-c2ccnc(Nc3ccc(N4CCNCC4)cc3)n2)sc(=O)n1C,149.0,0.0,0.0,1,0,Ki,CHEMBL3932121,CHEMBL3856187
Cc1cc(Nc2nccc3nc(-c4c(Cl)cc(C#N)cc4Cl)[nH]c23)ncn1,89.0,0.0,0.0,1,0,Ki,CHEMBL4076947,CHEMBL4043190
CC(C)(C)/C=C(\C#N)C(=O)Nc1cccc(-c2nn(C(C)(C)C)c3nc[nH]c(=O)c23)c1,2570.0,0.0,0.0,1,0,Ki,CHEMBL5179335,CHEMBL5126571
CCCC/C=C(\C#N)C(=O)Nc1cccc(-c2nn(C(C)(C)C)c3nc[nH]c(=O)c23)c1,11580.0,0.0,0.0,1,0,Ki,CHEMBL5174745,CHEMBL5126571
CC(C)(C)n1nc(-c2cccc(NC(=O)/C(C#N)=C/c3ccc(C(=O)O)cc3)c2)c2c(=O)[nH]cnc21,1400.0,0.0,0.0,1,0,Ki,CHEMBL5207329,CHEMBL5126571
CC(C)(C)n1nc(-c2cccc(NC(=O)/C(C#N)=C/c3ccccc3)c2)c2c(=O)[nH]cnc21,2200.0,0.0,0.0,1,0,Ki,CHEMBL5174224,CHEMBL5126571
CC(C)(C)n1nc(-c2cccc(NC(=O)/C(C#N)=C/c3cccc([N+](=O)[O-])c3)c2)c2c(=O)[nH]cnc21,2460.0,0.0,0.0,1,0,Ki,CHEMBL5178045,CHEMBL5126571
CC(C)(C)n1nc(-c2cccc(NC(=O)/C(C#N)=C/c3cc([N+](=O)[O-])cc([N+](=O)[O-])c3)c2)c2c(=O)[nH]cnc21,1640.0,0.0,0.0,1,0,Ki,CHEMBL5190359,CHEMBL5126571
CC(C)(C)n1nc(-c2cccc(NC(=O)/C(C#N)=C/c3ccc(Br)cc3)c2)c2c(=O)[nH]cnc21,3630.0,0.0,0.0,1,0,Ki,CHEMBL5193468,CHEMBL5126571
CC(C)(C)n1nc(-c2cccc(NC(=O)/C(C#N)=C/c3ccccc3Br)c2)c2c(=O)[nH]cnc21,1310.0,0.0,0.0,1,0,Ki,CHEMBL5174075,CHEMBL5126571
CC(C)(C)n1nc(-c2cccc(NC(=O)/C(C#N)=C/c3ccc(O)cc3)c2)c2c(=O)[nH]cnc21,520.0,0.0,0.0,1,0,Ki,CHEMBL5181384,CHEMBL5126571
CC(C)(C)n1nc(-c2cccc(NC(=O)/C(C#N)=C/c3ccccc3O)c2)c2c(=O)[nH]cnc21,350.0,0.0,0.0,1,0,Ki,CHEMBL5196242,CHEMBL5126571
Cc1cc(NS(=O)(=O)c2ccc(Nc3n[nH]c4nc[nH]c(=O)c34)cc2)no1,4840.0,0.0,0.0,1,0,Ki,CHEMBL5207710,CHEMBL5126571
CC(C)(C)n1nc(-c2cccc(NC(=O)/C(C#N)=C/c3ccc([N+](=O)[O-])cc3)c2)c2c(=O)[nH]cnc21,1950.0,0.0,0.0,1,0,Ki,CHEMBL5178569,CHEMBL5126571
CC(C)(C)n1nc(-c2cccc(NC(=O)/C(C#N)=C/c3ccccc3[N+](=O)[O-])c2)c2c(=O)[nH]cnc21,12250.0,0.0,0.0,1,0,Ki,CHEMBL5181880,CHEMBL5126571
CC(C)(C)n1nc(-c2cccc(NC(=O)/C(C#N)=C/c3cccc(Br)c3)c2)c2c(=O)[nH]cnc21,14660.0,0.0,0.0,1,0,Ki,CHEMBL5190528,CHEMBL5126571
CC(C)(C)n1nc(-c2cccc(NC(=O)/C(C#N)=C/c3cccc(Cl)c3)c2)c2c(=O)[nH]cnc21,3100.0,0.0,0.0,1,0,Ki,CHEMBL5196147,CHEMBL5126571
CC(C)(C)n1nc(-c2cccc(NC(=O)/C(C#N)=C/c3ccc(F)cc3)c2)c2c(=O)[nH]cnc21,2870.0,0.0,0.0,1,0,Ki,CHEMBL5171425,CHEMBL5126571
CC(C)(C)n1nc(-c2cccc(NC(=O)/C(C#N)=C/c3cccc(C(F)(F)F)c3)c2)c2c(=O)[nH]cnc21,5590.0,0.0,0.0,1,0,Ki,CHEMBL5181593,CHEMBL5126571
COc1ccc(/C=C(\C#N)C(=O)Nc2cccc(-c3nn(C(C)(C)C)c4nc[nH]c(=O)c34)c2)cc1,9700.0,0.0,0.0,1,0,Ki,CHEMBL5194758,CHEMBL5126571
CC(C)(C)n1nc(-c2cccc(NC(=O)/C(C#N)=C/C=C/c3ccccc3)c2)c2c(=O)[nH]cnc21,6250.0,0.0,0.0,1,0,Ki,CHEMBL5172686,CHEMBL5126571
C[C@@]1(O)CCC[C@H]1n1c(=O)c(C(F)F)cc2cnc(NC3CCN(S(C)(=O)=O)CC3)nc21,0.09,0.0,0.0,1,0,Ki,CHEMBL4446357,CHEMBL5226297
CC(=O)c1c(C)c2cnc(NC3CCN(S(C)(=O)=O)CC3)nc2n(C2CCCC2)c1=O,5.9,0.0,0.0,1,0,Ki,CHEMBL5280928,CHEMBL5579822
