smiles,standard_type,value,units,chembl_id,document_chembl_id,data_validity_comment,activity_comment,warning_flag,CuratedSmiles,IsSalt,FailedSanit,Neutralized
CCOc1nc(NC(C)=O)cc(N)c1C#N,Ki,190.0,nM,CHEMBL208637,CHEMBL1148638,,,False,CCOc1nc(NC(C)=O)cc(N)c1C#N,False,False,False
CCOc1nc(NC(=O)Cc2cc(OC)ccc2OC)cc(N)c1C#N,Ki,2.0,nM,CHEMBL210618,CHEMBL1148638,,,False,CCOc1nc(NC(=O)Cc2cc(OC)ccc2OC)cc(N)c1C#N,False,False,False
CCOc1nc(NC(=O)Cc2cc(OC)c(S(C)(=O)=O)cc2OC)cc(N)c1C#N,Ki,3.0,nM,CHEMBL210963,CHEMBL1148638,,,False,CCOc1nc(NC(=O)Cc2cc(OC)c(S(C)(=O)=O)cc2OC)cc(N)c1C#N,False,False,False
CC(=O)Nc1cc(N)c(C#N)c(-c2ccccc2)n1,Ki,550.0,nM,CHEMBL210032,CHEMBL1148638,,,False,CC(=O)Nc1cc(N)c(C#N)c(-c2ccccc2)n1,False,False,False
COc1cc(S(C)(=O)=O)c(OC)cc1CC(=O)Nc1cc(N)c(C#N)c(OC(C)C)n1,Ki,1.0,nM,CHEMBL378627,CHEMBL1148638,,,False,COc1cc(S(C)(=O)=O)c(OC)cc1CC(=O)Nc1cc(N)c(C#N)c(OC(C)C)n1,False,False,False
CCOc1nc(NC(=O)Cc2cc(OC)c(S(C)(=O)=O)cc2OC)cc(N)c1Cl,Ki,3.0,nM,CHEMBL210928,CHEMBL1148638,,,False,CCOc1nc(NC(=O)Cc2cc(OC)c(S(C)(=O)=O)cc2OC)cc(N)c1Cl,False,False,False
CCOc1nc(C(=O)NCc2ccc(S(C)(=O)=O)cc2)cc(N)c1Cl,Ki,3.8,nM,CHEMBL377383,CHEMBL1138045,,,False,CCOc1nc(C(=O)NCc2ccc(S(C)(=O)=O)cc2)cc(N)c1Cl,False,False,False
CCOc1nc(C(=O)NC)cc(N)c1C#N,Ki,400.0,nM,CHEMBL211605,CHEMBL1138045,,,False,CCOc1nc(C(=O)NC)cc(N)c1C#N,False,False,False
CCOc1nc(NC(=O)Cc2cc(OC)ccc2OC)cc(N)c1C#N,Ki,2.0,nM,CHEMBL210618,CHEMBL1145498,,,False,CCOc1nc(NC(=O)Cc2cc(OC)ccc2OC)cc(N)c1C#N,False,False,False
Cc1ccnc(S)n1,Ki,2060.0,nM,CHEMBL455772,CHEMBL1154397,,,False,Cc1ccnc(S)n1,False,False,False
CC(C)Nc1nccc(-c2c[nH]nc2-c2ccc(Cl)cc2)n1,Ki,48.0,nM,CHEMBL451282,CHEMBL1154397,,,False,CC(C)Nc1nccc(-c2c[nH]nc2-c2ccc(Cl)cc2)n1,False,False,False
Clc1ccc(-c2n[nH]cc2-c2ccnc(NC3CC3)n2)cc1,Ki,151.0,nM,CHEMBL521016,CHEMBL1154397,,,False,Clc1ccc(-c2n[nH]cc2-c2ccnc(NC3CC3)n2)cc1,False,False,False
Clc1ccc(-c2n[nH]cc2-c2ccnc(NC3CCCCC3)n2)cc1,Ki,27.0,nM,CHEMBL485348,CHEMBL1154397,,,False,Clc1ccc(-c2n[nH]cc2-c2ccnc(NC3CCCCC3)n2)cc1,False,False,False
C[C@H](CC(=O)O)Nc1nccc(-c2c[nH]nc2-c2ccc(Cl)cc2)n1,Ki,315.0,nM,CHEMBL484341,CHEMBL1154397,,,False,C[C@H](CC(=O)O)Nc1nccc(-c2c[nH]nc2-c2ccc(Cl)cc2)n1,False,False,False
Clc1ccc(-c2n[nH]cc2-c2ccnc(NC3CCCC3)n2)cc1,Ki,26.0,nM,CHEMBL503206,CHEMBL1154397,,,False,Clc1ccc(-c2n[nH]cc2-c2ccnc(NC3CCCC3)n2)cc1,False,False,False
CN1CCC(Nc2nccc(-c3c[nH]nc3-c3ccc(Cl)cc3)n2)CC1,Ki,1570.0,nM,CHEMBL450660,CHEMBL1154397,,,False,CN1CCC(Nc2nccc(-c3c[nH]nc3-c3ccc(Cl)cc3)n2)CC1,False,False,False
CC(C)Nc1nccc(-c2cn[nH]c2)n1,Ki,2730.0,nM,CHEMBL485193,CHEMBL1154397,,,False,CC(C)Nc1nccc(-c2cn[nH]c2)n1,False,False,False
CC(C)Nc1nccc(-c2c[nH]nc2C2CCCCO2)n1,Ki,381.0,nM,CHEMBL485364,CHEMBL1154397,,,False,CC(C)Nc1nccc(-c2c[nH]nc2C2CCCCO2)n1,False,False,False
CC(C)Nc1nccc(-c2c[nH]nc2C2CCCOC2)n1,Ki,43.0,nM,CHEMBL485365,CHEMBL1154397,,,False,CC(C)Nc1nccc(-c2c[nH]nc2C2CCCOC2)n1,False,False,False
CC(C)Nc1nccc(-c2c[nH]nc2C2CCOCC2)n1,Ki,169.0,nM,CHEMBL520332,CHEMBL1154397,,,False,CC(C)Nc1nccc(-c2c[nH]nc2C2CCOCC2)n1,False,False,False
CC(C)Nc1nccc(-c2c[nH]nc2C2CCCNC2)n1,Ki,530.0,nM,CHEMBL484326,CHEMBL1154397,,,False,CC(C)Nc1nccc(-c2c[nH]nc2C2CCCNC2)n1,False,False,False
CC(C)Nc1nccc(-c2c[nH]nc2C2CCN(S(C)(=O)=O)CC2)n1,Ki,101.0,nM,CHEMBL520488,CHEMBL1154397,,,False,CC(C)Nc1nccc(-c2c[nH]nc2C2CCN(S(C)(=O)=O)CC2)n1,False,False,False
Cc1ccc(-c2n[nH]cc2-c2ccnc(NC3CCN(C)CC3)n2)cn1,Ki,162.0,nM,CHEMBL518996,CHEMBL1154397,,,False,Cc1ccc(-c2n[nH]cc2-c2ccnc(NC3CCN(C)CC3)n2)cn1,False,False,False
c1cc(-c2c[nH]nc2C2CCCOC2)nc(NC2CCCC2)n1,Ki,12.0,nM,CHEMBL483741,CHEMBL1154397,,,False,c1cc(-c2c[nH]nc2C2CCCOC2)nc(NC2CCCC2)n1,False,False,False
O[C@H]1CC[C@H](c2n[nH]cc2-c2ccnc(NC3CCCC3)n2)CC1,Ki,12.0,nM,CHEMBL507249,CHEMBL1154397,,,False,O[C@H]1CC[C@H](c2n[nH]cc2-c2ccnc(NC3CCCC3)n2)CC1,False,False,False
OC1CCCC(c2n[nH]cc2-c2ccnc(NC3CCCC3)n2)C1,Ki,36.0,nM,CHEMBL482545,CHEMBL1154397,,,False,OC1CCCC(c2n[nH]cc2-c2ccnc(NC3CCCC3)n2)C1,False,False,False
CS(=O)(=O)N[C@H]1CC[C@H](c2n[nH]cc2-c2ccnc(NC3CCCC3)n2)CC1,Ki,9.0,nM,CHEMBL482559,CHEMBL1154397,,,False,CS(=O)(=O)N[C@H]1CC[C@H](c2n[nH]cc2-c2ccnc(NC3CCCC3)n2)CC1,False,False,False
CC(=O)N[C@H]1CC[C@H](c2n[nH]cc2-c2ccnc(NC3CCCC3)n2)CC1,Ki,28.0,nM,CHEMBL482753,CHEMBL1154397,,,False,CC(=O)N[C@H]1CC[C@H](c2n[nH]cc2-c2ccnc(NC3CCCC3)n2)CC1,False,False,False
Cc1ccc2c(c1)N(Cc1cc(F)cc3c1OCOC3)C(=O)/C2=N\O,Ki,450.0,nM,CHEMBL551140,CHEMBL1153595,,,False,Cc1ccc2c(c1)N(Cc1cc(F)cc3c1OCOC3)C(=O)/C2=N\O,False,False,False
CN(C)c1c(-c2ccnc(N[C@H]3CC[C@H](O)CC3)n2)cnn1Cc1ccccc1,Ki,3.0,nM,CHEMBL1094014,CHEMBL1156270,,,False,CN(C)c1c(-c2ccnc(N[C@H]3CC[C@H](O)CC3)n2)cnn1Cc1ccccc1,False,False,False
O[C@H]1CC[C@H](Nc2nccc(-c3c[nH]nc3C3CCCOC3)n2)CC1,Ki,9.0,nM,CHEMBL1089007,CHEMBL1156270,,,False,O[C@H]1CC[C@H](Nc2nccc(-c3c[nH]nc3C3CCCOC3)n2)CC1,False,False,False
CC(C)C[C@@H](NC(=O)CNC(=O)CNC(=O)CCCNC(=O)c1ccc(-c2n[nH]c3ccccc23)cc1)C(=O)N[C@H](CC(N)=O)C(=O)N[C@H](CC(C)C)C(=O)N[C@@H](C(=O)N[C@@H](C(=O)N1CCC[C@@H]1C(=O)N[C@H](CCCNC(=N)N)C(=O)NCC(=O)NCC(=O)N[C@H](CCCNC(=N)N)C(=O)N[C@H](CCCNC(=N)N)C(=O)N[C@H](CCCNC(=N)N)C(=O)N[C@H](CCC(N)=O)C(=O)N[C@H](CCCNC(=N)N)C(=O)N[C@H](CCCNC(=N)N)C(=O)N[C@H](CCCCN)C(=O)N[C@H](CCCCN)C(=O)N[C@H](CCCNC(=N)N)C(=O)NCC(N)=O)[C@H](C)O)[C@H](C)O,Ki,1.5,nM,CHEMBL1822314,CHEMBL1821566,,,False,CC(C)C[C@@H](NC(=O)CNC(=O)CNC(=O)CCCNC(=O)c1ccc(-c2n[nH]c3ccccc23)cc1)C(=O)N[C@H](CC(N)=O)C(=O)N[C@H](CC(C)C)C(=O)N[C@@H](C(=O)N[C@@H](C(=O)N1CCC[C@@H]1C(=O)N[C@H](CCCNC(=N)N)C(=O)NCC(=O)NCC(=O)N[C@H](CCCNC(=N)N)C(=O)N[C@H](CCCNC(=N)N)C(=O)N[C@H](CCCNC(=N)N)C(=O)N[C@H](CCC(N)=O)C(=O)N[C@H](CCCNC(=N)N)C(=O)N[C@H](CCCNC(=N)N)C(=O)N[C@H](CCCCN)C(=O)N[C@H](CCCCN)C(=O)N[C@H](CCCNC(=N)N)C(=O)NCC(N)=O)[C@H](C)O)[C@H](C)O,False,False,False
CC(C)C[C@@H](NC(=O)CNC(=O)CNC(=O)CCCNC(=O)c1ccc(-c2n[nH]c3ccccc23)cc1)C(=O)N[C@H](CC(N)=O)C(=O)N[C@H](CC(C)C)C(=O)N[C@@H](C(=O)N[C@@H](C(=O)N1CCC[C@@H]1C(=O)N[C@H](CCCNC(=N)N)C(=O)NCC(=O)NCC(=O)N[C@H](CCCNC(=N)N)C(=O)N[C@H](CCCNC(=N)N)C(=O)N[C@H](CCCNC(=N)N)C(=O)N[C@H](CCC(N)=O)C(=O)N[C@H](CCCNC(=N)N)C(=O)N[C@H](CCCNC(=N)N)C(=O)N[C@H](CCCCN)C(=O)N[C@H](CCCCN)C(=O)N[C@H](CCCNC(=N)N)C(=O)NCC(N)=O)[C@H](C)O)[C@H](C)O,Ki,2.0,nM,CHEMBL1822314,CHEMBL1821566,,,False,CC(C)C[C@@H](NC(=O)CNC(=O)CNC(=O)CCCNC(=O)c1ccc(-c2n[nH]c3ccccc23)cc1)C(=O)N[C@H](CC(N)=O)C(=O)N[C@H](CC(C)C)C(=O)N[C@@H](C(=O)N[C@@H](C(=O)N1CCC[C@@H]1C(=O)N[C@H](CCCNC(=N)N)C(=O)NCC(=O)NCC(=O)N[C@H](CCCNC(=N)N)C(=O)N[C@H](CCCNC(=N)N)C(=O)N[C@H](CCCNC(=N)N)C(=O)N[C@H](CCC(N)=O)C(=O)N[C@H](CCCNC(=N)N)C(=O)N[C@H](CCCNC(=N)N)C(=O)N[C@H](CCCCN)C(=O)N[C@H](CCCCN)C(=O)N[C@H](CCCNC(=N)N)C(=O)NCC(N)=O)[C@H](C)O)[C@H](C)O,False,False,False
O[C@H]1CC[C@H](Nc2ncc3nc(Nc4c(F)cc(F)cc4F)n([C@H]4CCOC4)c3n2)CC1,Ki,44.0,nM,CHEMBL1950289,CHEMBL1949521,,,False,O[C@H]1CC[C@H](Nc2ncc3nc(Nc4c(F)cc(F)cc4F)n([C@H]4CCOC4)c3n2)CC1,False,False,False
Cc1cccc(-c2[nH]c(-c3ccnc(N)n3)cc2C(N)=O)c1C,Ki,3162.28,nM,CHEMBL1964290,CHEMBL1201862,,active,False,Cc1cccc(-c2[nH]c(-c3ccnc(N)n3)cc2C(N)=O)c1C,False,False,False
N#CCOc1ccc(Nc2nc(Nc3cccc(S(N)(=O)=O)c3)ncc2Br)cc1,Ki,2.512,nM,CHEMBL1987034,CHEMBL1201862,,active,False,N#CCOc1ccc(Nc2nc(Nc3cccc(S(N)(=O)=O)c3)ncc2Br)cc1,False,False,False
CCOc1nc(C(=O)NCc2ccc(S(C)(=O)=O)cc2)cc(N)c1Cl,Ki,3.981,nM,CHEMBL377383,CHEMBL1201862,,active,False,CCOc1nc(C(=O)NCc2ccc(S(C)(=O)=O)cc2)cc(N)c1Cl,False,False,False
NC(COc1cncc(-c2ccc3c(c2)C(=Cc2ccc[nH]2)C(=O)N3)c1)Cc1ccccc1,Ki,1258.93,nM,CHEMBL1980407,CHEMBL1201862,,active,False,NC(COc1cncc(-c2ccc3c(c2)C(=Cc2ccc[nH]2)C(=O)N3)c1)Cc1ccccc1,False,False,False
CCCC(=O)Nc1n[nH]c2ccc(-c3nnn(Cc4ccccc4)c3-c3ccccc3)cc12,Ki,630.96,nM,CHEMBL2005936,CHEMBL1201862,,active,False,CCCC(=O)Nc1n[nH]c2ccc(-c3nnn(Cc4ccccc4)c3-c3ccccc3)cc12,False,False,False
NC1CCC(Nc2nccc(-c3c[nH]c4ncccc34)n2)CC1,Ki,100.0,nM,CHEMBL1966628,CHEMBL1201862,,active,False,NC1CCC(Nc2nccc(-c3c[nH]c4ncccc34)n2)CC1,False,False,False
O=C(O)c1ccccc1Nc1ccnc(Nc2ccc3cn[nH]c3c2)n1,Ki,5.012,nM,CHEMBL244378,CHEMBL1201862,,active,False,O=C(O)c1ccccc1Nc1ccnc(Nc2ccc3cn[nH]c3c2)n1,False,False,False
CC(C)(CO)CNc1nccc(-c2c(-c3ccc(F)cc3)nc3c(OCC(F)(F)F)nccn23)n1,Ki,199.53,nM,CHEMBL2001957,CHEMBL1201862,,active,False,CC(C)(CO)CNc1nccc(-c2c(-c3ccc(F)cc3)nc3c(OCC(F)(F)F)nccn23)n1,False,False,False
OC1CCC(Nc2nc(Cl)cc(-c3c[nH]c4ncccc34)n2)CC1,Ki,251.19,nM,CHEMBL1986943,CHEMBL1201862,,active,False,OC1CCC(Nc2nc(Cl)cc(-c3c[nH]c4ncccc34)n2)CC1,False,False,False
c1ccc(Nc2ncnc3ccccc23)cc1,Ki,63095.73,nM,CHEMBL289959,CHEMBL1201862,,active,False,c1ccc(Nc2ncnc3ccccc23)cc1,False,False,False
Cc1nc2ccc(NS(=O)(=O)c3ccc(N)cc3)cc2nc1C,Ki,1995.26,nM,CHEMBL2006263,CHEMBL1201862,,active,False,Cc1nc2ccc(NS(=O)(=O)c3ccc(N)cc3)cc2nc1C,False,False,False
CCn1c(C)c(-c2ccnc(Nc3cccc(OC)c3)n2)sc1=O,Ki,199.53,nM,CHEMBL1986263,CHEMBL1201862,,active,False,CCn1c(C)c(-c2ccnc(Nc3cccc(OC)c3)n2)sc1=O,False,False,False
CCOc1nc(NC(=O)Cc2cc(OC)ccc2OC)cc(N)c1C#N,Ki,1.995,nM,CHEMBL210618,CHEMBL1201862,,active,False,CCOc1nc(NC(=O)Cc2cc(OC)ccc2OC)cc(N)c1C#N,False,False,False
CN1c2ccc(N)cc2C(c2ccccc2)c2cc(N)ccc21,Ki,1584.89,nM,CHEMBL1991734,CHEMBL1201862,,active,False,CN1c2ccc(N)cc2C(c2ccccc2)c2cc(N)ccc21,False,False,False
CCCCN(CCC#N)C(=O)c1ccc2nc(-c3n[nH]c4ccccc34)[nH]c2c1,Ki,158.49,nM,CHEMBL1983348,CHEMBL1201862,,active,False,CCCCN(CCC#N)C(=O)c1ccc2nc(-c3n[nH]c4ccccc34)[nH]c2c1,False,False,False
NS(=O)(=O)c1cccc(Nc2ncc3ccn(-c4ccccc4)c3n2)c1,Ki,39.81,nM,CHEMBL1988163,CHEMBL1201862,,active,False,NS(=O)(=O)c1cccc(Nc2ncc3ccn(-c4ccccc4)c3n2)c1,False,False,False
Cc1cc(O)ccc1-n1c2cc(Cl)ccc2c(=O)c2c(N)nc(N)nc21,Ki,398.11,nM,CHEMBL1995592,CHEMBL1201862,,active,False,Cc1cc(O)ccc1-n1c2cc(Cl)ccc2c(=O)c2c(N)nc(N)nc21,False,False,False
CCOC(=O)Cc1nc2c3cc(Br)ccc3[nH]c(=O)n2n1,Ki,2511.89,nM,CHEMBL1974480,CHEMBL1201862,,active,False,CCOC(=O)Cc1nc2c3cc(Br)ccc3[nH]c(=O)n2n1,False,False,False
Nc1ncnc2c1C(=O)Nc1ccccc1N2,Ki,5011.87,nM,CHEMBL1980671,CHEMBL1201862,,active,False,Nc1ncnc2c1C(=O)Nc1ccccc1N2,False,False,False
CC(C)(CO)CNc1nccc(-c2c(-c3ccc(F)cc3)nc3c(Cl)nccn23)n1,Ki,1000.0,nM,CHEMBL1969735,CHEMBL1201862,,active,False,CC(C)(CO)CNc1nccc(-c2c(-c3ccc(F)cc3)nc3c(Cl)nccn23)n1,False,False,False
c1ccc2c(c1)Cc1c[nH]nc1-2,Ki,6309.57,nM,CHEMBL1989423,CHEMBL1201862,,active,False,c1ccc2c(c1)Cc1c[nH]nc1-2,False,False,False
Cc1ccnc(Nc2cc(C)nc(-c3ccccc3)n2)c1,Ki,501.19,nM,CHEMBL1985367,CHEMBL1201862,,active,False,Cc1ccnc(Nc2cc(C)nc(-c3ccccc3)n2)c1,False,False,False
CCCn1c(C2CCNCC2)nc(-c2ccc(Cl)c(Cl)c2)c1-c1ccnc(NC2CCCCC2)n1,Ki,39.81,nM,CHEMBL437747,CHEMBL1201862,,active,False,CCCn1c(C2CCNCC2)nc(-c2ccc(Cl)c(Cl)c2)c1-c1ccnc(NC2CCCCC2)n1,False,False,False
O=CN(O)C(CS(=O)(=O)c1ccc(-c2ccc(C(F)(F)F)cc2)cc1)c1ccc(O)cc1,Ki,3981.07,nM,CHEMBL1971227,CHEMBL1201862,,active,False,O=CN(O)C(CS(=O)(=O)c1ccc(-c2ccc(C(F)(F)F)cc2)cc1)c1ccc(O)cc1,False,False,False
CCN1CCN(c2ccc(Nc3ncc(Cl)c(Nc4ccc5[nH]ncc5c4)n3)cc2)CC1,Ki,39.81,nM,CHEMBL1967998,CHEMBL1201862,,active,False,CCN1CCN(c2ccc(Nc3ncc(Cl)c(Nc4ccc5[nH]ncc5c4)n3)cc2)CC1,False,False,False
Cn1cc(-c2cc3nc(Br)cnc3[nH]2)c2cc(C#N)ccc21,Ki,1995.26,nM,CHEMBL1978562,CHEMBL1201862,,active,False,Cn1cc(-c2cc3nc(Br)cnc3[nH]2)c2cc(C#N)ccc21,False,False,False
O=C1NCCc2[nH]c(-c3ccnc(C=Cc4ccccc4)c3)cc21,Ki,63.1,nM,CHEMBL1997129,CHEMBL1201862,,active,False,O=C1NCCc2[nH]c(-c3ccnc(C=Cc4ccccc4)c3)cc21,False,False,False
O=C(O)c1csc2c1NCCNC2=O,Ki,79432.82,nM,CHEMBL1974875,CHEMBL1201862,,active,False,O=C(O)c1csc2c1NCCNC2=O,False,False,False
Cc1ccnc2[nH]c3cc(C(C)C)ccc3c(=O)c12,Ki,251.19,nM,CHEMBL1989471,CHEMBL1201862,,active,False,Cc1ccnc2[nH]c3cc(C(C)C)ccc3c(=O)c12,False,False,False
Fc1ccc(-c2nc3sccn3c2-c2ccncc2)cc1,Ki,1995.26,nM,CHEMBL2000508,CHEMBL1201862,,active,False,Fc1ccc(-c2nc3sccn3c2-c2ccncc2)cc1,False,False,False
CCOc1nc(NC(=O)Cc2cc(OC)c(S(C)(=O)=O)cc2OC)cc(N)c1Cl,Ki,3.981,nM,CHEMBL210928,CHEMBL1201862,,active,False,CCOc1nc(NC(=O)Cc2cc(OC)c(S(C)(=O)=O)cc2OC)cc(N)c1Cl,False,False,False
NC(=O)c1cc2c(-c3ccc(Br)cc3)cncc2s1,Ki,1584.89,nM,CHEMBL1978195,CHEMBL1201862,,active,False,NC(=O)c1cc2c(-c3ccc(Br)cc3)cncc2s1,False,False,False
NC(COc1cncc(-c2cc3cnccc3s2)c1)Cc1c[nH]c2ccccc12,Ki,1584.89,nM,CHEMBL1972840,CHEMBL1201862,,active,False,NC(COc1cncc(-c2cc3cnccc3s2)c1)Cc1c[nH]c2ccccc12,False,False,False
CCN1CCN(c2ccc(Nc3ncc(C#N)c(Nc4ccc5[nH]ncc5c4)n3)cc2)CC1,Ki,1995.26,nM,CHEMBL1973516,CHEMBL1201862,,active,False,CCN1CCN(c2ccc(Nc3ncc(C#N)c(Nc4ccc5[nH]ncc5c4)n3)cc2)CC1,False,False,False
Nc1n[nH]c2ccc(-c3nnn(Cc4ccccc4)c3I)cc12,Ki,1258.93,nM,CHEMBL1975128,CHEMBL1201862,,active,False,Nc1n[nH]c2ccc(-c3nnn(Cc4ccccc4)c3I)cc12,False,False,False
COCOc1cccc(OCOC)c1-c1ccc(NS(C)(=O)=O)cc1C(=O)OC,Ki,1258.93,nM,CHEMBL2004025,CHEMBL1201862,,active,False,COCOc1cccc(OCOC)c1-c1ccc(NS(C)(=O)=O)cc1C(=O)OC,False,False,False
COc1cc2c(cc1Nc1nc(Nc3cccc(F)c3C(N)=O)c3cc[nH]c3n1)N(C(=O)CN(C)C)CC2,Ki,158.49,nM,CHEMBL461876,CHEMBL1201862,,active,False,COc1cc2c(cc1Nc1nc(Nc3cccc(F)c3C(N)=O)c3cc[nH]c3n1)N(C(=O)CN(C)C)CC2,False,False,False
Nc1n[nH]c2cccc(-c3ccc(F)cc3)c12,Ki,50118.72,nM,CHEMBL1971519,CHEMBL1201862,,active,False,Nc1n[nH]c2cccc(-c3ccc(F)cc3)c12,False,False,False
CNC(=O)COc1ccc(Nc2nc(Nc3ccc(C)c(S(N)(=O)=O)c3)ncc2F)cc1,Ki,316.23,nM,CHEMBL1978099,CHEMBL1201862,,active,False,CNC(=O)COc1ccc(Nc2nc(Nc3ccc(C)c(S(N)(=O)=O)c3)ncc2F)cc1,False,False,False
COC(=O)c1c(-c2ccc(NC(=O)Nc3ccccc3)cc2)c2c(N)ncnn2c1C,Ki,794.33,nM,CHEMBL1977041,CHEMBL1201862,,active,False,COC(=O)c1c(-c2ccc(NC(=O)Nc3ccccc3)cc2)c2c(N)ncnn2c1C,False,False,False
COCC(C)(C)CNc1nccc(-c2c(-c3ccc(F)cc3)nc3c(C)nccn23)n1,Ki,501.19,nM,CHEMBL1982563,CHEMBL1201862,,active,False,COCC(C)(C)CNc1nccc(-c2c(-c3ccc(F)cc3)nc3c(C)nccn23)n1,False,False,False
CC(Nc1nccc(-c2c(-c3ccc(F)cc3)nc3occn23)n1)c1ccccc1,Ki,199.53,nM,CHEMBL1990288,CHEMBL1201862,,active,False,CC(Nc1nccc(-c2c(-c3ccc(F)cc3)nc3occn23)n1)c1ccccc1,False,False,False
Cc1ccc(Nc2nccc(N(C)c3ccc4c(C)n(C)nc4c3)n2)cc1S(N)(=O)=O,Ki,501.19,nM,CHEMBL477772,CHEMBL1201862,,active,False,Cc1ccc(Nc2nccc(N(C)c3ccc4c(C)n(C)nc4c3)n2)cc1S(N)(=O)=O,False,False,False
CCCOn1c2ccc(Cl)cc2c(=O)c2c(C)nn(C)c21,Ki,1000.0,nM,CHEMBL207253,CHEMBL1201862,,active,False,CCCOn1c2ccc(Cl)cc2c(=O)c2c(C)nn(C)c21,False,False,False
COc1ccc(C(=O)Nc2ccccc2C(=O)O)cc1OC,Ki,2511.89,nM,CHEMBL1997495,CHEMBL1201862,,active,False,COc1ccc(C(=O)Nc2ccccc2C(=O)O)cc1OC,False,False,False
Fc1ccc(-c2nc3occn3c2-c2ccnc(NC3CCNCC3)n2)cc1,Ki,158.49,nM,CHEMBL1971186,CHEMBL1201862,,active,False,Fc1ccc(-c2nc3occn3c2-c2ccnc(NC3CCNCC3)n2)cc1,False,False,False
CC(=O)Nc1cc2ccccn2n1,Ki,79432.82,nM,CHEMBL1976872,CHEMBL1201862,,active,False,CC(=O)Nc1cc2ccccn2n1,False,False,False
Nc1nccc2cnc(-c3ccccc3)n12,Ki,12589.25,nM,CHEMBL1969156,CHEMBL1201862,,active,False,Nc1nccc2cnc(-c3ccccc3)n12,False,False,False
CC(C)Oc1nccn2c(-c3ccnc(NCC(C)(C)O)n3)c(-c3ccc(F)cc3F)nc12,Ki,1000.0,nM,CHEMBL1984700,CHEMBL1201862,,active,False,CC(C)Oc1nccn2c(-c3ccnc(NCC(C)(C)O)n3)c(-c3ccc(F)cc3F)nc12,False,False,False
c1cc2cc(-c3ccc4cn[nH]c4c3)cnc2[nH]1,Ki,794.33,nM,CHEMBL1976134,CHEMBL1201862,,active,False,c1cc2cc(-c3ccc4cn[nH]c4c3)cnc2[nH]1,False,False,False
CCc1c(-c2ccc(C(C)=O)cc2)[nH]c2nccnc12,Ki,316.23,nM,CHEMBL1994555,CHEMBL1201862,,active,False,CCc1c(-c2ccc(C(C)=O)cc2)[nH]c2nccnc12,False,False,False
NC(=O)c1cc2c(-c3ccc(Br)c(F)c3F)cncc2s1,Ki,1995.26,nM,CHEMBL1999918,CHEMBL1201862,,active,False,NC(=O)c1cc2c(-c3ccc(Br)c(F)c3F)cncc2s1,False,False,False
CC(=O)Nc1cc(N)c(C#N)c(-c2ccc3ccccc3c2)n1,Ki,501.19,nM,CHEMBL2002240,CHEMBL1201862,,active,False,CC(=O)Nc1cc(N)c(C#N)c(-c2ccc3ccccc3c2)n1,False,False,False
CCc1nc(-c2cccc(C)c2)c(-c2ccnc(NC(=O)c3ccccc3)c2)s1,Ki,316.23,nM,CHEMBL363648,CHEMBL1201862,,active,False,CCc1nc(-c2cccc(C)c2)c(-c2ccnc(NC(=O)c3ccccc3)c2)s1,False,False,False
CCCS(=O)(=O)Nc1ccc(-c2ccc3[nH]nc(NC(=O)CC)c3c2)cc1,Ki,1258.93,nM,CHEMBL1972221,CHEMBL1201862,,active,False,CCCS(=O)(=O)Nc1ccc(-c2ccc3[nH]nc(NC(=O)CC)c3c2)cc1,False,False,False
COc1cc(S(C)(=O)=O)c(OC)cc1CC(=O)Nc1cc(N)c(C#N)c(OC(C)C)n1,Ki,3.162,nM,CHEMBL378627,CHEMBL1201862,,active,False,COc1cc(S(C)(=O)=O)c(OC)cc1CC(=O)Nc1cc(N)c(C#N)c(OC(C)C)n1,False,False,False
O=c1[nH]ccc2cnc(-c3ccccc3)n12,Ki,25118.86,nM,CHEMBL1975911,CHEMBL1201862,,active,False,O=c1[nH]ccc2cnc(-c3ccccc3)n12,False,False,False
O=c1[nH]n2ccccc2c1Br,Ki,5011.87,nM,CHEMBL2004033,CHEMBL1201862,,active,False,O=c1[nH]n2ccccc2c1Br,False,False,False
CC(CCC(=O)O)(c1ccc(O)c(N)c1)c1ccc(O)c(N)c1,Ki,1995.26,nM,CHEMBL1975923,CHEMBL1201862,,active,False,CC(CCC(=O)O)(c1ccc(O)c(N)c1)c1ccc(O)c(N)c1,False,False,False
Cc1cc(Nc2nc(Cl)cc(NCc3ccccc3)n2)n[nH]1,Ki,398.11,nM,CHEMBL2005449,CHEMBL1201862,,active,False,Cc1cc(Nc2nc(Cl)cc(NCc3ccccc3)n2)n[nH]1,False,False,False
NC(=O)c1cc2ccncc2s1,Ki,63095.73,nM,CHEMBL1971534,CHEMBL1201862,,active,False,NC(=O)c1cc2ccncc2s1,False,False,False
Cn1c(NCC(N)Cc2ccccc2)nc(-c2ccncc2)c(-c2ccc3ccccc3c2)c1=O,Ki,501.19,nM,CHEMBL1990496,CHEMBL1201862,,active,False,Cn1c(NCC(N)Cc2ccccc2)nc(-c2ccncc2)c(-c2ccc3ccccc3c2)c1=O,False,False,False
O=C(O)c1ccccc1Nc1ccnc(Nc2ccc([N+](=O)[O-])cc2)n1,Ki,3.981,nM,CHEMBL242865,CHEMBL1201862,,active,False,O=C(O)c1ccccc1Nc1ccnc(Nc2ccc([N+](=O)[O-])cc2)n1,False,False,False
NCCCOc1cc2c(c(-c3ccc(Nc4nc5ccc(Cl)cc5o4)cc3)c1)CNC2=O,Ki,2511.89,nM,CHEMBL2002479,CHEMBL1201862,,active,False,NCCCOc1cc2c(c(-c3ccc(Nc4nc5ccc(Cl)cc5o4)cc3)c1)CNC2=O,False,False,False
Nc1nc2ncc(-c3ccccc3)cn2n1,Ki,50118.72,nM,CHEMBL2002480,CHEMBL1201862,,active,False,Nc1nc2ncc(-c3ccccc3)cn2n1,False,False,False
O=C(NCc1ccc(Cl)cc1)c1cc2c(-c3ccccc3)n[nH]c2s1,Ki,1995.26,nM,CHEMBL1967094,CHEMBL1201862,,active,False,O=C(NCc1ccc(Cl)cc1)c1cc2c(-c3ccccc3)n[nH]c2s1,False,False,False
Nc1ccc2cc(NCCc3ccccc3)cc(Nc3ncccn3)c2n1,Ki,2511.89,nM,CHEMBL550275,CHEMBL1201862,,active,False,Nc1ccc2cc(NCCc3ccccc3)cc(Nc3ncccn3)c2n1,False,False,False
NC(=O)c1cc(-c2ccnc(N)n2)[nH]c1-c1ccc(Cl)cc1F,Ki,2511.89,nM,CHEMBL1981079,CHEMBL1201862,,active,False,NC(=O)c1cc(-c2ccnc(N)n2)[nH]c1-c1ccc(Cl)cc1F,False,False,False
Cc1cccc(NC(=O)Nc2ccc(-c3csc4c(C#CCCCCCCCCN)cnc(N)c34)cc2)c1,Ki,1995.26,nM,CHEMBL1978166,CHEMBL1201862,,active,False,Cc1cccc(NC(=O)Nc2ccc(-c3csc4c(C#CCCCCCCCCN)cnc(N)c34)cc2)c1,False,False,False
COc1cc(-c2ccc3c(c2)Nc2ccc(C(=O)NCc4cccc(F)c4)cc2NC3=O)ccc1O,Ki,316.23,nM,CHEMBL2000832,CHEMBL1201862,,active,False,COc1cc(-c2ccc3c(c2)Nc2ccc(C(=O)NCc4cccc(F)c4)cc2NC3=O)ccc1O,False,False,False
Cc1nn(C)c2c1c(=O)c1cc(Cl)ccc1n2OCC(C)C,Ki,1995.26,nM,CHEMBL1977814,CHEMBL1201862,,active,False,Cc1nn(C)c2c1c(=O)c1cc(Cl)ccc1n2OCC(C)C,False,False,False
Cc1nc2ccccn2c1-c1csc(Nc2ccc(O)cc2)n1,Ki,630.96,nM,CHEMBL513846,CHEMBL1201862,,active,False,Cc1nc2ccccn2c1-c1csc(Nc2ccc(O)cc2)n1,False,False,False
O=C1Nc2ccccc2C1=Cc1ccc[nH]1,Ki,1258.93,nM,CHEMBL1996176,CHEMBL1201862,,active,False,O=C1Nc2ccccc2C1=Cc1ccc[nH]1,False,False,False
OCc1cc(-c2ccc3[nH]ncc3c2)on1,Ki,12589.25,nM,CHEMBL1974617,CHEMBL1201862,,active,False,OCc1cc(-c2ccc3[nH]ncc3c2)on1,False,False,False
NC(=O)c1cc(-c2ccnc(N)n2)[nH]c1-c1ccc(Cl)cc1Cl,Ki,398.11,nM,CHEMBL1965660,CHEMBL1201862,,active,False,NC(=O)c1cc(-c2ccnc(N)n2)[nH]c1-c1ccc(Cl)cc1Cl,False,False,False
COc1cc(Nc2ncnc(N3CCCc4cc(C)ccc43)n2)cc(OC)c1OC,Ki,5011.87,nM,CHEMBL1992125,CHEMBL1201862,,active,False,COc1cc(Nc2ncnc(N3CCCc4cc(C)ccc43)n2)cc(OC)c1OC,False,False,False
Nc1nc2c(s1)Cc1ccccc1-2,Ki,63095.73,nM,CHEMBL1178727,CHEMBL1201862,,active,False,Nc1nc2c(s1)Cc1ccccc1-2,False,False,False
CC(C)(C)c1ccc2nc(-c3n[nH]c4ccccc34)[nH]c2c1,Ki,1258.93,nM,CHEMBL1970104,CHEMBL1201862,,active,False,CC(C)(C)c1ccc2nc(-c3n[nH]c4ccccc34)[nH]c2c1,False,False,False
O=C(Cc1ccccc1)Nc1cccc(-c2nc3sccn3c2-c2ccnc(Nc3cccc(N4CCCC4=O)c3)n2)c1,Ki,125.89,nM,CHEMBL1991429,CHEMBL1201862,,active,False,O=C(Cc1ccccc1)Nc1cccc(-c2nc3sccn3c2-c2ccnc(Nc3cccc(N4CCCC4=O)c3)n2)c1,False,False,False
Cc1nccn2c(-c3ccnc(NCC(C)(C)C(=O)O)n3)c(-c3ccc(F)cc3F)nc12,Ki,1584.89,nM,CHEMBL1971149,CHEMBL1201862,,active,False,Cc1nccn2c(-c3ccnc(NCC(C)(C)C(=O)O)n3)c(-c3ccc(F)cc3F)nc12,False,False,False
CC(C)(O)CNc1nccc(-c2c(-c3ccc(F)cc3F)nc3c(CC4CC4)nccn23)n1,Ki,1000.0,nM,CHEMBL1994040,CHEMBL1201862,,active,False,CC(C)(O)CNc1nccc(-c2c(-c3ccc(F)cc3F)nc3c(CC4CC4)nccn23)n1,False,False,False
CNC1CC2OC(C)(C1OC)n1c3ccccc3c3c4c(c5c6ccccc6n2c5c31)C(=O)NC4,Ki,100.0,nM,CHEMBL1980995,CHEMBL1201862,,active,False,CNC1CC2OC(C)(C1OC)n1c3ccccc3c3c4c(c5c6ccccc6n2c5c31)C(=O)NC4,False,False,False
COc1cc2cnc3c(c2cc1OC)C(=O)NC3=O,Ki,2511.89,nM,CHEMBL1982506,CHEMBL1201862,,active,False,COc1cc2cnc3c(c2cc1OC)C(=O)NC3=O,False,False,False
CN(C)CC(C)(C)CNc1nccc(-c2c(-c3ccc(F)cc3)nc3occn23)n1,Ki,2511.89,nM,CHEMBL1968127,CHEMBL1201862,,active,False,CN(C)CC(C)(C)CNc1nccc(-c2c(-c3ccc(F)cc3)nc3occn23)n1,False,False,False
CCCC(=O)Nc1n[nH]c2ccc(-c3cccc(F)c3F)cc12,Ki,316.23,nM,CHEMBL1985406,CHEMBL1201862,,active,False,CCCC(=O)Nc1n[nH]c2ccc(-c3cccc(F)c3F)cc12,False,False,False
Cn1nc(C(F)(F)F)c2c(=O)c3cc(Cl)ccc3n(O)c21,Ki,158.49,nM,CHEMBL207400,CHEMBL1201862,,active,False,Cn1nc(C(F)(F)F)c2c(=O)c3cc(Cl)ccc3n(O)c21,False,False,False
O=C(Cc1cccs1)Nc1nc2ccccc2s1,Ki,1000.0,nM,CHEMBL1421720,CHEMBL1201862,,active,False,O=C(Cc1cccs1)Nc1nc2ccccc2s1,False,False,False
CC(=O)Nc1cc(N)c(C#N)c(-c2ccccc2)n1,Ki,501.19,nM,CHEMBL210032,CHEMBL1201862,,active,False,CC(=O)Nc1cc(N)c(C#N)c(-c2ccccc2)n1,False,False,False
O=c1[nH]cnc2c(Cl)cccc12,Ki,25118.86,nM,CHEMBL1949855,CHEMBL1201862,,active,False,O=c1[nH]cnc2c(Cl)cccc12,False,False,False
CC(C)(c1cc(Br)c(O)c(I)c1)c1cc(Br)c(O)c(I)c1,Ki,5011.87,nM,CHEMBL1964382,CHEMBL1201862,,active,False,CC(C)(c1cc(Br)c(O)c(I)c1)c1cc(Br)c(O)c(I)c1,False,False,False
CN(C)CC(O)COc1ccc(Nc2nccc(Nc3cc(Cl)ccc3Cl)n2)cc1,Ki,199.53,nM,CHEMBL101311,CHEMBL1201862,,active,False,CN(C)CC(O)COc1ccc(Nc2nccc(Nc3cc(Cl)ccc3Cl)n2)cc1,False,False,False
Cc1cc(=O)n2ccc(CN(C)C)c(O)c2n1,Ki,125.89,nM,CHEMBL1988581,CHEMBL1201862,,active,False,Cc1cc(=O)n2ccc(CN(C)C)c(O)c2n1,False,False,False
COc1cc(-c2ccc3c(c2)Nc2ccc(C(=O)NCCNC(C)=O)cc2NC3=O)ccc1O,Ki,251.19,nM,CHEMBL1975500,CHEMBL1201862,,active,False,COc1cc(-c2ccc3c(c2)Nc2ccc(C(=O)NCCNC(C)=O)cc2NC3=O)ccc1O,False,False,False
CCN(C(C)=O)c1ccc(Nc2nc(NC3CC3)c3nc[nH]c3n2)cc1,Ki,79.43,nM,CHEMBL2006564,CHEMBL1201862,,active,False,CCN(C(C)=O)c1ccc(Nc2nc(NC3CC3)c3nc[nH]c3n2)cc1,False,False,False
COc1ccc(Nc2nccc(Nc3c(NC(C)C(C)(C)C)c(=O)c3=O)n2)cc1OC,Ki,2511.89,nM,CHEMBL1964399,CHEMBL1201862,,active,False,COc1ccc(Nc2nccc(Nc3c(NC(C)C(C)(C)C)c(=O)c3=O)n2)cc1OC,False,False,False
Nc1n[nH]c2c(-c3ccccc3)cccc12,Ki,15848.93,nM,CHEMBL1991008,CHEMBL1201862,,active,False,Nc1n[nH]c2c(-c3ccccc3)cccc12,False,False,False
Cc1cccc(NC(=O)Nc2ccc(-c3csc4c(C#CCCCCCCCCN)cnc(N)c34)cc2)c1,Ki,1995.26,nM,CHEMBL1978166,CHEMBL1201862,,active,False,Cc1cccc(NC(=O)Nc2ccc(-c3csc4c(C#CCCCCCCCCN)cnc(N)c34)cc2)c1,False,False,False
CCOc1nc(C(=O)NCc2cccnc2)cc(N)c1C#N,Ki,7.943,nM,CHEMBL209534,CHEMBL1201862,,active,False,CCOc1nc(C(=O)NCc2cccnc2)cc(N)c1C#N,False,False,False
Cc1nccn2c(-c3ccnc(NCCC(C)(C)O)n3)c(-c3ccc(F)cc3F)nc12,Ki,2511.89,nM,CHEMBL1978200,CHEMBL1201862,,active,False,Cc1nccn2c(-c3ccnc(NCCC(C)(C)O)n3)c(-c3ccc(F)cc3F)nc12,False,False,False
CN1CCN(c2ccc3nc(-c4c(N)c5c(F)cccc5[nH]c4=O)[nH]c3c2)CC1,Ki,3162.28,nM,CHEMBL522892,CHEMBL1201862,,active,False,CN1CCN(c2ccc3nc(-c4c(N)c5c(F)cccc5[nH]c4=O)[nH]c3c2)CC1,False,False,False
CC(=O)c1cccc(-c2ccc3nccn3n2)c1,Ki,79432.82,nM,CHEMBL1994159,CHEMBL1201862,,active,False,CC(=O)c1cccc(-c2ccc3nccn3n2)c1,False,False,False
CCCOc1nc(NC(C)=O)cc(N)c1C#N,Ki,251.19,nM,CHEMBL1970735,CHEMBL1201862,,active,False,CCCOc1nc(NC(C)=O)cc(N)c1C#N,False,False,False
COc1ccccc1-c1ccnc(Nc2cccc(S(C)(=O)=O)c2)n1,Ki,794.33,nM,CHEMBL1975903,CHEMBL1201862,,active,False,COc1ccccc1-c1ccnc(Nc2cccc(S(C)(=O)=O)c2)n1,False,False,False
COc1cccc(Nc2ncnc3ccccc23)c1,Ki,50118.72,nM,CHEMBL117697,CHEMBL1201862,,active,False,COc1cccc(Nc2ncnc3ccccc23)c1,False,False,False
Cc1nc(N)sc1-c1ccnc(Nc2ccc(N3CCOCC3)cc2)n1,Ki,79.43,nM,CHEMBL482967,CHEMBL1201862,,active,False,Cc1nc(N)sc1-c1ccnc(Nc2ccc(N3CCOCC3)cc2)n1,False,False,False
O=C(Cc1ccccc1)Nc1cccc(-c2nc3sccn3c2-c2ccnc(Nc3cccc(N4CCOCC4)c3)n2)c1,Ki,251.19,nM,CHEMBL1090360,CHEMBL1201862,,active,False,O=C(Cc1ccccc1)Nc1cccc(-c2nc3sccn3c2-c2ccnc(Nc3cccc(N4CCOCC4)c3)n2)c1,False,False,False
N#Cc1ccc2nc(N)n(-c3nccs3)c2c1,Ki,1995.26,nM,CHEMBL1988805,CHEMBL1201862,,active,False,N#Cc1ccc2nc(N)n(-c3nccs3)c2c1,False,False,False
CNC(=O)c1ccccc1Nc1nc(Nc2ccc(N3CCOCC3)cc2OC)ncc1Cl,Ki,7.943,nM,CHEMBL458997,CHEMBL1201862,,active,False,CNC(=O)c1ccccc1Nc1nc(Nc2ccc(N3CCOCC3)cc2OC)ncc1Cl,False,False,False
NC(=O)c1cc2c(-c3ccc(F)cc3)cncc2s1,Ki,1584.89,nM,CHEMBL1974310,CHEMBL1201862,,active,False,NC(=O)c1cc2c(-c3ccc(F)cc3)cncc2s1,False,False,False
NC(=O)c1cccc(-c2cnc3[nH]cc(-c4ccccc4)c3c2)c1,Ki,398.11,nM,CHEMBL1982957,CHEMBL1201862,,active,False,NC(=O)c1cccc(-c2cnc3[nH]cc(-c4ccccc4)c3c2)c1,False,False,False
Oc1c2ccccc2c2c3c(cccc13)N=N2,Ki,125.89,nM,CHEMBL1725279,CHEMBL1201862,,active,False,Oc1c2ccccc2c2c3c(cccc13)N=N2,False,False,False
O=C1Nc2ccccc2C1=Cc1ccc[nH]1,Ki,1258.93,nM,CHEMBL1996176,CHEMBL1201862,,active,False,O=C1Nc2ccccc2C1=Cc1ccc[nH]1,False,False,False
CCOc1nc(C(=O)NCc2ccc(S(C)(=O)=O)cc2)cc(N)c1C#N,Ki,3.981,nM,CHEMBL424872,CHEMBL1201862,,active,False,CCOc1nc(C(=O)NCc2ccc(S(C)(=O)=O)cc2)cc(N)c1C#N,False,False,False
CCN(CC)CCOc1ccc(Nc2ncc3cc(-c4c(Cl)cccc4Cl)c(=O)n(C)c3n2)cc1,Ki,158.49,nM,CHEMBL49120,CHEMBL1201862,,active,False,CCN(CC)CCOc1ccc(Nc2ncc3cc(-c4c(Cl)cccc4Cl)c(=O)n(C)c3n2)cc1,False,False,False
CC(=O)NCC(=O)N1C2CCC1c1cc(Nc3ncc(C(F)(F)F)c(NC4CCC4)n3)ccc12,Ki,501.19,nM,CHEMBL1983111,CHEMBL1201862,,active,False,CC(=O)NCC(=O)N1C2CCC1c1cc(Nc3ncc(C(F)(F)F)c(NC4CCC4)n3)ccc12,False,False,False
CCC(=O)Nc1ccc(C(=O)N2CCNCC2)c(O)c1,Ki,630.96,nM,CHEMBL1988141,CHEMBL1201862,,active,False,CCC(=O)Nc1ccc(C(=O)N2CCNCC2)c(O)c1,False,False,False
COCC#Cc1cccc2c1Cc1c(-c3cccs3)n[nH]c1-2,Ki,1995.26,nM,CHEMBL1985206,CHEMBL1201862,,active,False,COCC#Cc1cccc2c1Cc1c(-c3cccs3)n[nH]c1-2,False,False,False
COc1ccc(C(=O)Nc2n[nH]c3ccc(-c4cn(Cc5ccccc5)nn4)cc23)cc1OC,Ki,630.96,nM,CHEMBL1991078,CHEMBL1201862,,active,False,COc1ccc(C(=O)Nc2n[nH]c3ccc(-c4cn(Cc5ccccc5)nn4)cc23)cc1OC,False,False,False
C=CCc1cccc2c(=NO)cc(-c3ccccc3)oc12,Ki,199.53,nM,CHEMBL1977749,CHEMBL1201862,,active,False,C=CCc1cccc2c(=NO)cc(-c3ccccc3)oc12,False,False,False
Nc1ncnc2scc(-c3ccccc3)c12,Ki,31622.78,nM,CHEMBL1975212,CHEMBL1201862,,active,False,Nc1ncnc2scc(-c3ccccc3)c12,False,False,False
CC(=NNC(=N)N)c1cc(NC(=O)c2cccc(C(=O)Nc3cc(C(C)=NNC(=N)N)cc(C(C)=NNC(=N)N)c3)c2)cc(C(C)=NNC(=N)N)c1,Ki,1995.26,nM,CHEMBL2000685,CHEMBL1201862,,active,False,CC(=NNC(=N)N)c1cc(NC(=O)c2cccc(C(=O)Nc3cc(C(C)=NNC(=N)N)cc(C(C)=NNC(=N)N)c3)c2)cc(C(C)=NNC(=N)N)c1,False,False,False
O=c1[nH][nH]c2ccc(Br)cc12,Ki,25118.86,nM,CHEMBL2001613,CHEMBL1201862,,active,False,O=c1[nH][nH]c2ccc(Br)cc12,False,False,False
NC(=O)c1cc2c(-c3ccc(Nc4nc5ccccc5o4)cc3)cnc(N)c2s1,Ki,39.81,nM,CHEMBL1993904,CHEMBL1201862,,active,False,NC(=O)c1cc2c(-c3ccc(Nc4nc5ccccc5o4)cc3)cnc(N)c2s1,False,False,False
Cc1cccc(-c2cccc3onc(N)c23)c1,Ki,39810.72,nM,CHEMBL1980376,CHEMBL1201862,,active,False,Cc1cccc(-c2cccc3onc(N)c23)c1,False,False,False
NC(=O)c1cc(-c2ccnc(N)n2)[nH]c1-c1ccc(Cl)cc1Cl,Ki,398.11,nM,CHEMBL1965660,CHEMBL1201862,,active,False,NC(=O)c1cc(-c2ccnc(N)n2)[nH]c1-c1ccc(Cl)cc1Cl,False,False,False
CN(Cc1cc(Cl)c(O)c2ncccc12)C1CCCCC1,Ki,2511.89,nM,CHEMBL1982413,CHEMBL1201862,,active,False,CN(Cc1cc(Cl)c(O)c2ncccc12)C1CCCCC1,False,False,False
Cc1n[nH]c2ccc(-c3cncc(OCC(CN)Cc4ccccc4)c3)cc12,Ki,1000.0,nM,CHEMBL2000271,CHEMBL1201862,,active,False,Cc1n[nH]c2ccc(-c3cncc(OCC(CN)Cc4ccccc4)c3)cc12,False,False,False
O=C(Nc1cccc(C(F)(F)F)n1)Nc1ccnc2cc(F)c(F)cc12,Ki,2511.89,nM,CHEMBL1981792,CHEMBL1201862,,active,False,O=C(Nc1cccc(C(F)(F)F)n1)Nc1ccnc2cc(F)c(F)cc12,False,False,False
O=C(NCCc1cccs1)N1CC=C(c2c[nH]c3ncccc23)CC1,Ki,3981.07,nM,CHEMBL1987535,CHEMBL1201862,,active,False,O=C(NCCc1cccs1)N1CC=C(c2c[nH]c3ncccc23)CC1,False,False,False
Clc1cc(Nc2nc(NC3CC3)c3sccc3n2)ccc1N1CCOCC1,Ki,794.33,nM,CHEMBL2002586,CHEMBL1201862,,active,False,Clc1cc(Nc2nc(NC3CC3)c3sccc3n2)ccc1N1CCOCC1,False,False,False
NC(=O)c1cc(-c2cccs2)n2nccc2n1,Ki,7943.28,nM,CHEMBL1987815,CHEMBL1201862,,active,False,NC(=O)c1cc(-c2cccs2)n2nccc2n1,False,False,False
O=c1[nH]c2ccc(Cl)cc2c2ncnn12,Ki,63095.73,nM,CHEMBL1992673,CHEMBL1201862,,active,False,O=c1[nH]c2ccc(Cl)cc2c2ncnn12,False,False,False
CN(C)C1CCC(Nc2nc(Cl)cc(-c3c[nH]c4ncccc34)n2)CC1,Ki,1000.0,nM,CHEMBL1969151,CHEMBL1201862,,active,False,CN(C)C1CCC(Nc2nc(Cl)cc(-c3c[nH]c4ncccc34)n2)CC1,False,False,False
COC(=O)c1c(N)nc2ccccn12,Ki,7943.28,nM,CHEMBL1981492,CHEMBL1201862,,active,False,COC(=O)c1c(N)nc2ccccn12,False,False,False
Cn1cc(-c2cc3nc(Br)cnc3[nH]2)c2cc(F)ccc21,Ki,1995.26,nM,CHEMBL1993335,CHEMBL1201862,,active,False,Cn1cc(-c2cc3nc(Br)cnc3[nH]2)c2cc(F)ccc21,False,False,False
CC(C)NC1=NNC(=O)C1=Cc1cc2ccccc2[nH]1,Ki,3162.28,nM,CHEMBL1988692,CHEMBL1201862,,active,False,CC(C)NC1=NNC(=O)C1=Cc1cc2ccccc2[nH]1,False,False,False
Nc1nc(Cl)cc(-c2c[nH]c3ncccc23)n1,Ki,2511.89,nM,CHEMBL2007574,CHEMBL1201862,,active,False,Nc1nc(Cl)cc(-c2c[nH]c3ncccc23)n1,False,False,False
Cc1cn2c(-c3ccnc(NCC(C)(C)CO)n3)c(-c3ccc(F)cc3F)nc2c(C)n1,Ki,1995.26,nM,CHEMBL2000408,CHEMBL1201862,,active,False,Cc1cn2c(-c3ccnc(NCC(C)(C)CO)n3)c(-c3ccc(F)cc3F)nc2c(C)n1,False,False,False
CCCNC(=O)c1ccc(Nc2nc(CC)c3cc[nH]c3n2)cc1,Ki,398.11,nM,CHEMBL1997007,CHEMBL1201862,,active,False,CCCNC(=O)c1ccc(Nc2nc(CC)c3cc[nH]c3n2)cc1,False,False,False
CS(=O)(=O)N1CCN(Cc2cc3nc(-c4cccc5[nH]ncc45)nc(N4CCOCC4)c3s2)CC1,Ki,1584.89,nM,CHEMBL521851,CHEMBL1201862,,active,False,CS(=O)(=O)N1CCN(Cc2cc3nc(-c4cccc5[nH]ncc45)nc(N4CCOCC4)c3s2)CC1,False,False,False
CC(=O)Nc1cc(N)c(C#N)c(-c2ccsc2)n1,Ki,79.43,nM,CHEMBL2006567,CHEMBL1201862,,active,False,CC(=O)Nc1cc(N)c(C#N)c(-c2ccsc2)n1,False,False,False
Oc1ccc(-c2nc(-c3ccc(F)cc3)c(-c3ccncc3)[nH]2)cc1,Ki,501.19,nM,CHEMBL278041,CHEMBL1201862,,active,False,Oc1ccc(-c2nc(-c3ccc(F)cc3)c(-c3ccncc3)[nH]2)cc1,False,False,False
Fc1cnc(Nc2ccccc2)nc1Nc1ccccc1,Ki,125.89,nM,CHEMBL491758,CHEMBL1201862,,active,False,Fc1cnc(Nc2ccccc2)nc1Nc1ccccc1,False,False,False
O=C1Nc2ccccc2C1=Cc1c[nH]c2ccccc12,Ki,3981.07,nM,CHEMBL1986590,CHEMBL1201862,,active,False,O=C1Nc2ccccc2C1=Cc1c[nH]c2ccccc12,False,False,False
CS(=O)(=O)c1cccc(-c2cnn3c(C(N)=O)cc(-c4ccccc4)nc23)c1,Ki,3981.07,nM,CHEMBL1998477,CHEMBL1201862,,active,False,CS(=O)(=O)c1cccc(-c2cnn3c(C(N)=O)cc(-c4ccccc4)nc23)c1,False,False,False
CC(C)(C)n1nc(-c2ccc(Cl)cc2)c2c(N)ncnc21,Ki,3981.07,nM,CHEMBL406845,CHEMBL1201862,,active,False,CC(C)(C)n1nc(-c2ccc(Cl)cc2)c2c(N)ncnc21,False,False,False
CC(C)(C)c1ccc2nc(-c3n[nH]c4ccccc34)[nH]c2c1,Ki,1258.93,nM,CHEMBL1970104,CHEMBL1201862,,active,False,CC(C)(C)c1ccc2nc(-c3n[nH]c4ccccc34)[nH]c2c1,False,False,False
c1ccc(-c2ccnc3[nH]ccc23)cc1,Ki,10000.0,nM,CHEMBL482538,CHEMBL1201862,,active,False,c1ccc(-c2ccnc3[nH]ccc23)cc1,False,False,False
Cc1nn(C)c2sc(C(N)=O)c(N)c12,Ki,50118.72,nM,CHEMBL1996837,CHEMBL1201862,,active,False,Cc1nn(C)c2sc(C(N)=O)c(N)c12,False,False,False
Cc1cccc(NC(=O)Nc2ccc(-c3cncc4c3c(N)nn4C)cc2)c1,Ki,1584.89,nM,CHEMBL404367,CHEMBL1201862,,active,False,Cc1cccc(NC(=O)Nc2ccc(-c3cncc4c3c(N)nn4C)cc2)c1,False,False,False
CC(=O)c1cccc(-c2cnc3[nH]ccc3c2)c1,Ki,630.96,nM,CHEMBL2000568,CHEMBL1201862,,active,False,CC(=O)c1cccc(-c2cnc3[nH]ccc3c2)c1,False,False,False
Nc1nc(=O)[nH]c2sccc12,Ki,39810.72,nM,CHEMBL2007097,CHEMBL1201862,,active,False,Nc1nc(=O)[nH]c2sccc12,False,False,False
COc1cc(N2CCC(N3CCN(C)CC3)CC2)ccc1Nc1ncc(Cl)c(Nc2ccccc2S(=O)(=O)C(C)C)n1,Ki,199.53,nM,CHEMBL509032,CHEMBL1201862,,active,False,COc1cc(N2CCC(N3CCN(C)CC3)CC2)ccc1Nc1ncc(Cl)c(Nc2ccccc2S(=O)(=O)C(C)C)n1,False,False,False
CC(C)Oc1nccn2c(-c3ccnc(NCC(C)(C)CO)n3)c(-c3ccc(F)cc3F)nc12,Ki,199.53,nM,CHEMBL2000429,CHEMBL1201862,,active,False,CC(C)Oc1nccn2c(-c3ccnc(NCC(C)(C)CO)n3)c(-c3ccc(F)cc3F)nc12,False,False,False
Cc1cnc(Nc2nc(NC(C)C)ncc2Br)s1,Ki,100.0,nM,CHEMBL1973013,CHEMBL1201862,,active,False,Cc1cnc(Nc2nc(NC(C)C)ncc2Br)s1,False,False,False
CC(C)Cn1c(N)nc2ccc(-c3c(-c4ccc(F)cc4)nc4sccn34)cc21,Ki,316.23,nM,CHEMBL1965423,CHEMBL1201862,,active,False,CC(C)Cn1c(N)nc2ccc(-c3c(-c4ccc(F)cc4)nc4sccn34)cc21,False,False,False
COc1ccc(-n2ccc3cnc(Nc4cc(OC)c(OC)c(OC)c4)nc32)cc1,Ki,125.89,nM,CHEMBL1975927,CHEMBL1201862,,active,False,COc1ccc(-n2ccc3cnc(Nc4cc(OC)c(OC)c(OC)c4)nc32)cc1,False,False,False
O=C1NC(=S)SC1=C1C(=O)Nc2ccc(Br)cc21,Ki,1000.0,nM,CHEMBL2001920,CHEMBL1201862,,active,False,O=C1NC(=S)SC1=C1C(=O)Nc2ccc(Br)cc21,False,False,False
Nc1ncc2cccc(-c3ccccc3)n12,Ki,50118.72,nM,CHEMBL1997119,CHEMBL1201862,,active,False,Nc1ncc2cccc(-c3ccccc3)n12,False,False,False
CC(Nc1cncc(-n2cnc3ccc(C#N)cc32)n1)c1ccccc1F,Ki,398.11,nM,CHEMBL1977138,CHEMBL1201862,,active,False,CC(Nc1cncc(-n2cnc3ccc(C#N)cc32)n1)c1ccccc1F,False,False,False
COc1cc(Nc2ncc([N+](=O)[O-])c(Nc3ccccc3C(N)=O)n2)cc(OC)c1OC,Ki,10.0,nM,CHEMBL1241473,CHEMBL1201862,,active,False,COc1cc(Nc2ncc([N+](=O)[O-])c(Nc3ccccc3C(N)=O)n2)cc(OC)c1OC,False,False,False
c1ccc(C2CCc3[nH]ncc3C2)cc1,Ki,63095.73,nM,CHEMBL2000879,CHEMBL1201862,,active,False,c1ccc(C2CCc3[nH]ncc3C2)cc1,False,False,False
Cc1[nH]c(=O)oc(=O)c1-c1ccccc1,Ki,79432.82,nM,CHEMBL1971785,CHEMBL1201862,,active,False,Cc1[nH]c(=O)oc(=O)c1-c1ccccc1,False,False,False
O=C(Nc1cccc(C2Nc3ccc4ccccc4c3C3C=CCC32)c1)c1ccc(F)cc1,Ki,3162.28,nM,CHEMBL1992042,CHEMBL1201862,,active,False,O=C(Nc1cccc(C2Nc3ccc4ccccc4c3C3C=CCC32)c1)c1ccc(F)cc1,False,False,False
CC(C)(C)c1nc2c3ccc(F)cc3c3c(=O)[nH]ccc3c2[nH]1,Ki,15.85,nM,CHEMBL21156,CHEMBL1201862,,active,False,CC(C)(C)c1nc2c3ccc(F)cc3c3c(=O)[nH]ccc3c2[nH]1,False,False,False
COc1cc(-c2csc3c(C=CC(=O)NCCN(C)C)cnc(N)c23)ccc1NC(=O)c1cc2ccccc2n1C,Ki,3981.07,nM,CHEMBL1989267,CHEMBL1201862,,active,False,COc1cc(-c2csc3c(C=CC(=O)NCCN(C)C)cnc(N)c23)ccc1NC(=O)c1cc2ccccc2n1C,False,False,False
C#Cc1cn(C2CCCC2)c2ncnc(N)c12,Ki,3981.07,nM,CHEMBL1993877,CHEMBL1201862,,active,False,C#Cc1cn(C2CCCC2)c2ncnc(N)c12,False,False,False
NC(=O)Cn1cc(-c2cc(-c3cc4ccccc4s3)c3[nH]ncc3c2)c2nc(N)ncc21,Ki,125.89,nM,CHEMBL1985095,CHEMBL1201862,,active,False,NC(=O)Cn1cc(-c2cc(-c3cc4ccccc4s3)c3[nH]ncc3c2)c2nc(N)ncc21,False,False,False
CCc1c(-c2ccc(C(C)(C)O)cc2)[nH]c2nccnc12,Ki,1995.26,nM,CHEMBL1976420,CHEMBL1201862,,active,False,CCc1c(-c2ccc(C(C)(C)O)cc2)[nH]c2nccnc12,False,False,False
O=c1nc(-c2cc3c(Oc4ccc(I)cc4)cncc3s2)[nH]o1,Ki,2511.89,nM,CHEMBL497151,CHEMBL1201862,,active,False,O=c1nc(-c2cc3c(Oc4ccc(I)cc4)cncc3s2)[nH]o1,False,False,False
Cc1ccccc1-c1c(-c2ccc3[nH]nc(N)c3c2)nnn1Cc1ccccc1,Ki,1258.93,nM,CHEMBL2000029,CHEMBL1201862,,active,False,Cc1ccccc1-c1c(-c2ccc3[nH]nc(N)c3c2)nnn1Cc1ccccc1,False,False,False
COc1cc(N2CCN(C)CC2)ccc1C(=O)Nc1n[nH]c2ccc(Cc3cc(F)cc(F)c3)cc12,Ki,3162.28,nM,CHEMBL1973961,CHEMBL1201862,,active,False,COc1cc(N2CCN(C)CC2)ccc1C(=O)Nc1n[nH]c2ccc(Cc3cc(F)cc(F)c3)cc12,False,False,False
Oc1ccc2nc(-c3ccc(Sc4ccc(-c5nc6ccc(O)cc6[nH]5)cc4)cc3)[nH]c2c1,Ki,2511.89,nM,CHEMBL2001149,CHEMBL1201862,,active,False,Oc1ccc2nc(-c3ccc(Sc4ccc(-c5nc6ccc(O)cc6[nH]5)cc4)cc3)[nH]c2c1,False,False,False
COc1ccc2c(c1)c(-c1cc3nc(Br)cnc3[nH]1)cn2C,Ki,630.96,nM,CHEMBL2005478,CHEMBL1201862,,active,False,COc1ccc2c(c1)c(-c1cc3nc(Br)cnc3[nH]1)cn2C,False,False,False
O=C1Nc2ccc3ncsc3c2C1=CNc1ccc(S(=O)(=O)Nc2ccccn2)cc1,Ki,125.89,nM,CHEMBL1973540,CHEMBL1201862,,active,False,O=C1Nc2ccc3ncsc3c2C1=CNc1ccc(S(=O)(=O)Nc2ccccn2)cc1,False,False,False
COc1cccc(OC)c1CNc1nc(NC2CCCCC2)nc2ccc(Cl)cc12,Ki,3162.28,nM,CHEMBL1996646,CHEMBL1201862,,active,False,COc1cccc(OC)c1CNc1nc(NC2CCCCC2)nc2ccc(Cl)cc12,False,False,False
CC(C)S(=O)(=O)n1c(N)nc2ccc(-c3c(-c4ccc(F)cc4)nc4sccn34)cc21,Ki,125.89,nM,CHEMBL2003657,CHEMBL1201862,,active,False,CC(C)S(=O)(=O)n1c(N)nc2ccc(-c3c(-c4ccc(F)cc4)nc4sccn34)cc21,False,False,False
COc1cc(-c2ccc3c(c2)Nc2ccc(C(=O)NCCCN(C)C)cc2NC3=O)ccc1O,Ki,630.96,nM,CHEMBL1996702,CHEMBL1201862,,active,False,COc1cc(-c2ccc3c(c2)Nc2ccc(C(=O)NCCCN(C)C)cc2NC3=O)ccc1O,False,False,False
N#Cc1ccc2c(c1)C(c1ccc3c(n1)CCCC3O)C(=O)N2,Ki,1258.93,nM,CHEMBL1985681,CHEMBL1201862,,active,False,N#Cc1ccc2c(c1)C(c1ccc3c(n1)CCCC3O)C(=O)N2,False,False,False
COc1cc(Nc2ncc(F)c(Nc3ccc4c(n3)NC(=O)C(C)(C)O4)n2)cc(OC)c1OC,Ki,79.43,nM,CHEMBL475251,CHEMBL1201862,,active,False,COc1cc(Nc2ncc(F)c(Nc3ccc4c(n3)NC(=O)C(C)(C)O4)n2)cc(OC)c1OC,False,False,False
OC1CCC(Nc2cc(Cl)nc(-c3c[nH]c4ncccc34)n2)CC1,Ki,2511.89,nM,CHEMBL1991674,CHEMBL1201862,,active,False,OC1CCC(Nc2cc(Cl)nc(-c3c[nH]c4ncccc34)n2)CC1,False,False,False
NC(=O)c1ccc(-c2c[nH]c3nccc(Cl)c23)cc1,Ki,1584.89,nM,CHEMBL1982711,CHEMBL1201862,,active,False,NC(=O)c1ccc(-c2c[nH]c3nccc(Cl)c23)cc1,False,False,False
Nc1ncnc2c1N=C(c1ccccc1)CCN2,Ki,79432.82,nM,CHEMBL262623,CHEMBL1201862,,active,False,Nc1ncnc2c1N=C(c1ccccc1)CCN2,False,False,False
CC(C)COc1nccn2c(-c3ccnc(NCC(C)(C)CO)n3)c(-c3ccc(F)cc3)nc12,Ki,39.81,nM,CHEMBL1984842,CHEMBL1201862,,active,False,CC(C)COc1nccn2c(-c3ccnc(NCC(C)(C)CO)n3)c(-c3ccc(F)cc3)nc12,False,False,False
CCc1nc(Nc2ccc(N3CCOCC3)c(Cl)c2)nc2[nH]ccc12,Ki,158.49,nM,CHEMBL2004118,CHEMBL1201862,,active,False,CCc1nc(Nc2ccc(N3CCOCC3)c(Cl)c2)nc2[nH]ccc12,False,False,False
CC(C)(C)Nc1ncnc2[nH]cc(-c3ccccc3)c12,Ki,3981.07,nM,CHEMBL1995211,CHEMBL1201862,,active,False,CC(C)(C)Nc1ncnc2[nH]cc(-c3ccccc3)c12,False,False,False
Cc1cnc(Nc2cccc(S(N)(=O)=O)c2)nc1Nc1ccc(OCC(N)=O)cc1,Ki,316.23,nM,CHEMBL1988838,CHEMBL1201862,,active,False,Cc1cnc(Nc2cccc(S(N)(=O)=O)c2)nc1Nc1ccc(OCC(N)=O)cc1,False,False,False
CCN1CCN(c2ccc(Nc3nccc(-c4c(-c5cccc(C(=O)Nc6ccccc6F)c5)nc5ccccn45)n3)cc2)CC1,Ki,1258.93,nM,CHEMBL1981725,CHEMBL1201862,,active,False,CCN1CCN(c2ccc(Nc3nccc(-c4c(-c5cccc(C(=O)Nc6ccccc6F)c5)nc5ccccn45)n3)cc2)CC1,False,False,False
Nc1ncnc2c1c(-c1cnc3[nH]ccc3c1)nn2C1CCCC1,Ki,2511.89,nM,CHEMBL1081312,CHEMBL1201862,,active,False,Nc1ncnc2c1c(-c1cnc3[nH]ccc3c1)nn2C1CCCC1,False,False,False
COc1nccn2c(-c3ccnc(NCC(C)(C)CO)n3)c(-c3ccc(F)cc3)nc12,Ki,50.12,nM,CHEMBL2005792,CHEMBL1201862,,active,False,COc1nccn2c(-c3ccnc(NCC(C)(C)CO)n3)c(-c3ccc(F)cc3)nc12,False,False,False
CCOc1nc(C(=O)NCc2ccncc2)cc(N)c1C#N,Ki,7.943,nM,CHEMBL1984206,CHEMBL1201862,,active,False,CCOc1nc(C(=O)NCc2ccncc2)cc(N)c1C#N,False,False,False
Nc1n[nH]c2nc(Cl)sc12,Ki,63095.73,nM,CHEMBL1991867,CHEMBL1201862,,active,False,Nc1n[nH]c2nc(Cl)sc12,False,False,False
O=c1[nH]c2sc3c(c2c2nc(-c4ccccc4)nn12)CCCC3,Ki,1584.89,nM,CHEMBL2007592,CHEMBL1201862,,active,False,O=c1[nH]c2sc3c(c2c2nc(-c4ccccc4)nn12)CCCC3,False,False,False
COc1c(-c2nc3ccccc3[nH]2)c(O)cc2oc(C)cc(=O)c12,Ki,630.96,nM,CHEMBL1972355,CHEMBL1201862,,active,False,COc1c(-c2nc3ccccc3[nH]2)c(O)cc2oc(C)cc(=O)c12,False,False,False
CC(C)(O)c1cn(-c2ccc3[nH]ncc3c2)nn1,Ki,19952.62,nM,CHEMBL2001641,CHEMBL1201862,,active,False,CC(C)(O)c1cn(-c2ccc3[nH]ncc3c2)nn1,False,False,False
Cc1ccc(-c2cc(-c3cc(Br)ccc3O)[nH]c(=O)c2C#N)s1,Ki,794.33,nM,CHEMBL1997193,CHEMBL1201862,,active,False,Cc1ccc(-c2cc(-c3cc(Br)ccc3O)[nH]c(=O)c2C#N)s1,False,False,False
CCOc1nc(NC(=O)Cc2cc(OC)c(S(C)(=O)=O)cc2OC)cc(N)c1C#N,Ki,3.162,nM,CHEMBL210963,CHEMBL1201862,,active,False,CCOc1nc(NC(=O)Cc2cc(OC)c(S(C)(=O)=O)cc2OC)cc(N)c1C#N,False,False,False
CCNc1nc(C)c(-c2ccnc(Nc3ccc(N4CCN(C(C)=O)CC4)cc3)n2)s1,Ki,7.943,nM,CHEMBL1983715,CHEMBL1201862,,active,False,CCNc1nc(C)c(-c2ccnc(Nc3ccc(N4CCN(C(C)=O)CC4)cc3)n2)s1,False,False,False
Fc1ccc(-c2nc3cnccn3c2-c2ccnc(NCC3CC3)n2)cc1,Ki,398.11,nM,CHEMBL1990904,CHEMBL1201862,,active,False,Fc1ccc(-c2nc3cnccn3c2-c2ccnc(NCC3CC3)n2)cc1,False,False,False
CCS(=O)(=O)c1ccc(-c2cncc3sc(C(N)=O)cc23)cc1,Ki,125.89,nM,CHEMBL2000104,CHEMBL1201862,,active,False,CCS(=O)(=O)c1ccc(-c2cncc3sc(C(N)=O)cc23)cc1,False,False,False
C[S+]([O-])c1ccc(-c2nc(-c3ccc(F)cc3)c(-c3ccncc3)[nH]2)cc1,Ki,1258.93,nM,CHEMBL10,CHEMBL1201862,,active,False,C[S+](O)c1ccc(-c2nc(-c3ccc(F)cc3)c(-c3ccncc3)[nH]2)cc1,False,False,True
CC(C)Cc1nc(Nc2ccc(N3CCOCC3)c(Cl)c2)nc2[nH]ccc12,Ki,125.89,nM,CHEMBL1980763,CHEMBL1201862,,active,False,CC(C)Cc1nc(Nc2ccc(N3CCOCC3)c(Cl)c2)nc2[nH]ccc12,False,False,False
NCCn1cc(-c2cc(-c3cc4ccccc4s3)c3[nH]ncc3c2)c2nc(N)ncc21,Ki,158.49,nM,CHEMBL590109,CHEMBL1201862,,active,False,NCCn1cc(-c2cc(-c3cc4ccccc4s3)c3[nH]ncc3c2)c2nc(N)ncc21,False,False,False
CC(=O)Nc1cc(N)c(C#N)c(OCC(C)C)n1,Ki,1584.89,nM,CHEMBL2000919,CHEMBL1201862,,active,False,CC(=O)Nc1cc(N)c(C#N)c(OCC(C)C)n1,False,False,False
Cc1n[nH]c2ccc(-c3cncc(OCC(N)Cc4cccc(Cl)c4)c3)cc12,Ki,2511.89,nM,CHEMBL1974870,CHEMBL1201862,,active,False,Cc1n[nH]c2ccc(-c3cncc(OCC(N)Cc4cccc(Cl)c4)c3)cc12,False,False,False
Nc1ncc(-c2cnn(CCO)c2)c2scc(-c3ccc(NC(=O)Nc4ccc(OC(F)F)cc4)cc3)c12,Ki,3981.07,nM,CHEMBL1972220,CHEMBL1201862,,active,False,Nc1ncc(-c2cnn(CCO)c2)c2scc(-c3ccc(NC(=O)Nc4ccc(OC(F)F)cc4)cc3)c12,False,False,False
Cc1n[nH]c2ccc(-c3cncc(OCC(N)Cc4c[nH]c5ccccc45)c3)cc12,Ki,1584.89,nM,CHEMBL1970903,CHEMBL1201862,,active,False,Cc1n[nH]c2ccc(-c3cncc(OCC(N)Cc4c[nH]c5ccccc45)c3)cc12,False,False,False
Fc1cccc(CNc2ncnc3[nH]cnc23)c1,Ki,15848.93,nM,CHEMBL2003785,CHEMBL1201862,,active,False,Fc1cccc(CNc2ncnc3[nH]cnc23)c1,False,False,False
NC1CCC(Nc2nc(Cl)cc(-c3c[nH]c4ncccc34)n2)CC1,Ki,1258.93,nM,CHEMBL1973720,CHEMBL1201862,,active,False,NC1CCC(Nc2nc(Cl)cc(-c3c[nH]c4ncccc34)n2)CC1,False,False,False
CC(=O)N1CCC(Nc2nccc(-c3c(-c4ccc(F)cc4)nc4occn34)n2)CC1,Ki,39.81,nM,CHEMBL1986781,CHEMBL1201862,,active,False,CC(=O)N1CCC(Nc2nccc(-c3c(-c4ccc(F)cc4)nc4occn34)n2)CC1,False,False,False
Cn1c(=O)c(Oc2ccc(F)cc2F)cc2cnc(NC3CCOCC3)nc21,Ki,100.0,nM,CHEMBL1230122,CHEMBL1201862,,active,False,Cn1c(=O)c(Oc2ccc(F)cc2F)cc2cnc(NC3CCOCC3)nc21,False,False,False
COc1cc(-c2ccc3c(c2)Nc2ccc(CCOc4ccc(N5CCOCC5)cc4)cc2NC3=O)ccc1OCC(O)CO,Ki,251.19,nM,CHEMBL1981045,CHEMBL1201862,,active,False,COc1cc(-c2ccc3c(c2)Nc2ccc(CCOc4ccc(N5CCOCC5)cc4)cc2NC3=O)ccc1OCC(O)CO,False,False,False
NC(COc1cncc(-c2ccc3c(c2)C(=Cc2ccco2)C(=O)N3)c1)Cc1c[nH]c2ccccc12,Ki,316.23,nM,CHEMBL2001751,CHEMBL1201862,,active,False,NC(COc1cncc(-c2ccc3c(c2)C(=Cc2ccco2)C(=O)N3)c1)Cc1c[nH]c2ccccc12,False,False,False
CC(=O)Nc1ccc(-n2nc3ccc(N)nc3n2)cc1,Ki,2511.89,nM,CHEMBL2002723,CHEMBL1201862,,active,False,CC(=O)Nc1ccc(-n2nc3ccc(N)nc3n2)cc1,False,False,False
O=C1Nc2ccccc2Nc2nnccc21,Ki,2511.89,nM,CHEMBL1971801,CHEMBL1201862,,active,False,O=C1Nc2ccccc2Nc2nnccc21,False,False,False
CCOC(=O)c1ccc2[nH]c3c(c2c1)CCNC3=O,Ki,1995.26,nM,CHEMBL2005528,CHEMBL1201862,,active,False,CCOC(=O)c1ccc2[nH]c3c(c2c1)CCNC3=O,False,False,False
NC1CCC(Nc2nc(Cl)cc(-c3c[nH]c4ncccc34)n2)CC1,Ki,1258.93,nM,CHEMBL1973720,CHEMBL1201862,,active,False,NC1CCC(Nc2nc(Cl)cc(-c3c[nH]c4ncccc34)n2)CC1,False,False,False
CC(Nc1nccc(-c2c(-c3ccc(F)cc3)nc3occn23)n1)c1ccccc1,Ki,199.53,nM,CHEMBL1990288,CHEMBL1201862,,active,False,CC(Nc1nccc(-c2c(-c3ccc(F)cc3)nc3occn23)n1)c1ccccc1,False,False,False
COc1cc(Nc2nccc(Nc3cc(C4CCCCC4)no3)n2)cc(OC)c1OC,Ki,50.12,nM,CHEMBL1984711,CHEMBL1201862,,active,False,COc1cc(Nc2nccc(Nc3cc(C4CCCCC4)no3)n2)cc(OC)c1OC,False,False,False
Cc1cc(Nc2ncc(F)c(NC3C4C=CC(C4)C3C(N)=O)n2)ccc1N1CCN(C)CC1,Ki,31.62,nM,CHEMBL1967878,CHEMBL1201862,,active,False,Cc1cc(Nc2ncc(F)c(NC3C4C=CC(C4)C3C(N)=O)n2)ccc1N1CCN(C)CC1,False,False,False
Nc1ncnc2sccc12,Ki,25118.86,nM,CHEMBL1972934,CHEMBL1201862,,active,False,Nc1ncnc2sccc12,False,False,False
CCCNC(=O)c1ccc(Nc2nc(NCC(F)(F)F)c3sccc3n2)cc1,Ki,501.19,nM,CHEMBL2007559,CHEMBL1201862,,active,False,CCCNC(=O)c1ccc(Nc2nc(NCC(F)(F)F)c3sccc3n2)cc1,False,False,False
C=Cc1ccc(-c2cccc3nnc(N)n23)cc1,Ki,15848.93,nM,CHEMBL1983573,CHEMBL1201862,,active,False,C=Cc1ccc(-c2cccc3nnc(N)n23)cc1,False,False,False
Brc1cnc2[nH]cc(-c3ccccc3)c2c1,Ki,1995.26,nM,CHEMBL1992634,CHEMBL1201862,,active,False,Brc1cnc2[nH]cc(-c3ccccc3)c2c1,False,False,False
Cc1nccn2c(-c3ccnc(NCC(C)(C)CO)n3)c(-c3ccc(F)cc3F)nc12,Ki,199.53,nM,CHEMBL1991678,CHEMBL1201862,,active,False,Cc1nccn2c(-c3ccnc(NCC(C)(C)CO)n3)c(-c3ccc(F)cc3F)nc12,False,False,False
Nc1nc2ccc(-c3c(-c4ccc(F)cc4)nc4sccn34)cc2n1CC1CC1,Ki,398.11,nM,CHEMBL1982874,CHEMBL1201862,,active,False,Nc1nc2ccc(-c3c(-c4ccc(F)cc4)nc4sccn34)cc2n1CC1CC1,False,False,False
CN(C)CC(=O)NC(COc1cncc(-c2ccc3cnccc3c2)c1)Cc1c[nH]c2ccccc12,Ki,630.96,nM,CHEMBL1991725,CHEMBL1201862,,active,False,CN(C)CC(=O)NC(COc1cncc(-c2ccc3cnccc3c2)c1)Cc1c[nH]c2ccccc12,False,False,False
CC(=O)c1c(C)c2cnc(Nc3ccc(N4CCNCC4)cn3)nc2n(C2CCCC2)c1=O,Ki,1584.89,nM,CHEMBL189963,CHEMBL1201862,,active,False,CC(=O)c1c(C)c2cnc(Nc3ccc(N4CCNCC4)cn3)nc2n(C2CCCC2)c1=O,False,False,False
CCOc1nc(NC(C)=O)cc(N)c1C#N,Ki,199.53,nM,CHEMBL208637,CHEMBL1201862,,active,False,CCOc1nc(NC(C)=O)cc(N)c1C#N,False,False,False
O=C(O)c1ccccc1Nc1ccnc(Nc2ccc3[nH]ncc3c2)n1,Ki,5.012,nM,CHEMBL396523,CHEMBL1201862,,active,False,O=C(O)c1ccccc1Nc1ccnc(Nc2ccc3[nH]ncc3c2)n1,False,False,False
N#CC1=C(c2ccccc2)CC(c2ccc(Cl)cc2)C(C(=O)c2ccccc2)C1=O,Ki,398.11,nM,CHEMBL1978371,CHEMBL1201862,,active,False,N#CC1=C(c2ccccc2)CC(c2ccc(Cl)cc2)C(C(=O)c2ccccc2)C1=O,False,False,False
CNS(=O)(=O)c1ccccc1Nc1nc(Nc2cc(N3CCN(C(C)=O)CC3)ccc2OC)ncc1Br,Ki,316.23,nM,CHEMBL1971029,CHEMBL1201862,,active,False,CNS(=O)(=O)c1ccccc1Nc1nc(Nc2cc(N3CCN(C(C)=O)CC3)ccc2OC)ncc1Br,False,False,False
O=C1NCCc2[nH]c(-c3ccnc(-c4ccccc4F)c3)cc21,Ki,158.49,nM,CHEMBL226471,CHEMBL1201862,,active,False,O=C1NCCc2[nH]c(-c3ccnc(-c4ccccc4F)c3)cc21,False,False,False
Cc1nccn2c(-c3ccnc(NCC4(O)CC4)n3)c(-c3ccc(F)cc3F)nc12,Ki,1995.26,nM,CHEMBL1965589,CHEMBL1201862,,active,False,Cc1nccn2c(-c3ccnc(NCC4(O)CC4)n3)c(-c3ccc(F)cc3F)nc12,False,False,False
c1cc2c(s1)CCc1cn[nH]c1-2,Ki,1584.89,nM,CHEMBL2001539,CHEMBL1201862,,active,False,c1cc2c(s1)CCc1cn[nH]c1-2,False,False,False
Cc1cc(-c2ncnc3[nH]ccc23)ccc1F,Ki,39810.72,nM,CHEMBL1997041,CHEMBL1201862,,active,False,Cc1cc(-c2ncnc3[nH]ccc23)ccc1F,False,False,False
COc1cc(-c2ccc3c(c2)Nc2c(O)cccc2NC3=O)ccc1O,Ki,1258.93,nM,CHEMBL550418,CHEMBL1201862,,active,False,COc1cc(-c2ccc3c(c2)Nc2c(O)cccc2NC3=O)ccc1O,False,False,False
CCOc1ccc(C=C2SC(=N)NC2=O)c(O)c1,Ki,3162.28,nM,CHEMBL1971289,CHEMBL1201862,,active,False,CCOc1ccc(C=C2SC(=N)NC2=O)c(O)c1,False,False,False
NC(=O)c1cc2c(-c3ccccc3)cncc2s1,Ki,2511.89,nM,CHEMBL1999556,CHEMBL1201862,,active,False,NC(=O)c1cc2c(-c3ccccc3)cncc2s1,False,False,False
NCCC(C(=O)Nc1ccc2[nH]ncc2c1)c1ccc(Cl)c(Cl)c1,Ki,1995.26,nM,CHEMBL1998121,CHEMBL1201862,,active,False,NCCC(C(=O)Nc1ccc2[nH]ncc2c1)c1ccc(Cl)c(Cl)c1,False,False,False
COc1cc(-c2ccc3c(c2)Nc2ccc(CCOc4ccc(N5CCOCC5)cc4)cc2NC3=O)ccc1CC#N,Ki,2511.89,nM,CHEMBL1985566,CHEMBL1201862,,active,False,COc1cc(-c2ccc3c(c2)Nc2ccc(CCOc4ccc(N5CCOCC5)cc4)cc2NC3=O)ccc1CC#N,False,False,False
Cc1nn(-c2ccccc2)c2c1c(=O)c1cc(Cl)ccc1n2O,Ki,158.49,nM,CHEMBL379835,CHEMBL1201862,,active,False,Cc1nn(-c2ccccc2)c2c1c(=O)c1cc(Cl)ccc1n2O,False,False,False
CCOc1nc(C(=O)NCc2ccc(S(N)(=O)=O)cc2)cc(N)c1C#N,Ki,3.162,nM,CHEMBL2004355,CHEMBL1201862,,active,False,CCOc1nc(C(=O)NCc2ccc(S(N)(=O)=O)cc2)cc(N)c1C#N,False,False,False
Nc1nc(Nc2ccc(S(N)(=O)=O)cc2)nn1C(=O)c1c(F)cccc1F,Ki,630.96,nM,CHEMBL191003,CHEMBL1201862,,active,False,Nc1nc(Nc2ccc(S(N)(=O)=O)cc2)nn1C(=O)c1c(F)cccc1F,False,False,False
NC(=O)c1ccc2nc(-c3ccc([N+](=O)[O-])o3)cn2c1,Ki,1584.89,nM,CHEMBL1973359,CHEMBL1201862,,active,False,NC(=O)c1ccc2nc(-c3ccc([N+](=O)[O-])o3)cn2c1,False,False,False
OC1CCC(Nc2nc(Cl)cc(-c3c[nH]c4ncccc34)n2)CC1,Ki,251.19,nM,CHEMBL1986943,CHEMBL1201862,,active,False,OC1CCC(Nc2nc(Cl)cc(-c3c[nH]c4ncccc34)n2)CC1,False,False,False
CN1CCN(c2ccc(Nc3ncc(Cl)c(Nc4ccc5[nH]ncc5c4)n3)cc2)CC1,Ki,39.81,nM,CHEMBL1979690,CHEMBL1201862,,active,False,CN1CCN(c2ccc(Nc3ncc(Cl)c(Nc4ccc5[nH]ncc5c4)n3)cc2)CC1,False,False,False
CCOc1nc(NC(=O)C(C)C)cc(N)c1C#N,Ki,1258.93,nM,CHEMBL209082,CHEMBL1201862,,active,False,CCOc1nc(NC(=O)C(C)C)cc(N)c1C#N,False,False,False
COc1nccn2c(-c3ccnc(NCC(C)(C)CO)n3)c(-c3ccc(F)cc3F)nc12,Ki,501.19,nM,CHEMBL1995832,CHEMBL1201862,,active,False,COc1nccn2c(-c3ccnc(NCC(C)(C)CO)n3)c(-c3ccc(F)cc3F)nc12,False,False,False
O=C(Nc1n[nH]c2ccc(-c3cn(Cc4ccccc4)nn3)cc12)c1ccccc1,Ki,398.11,nM,CHEMBL1999931,CHEMBL1201862,,active,False,O=C(Nc1n[nH]c2ccc(-c3cn(Cc4ccccc4)nn3)cc12)c1ccccc1,False,False,False
O=C(NN=Cc1cc(Br)c(O)c(Br)c1)Nc1ccccc1,Ki,251.19,nM,CHEMBL1983575,CHEMBL1201862,,active,False,O=C(NN=Cc1cc(Br)c(O)c(Br)c1)Nc1ccccc1,False,False,False
Cn1c2ccccc2c2c3c(c4c5ccccc5n(CCC#N)c4c21)CNC3=O,Ki,79.43,nM,CHEMBL302449,CHEMBL1201862,,active,False,Cn1c2ccccc2c2c3c(c4c5ccccc5n(CCC#N)c4c21)CNC3=O,False,False,False
Cc1n[nH]c2ccc(-c3cncc(OCC(N)Cc4ccc(Cl)c(Cl)c4)c3)cc12,Ki,2511.89,nM,CHEMBL1991063,CHEMBL1201862,,active,False,Cc1n[nH]c2ccc(-c3cncc(OCC(N)Cc4ccc(Cl)c(Cl)c4)c3)cc12,False,False,False
O=C(Nc1ccc([N+](=O)[O-])cc1)N1CCc2[nH]c3c(Cl)cc(Cl)cc3c2C1,Ki,5011.87,nM,CHEMBL1976196,CHEMBL1201862,,active,False,O=C(Nc1ccc([N+](=O)[O-])cc1)N1CCc2[nH]c3c(Cl)cc(Cl)cc3c2C1,False,False,False
COc1cccc(CNC(=O)c2cc3c(-c4ccccc4)n[nH]c3s2)c1,Ki,251.19,nM,CHEMBL1987009,CHEMBL1201862,,active,False,COc1cccc(CNC(=O)c2cc3c(-c4ccccc4)n[nH]c3s2)c1,False,False,False
O=C1NCCc2[nH]c(-c3ccnc(-c4cnc5ccccc5c4)c3)cc21,Ki,316.23,nM,CHEMBL226403,CHEMBL1201862,,active,False,O=C1NCCc2[nH]c(-c3ccnc(-c4cnc5ccccc5c4)c3)cc21,False,False,False
Nc1cc(=O)[nH]n1-c1ccccn1,Ki,31622.78,nM,CHEMBL1995765,CHEMBL1201862,,active,False,Nc1cc(=O)[nH]n1-c1ccccn1,False,False,False
CCCNC(=O)c1ccc(Nc2nc(CCC(F)(F)F)c3cc[nH]c3n2)cc1,Ki,501.19,nM,CHEMBL1984760,CHEMBL1201862,,active,False,CCCNC(=O)c1ccc(Nc2nc(CCC(F)(F)F)c3cc[nH]c3n2)cc1,False,False,False
Clc1cc(NC2CCCCC2)nc(-c2c[nH]c3ncccc23)n1,Ki,2511.89,nM,CHEMBL1997846,CHEMBL1201862,,active,False,Clc1cc(NC2CCCCC2)nc(-c2c[nH]c3ncccc23)n1,False,False,False
CC(C)Cn1c(N)nc2c(F)cc(-c3c(-c4ccc(F)cc4)nc4sccn34)cc21,Ki,794.33,nM,CHEMBL2004419,CHEMBL1201862,,active,False,CC(C)Cn1c(N)nc2c(F)cc(-c3c(-c4ccc(F)cc4)nc4sccn34)cc21,False,False,False
O=C(Nc1n[nH]c2ccc(-c3cn(Cc4ccccc4)nn3)cc12)c1cc(F)ccc1F,Ki,501.19,nM,CHEMBL1995811,CHEMBL1201862,,active,False,O=C(Nc1n[nH]c2ccc(-c3cn(Cc4ccccc4)nn3)cc12)c1cc(F)ccc1F,False,False,False
NC(=O)c1cc2c(-c3ccc(F)cc3F)cncc2s1,Ki,1000.0,nM,CHEMBL1975787,CHEMBL1201862,,active,False,NC(=O)c1cc2c(-c3ccc(F)cc3F)cncc2s1,False,False,False
Cc1ccc(Nc2nc3ccc([N+](=O)[O-])cc3[nH]2)nc1,Ki,630.96,nM,CHEMBL1992937,CHEMBL1201862,,active,False,Cc1ccc(Nc2nc3ccc([N+](=O)[O-])cc3[nH]2)nc1,False,False,False
COc1cc(-c2ccc3c(c2)Nc2ccc(CCOc4ccc(N5CCOCC5)cc4)cc2NC3=O)ccc1CC#N,Ki,2511.89,nM,CHEMBL1985566,CHEMBL1201862,,active,False,COc1cc(-c2ccc3c(c2)Nc2ccc(CCOc4ccc(N5CCOCC5)cc4)cc2NC3=O)ccc1CC#N,False,False,False
O=C(Cc1ccccc1)Nc1cccc(-c2nc3sccn3c2-c2ccnc(Nc3ccc(N4CCOCC4)cc3)n2)c1,Ki,15.85,nM,CHEMBL1090356,CHEMBL1201862,,active,False,O=C(Cc1ccccc1)Nc1cccc(-c2nc3sccn3c2-c2ccnc(Nc3ccc(N4CCOCC4)cc3)n2)c1,False,False,False
COc1ccc(-c2ccc(N)cc2)c2cnoc12,Ki,50118.72,nM,CHEMBL2002450,CHEMBL1201862,,active,False,COc1ccc(-c2ccc(N)cc2)c2cnoc12,False,False,False
CC(C)(CO)CNc1nccc(-c2c(-c3ccc(F)cc3)nc3cnccn23)n1,Ki,1000.0,nM,CHEMBL1991395,CHEMBL1201862,,active,False,CC(C)(CO)CNc1nccc(-c2c(-c3ccc(F)cc3)nc3cnccn23)n1,False,False,False
O=C(Nc1n[nH]c2ccc(-c3cn(Cc4ccccc4)nn3)cc12)c1cccc(F)c1,Ki,794.33,nM,CHEMBL2003638,CHEMBL1201862,,active,False,O=C(Nc1n[nH]c2ccc(-c3cn(Cc4ccccc4)nn3)cc12)c1cccc(F)c1,False,False,False
NC(COc1cncc(-c2cc3ccncc3s2)c1)Cc1c[nH]c2ccccc12,Ki,2511.89,nM,CHEMBL1966524,CHEMBL1201862,,active,False,NC(COc1cncc(-c2cc3ccncc3s2)c1)Cc1c[nH]c2ccccc12,False,False,False
O=C(Nc1cnccn1)Nc1cccc2c(O)cccc12,Ki,3981.07,nM,CHEMBL1992371,CHEMBL1201862,,active,False,O=C(Nc1cnccn1)Nc1cccc2c(O)cccc12,False,False,False
CCCC(=O)Nc1n[nH]c2nnc(-c3cccc(F)c3F)cc12,Ki,1584.89,nM,CHEMBL1979970,CHEMBL1201862,,active,False,CCCC(=O)Nc1n[nH]c2nnc(-c3cccc(F)c3F)cc12,False,False,False
Cc1n[nH]c2ccc(-c3cccnc3)cc12,Ki,5011.87,nM,CHEMBL1967252,CHEMBL1201862,,active,False,Cc1n[nH]c2ccc(-c3cccnc3)cc12,False,False,False
CC(C)C(C)Nc1ncc(Cl)c(Nc2nccs2)n1,Ki,158.49,nM,CHEMBL1993374,CHEMBL1201862,,active,False,CC(C)C(C)Nc1ncc(Cl)c(Nc2nccs2)n1,False,False,False
CCOC(=O)c1c(C)n(-c2ccc(I)cc2)c2c1cc(O)c1ccccc12,Ki,1258.93,nM,CHEMBL1970352,CHEMBL1201862,,active,False,CCOC(=O)c1c(C)n(-c2ccc(I)cc2)c2c1cc(O)c1ccccc12,False,False,False
CN(C)c1ccc(-c2cc(-c3ccc([N+](=O)[O-])cc3)nc(NS(=O)(=O)c3ccc(N)cc3)n2)cc1,Ki,1584.89,nM,CHEMBL1980167,CHEMBL1201862,,active,False,CN(C)c1ccc(-c2cc(-c3ccc([N+](=O)[O-])cc3)nc(NS(=O)(=O)c3ccc(N)cc3)n2)cc1,False,False,False
CCCNC(=O)c1ccc(Nc2nc(NCC(F)(F)F)c3cc[nH]c3n2)cc1,Ki,39.81,nM,CHEMBL2006765,CHEMBL1201862,,active,False,CCCNC(=O)c1ccc(Nc2nc(NCC(F)(F)F)c3cc[nH]c3n2)cc1,False,False,False
O=C(Nc1nc2ccccc2s1)c1cccc2c1CN(c1nc(C(=O)O)c(-c3ccc(CO)cc3)s1)CC2,Ki,1258.93,nM,CHEMBL1983980,CHEMBL1201862,,active,False,O=C(Nc1nc2ccccc2s1)c1cccc2c1CN(c1nc(C(=O)O)c(-c3ccc(CO)cc3)s1)CC2,False,False,False
CNc1nc(C)c(-c2ccnc(Nc3ccc(N4CCNCC4)cc3)n2)s1,Ki,31.62,nM,CHEMBL1999484,CHEMBL1201862,,active,False,CNc1nc(C)c(-c2ccnc(Nc3ccc(N4CCNCC4)cc3)n2)s1,False,False,False
NC(=O)c1csc2c1NCCC2=O,Ki,79432.82,nM,CHEMBL1973399,CHEMBL1201862,,active,False,NC(=O)c1csc2c1NCCC2=O,False,False,False
Cc1ccc(NCc2ccc(-c3ccc(F)cc3)nc2)cc1,Ki,3981.07,nM,CHEMBL1986899,CHEMBL1201862,,active,False,Cc1ccc(NCc2ccc(-c3ccc(F)cc3)nc2)cc1,False,False,False
O=C(O)c1ccccc1Nc1ccnc(Nc2cccc(O)c2)n1,Ki,3.981,nM,CHEMBL243088,CHEMBL1201862,,active,False,O=C(O)c1ccccc1Nc1ccnc(Nc2cccc(O)c2)n1,False,False,False
CNS(=O)(=O)c1ccccc1Nc1nc(Nc2cc(OC)c(OC)c(OC)c2)ncc1Cl,Ki,125.89,nM,CHEMBL1993661,CHEMBL1201862,,active,False,CNS(=O)(=O)c1ccccc1Nc1nc(Nc2cc(OC)c(OC)c(OC)c2)ncc1Cl,False,False,False
