BindingDB_ID,smiles,value,standard_type
50352562,COc1ccc(cc1OC)C(C)NS(N)(=O)=O,0.005,Ki (nM)
50352536,COc1ccc(cc1)C(C)NS(=O)(=O)NC(=O)OCc1ccccc1,0.005,Ki (nM)
50352538,COc1ccc(cc1OC)C(C)NS(=O)(=O)NC(=O)OCc1ccccc1,0.005,Ki (nM)
50352552,COc1ccc(OC)c(c1)C(C)NS(N)(=O)=O,0.006,Ki (nM)
50352539,COc1ccccc1C(C)NS(=O)(=O)NC(=O)OCc1ccccc1,0.006,Ki (nM)
50352559,COc1ccc(cc1)C(C)NS(N)(=O)=O,0.006,Ki (nM)
50352556,COc1cccc(OC)c1C(C)NS(N)(=O)=O,0.008,Ki (nM)
50352564,COc1cccc(OC)c1C(C)NS(=O)(=O)NC(=O)OCc1ccccc1,0.011,Ki (nM)
50077151,CN(CCCCNc1c2CCCCc2nc2ccccc12)CCCNc1c2CCCCc2nc2ccccc12,0.012,Ki (nM)
50871617,CN(CCCCNc1c2CCCCc2nc2ccccc12)CCCNc1c2CCCCc2nc2ccccc12,0.012,Ki (nM)
51553658,CC[N+](CC)(CCCCCn1c(C)cc(=O)n(CCCCC[N+](CC)(CC)Cc2ccccc2)c1=O)Cc1ccccc1,0.022,Ki (nM)
50352569,COc1ccc(OC)c(c1)C(C)NS(=O)(=O)NC(=O)OCc1ccccc1,0.023,Ki (nM)
248227,CCC1=C[C@@H]2Cc3c(c(c4ccc(cc4n3)Cl)N)[C@@H](C2)C1,0.026,Ki (nM)
17713,CCC1=C[C@@H]2Cc3c(c(c4ccc(cc4n3)Cl)N)[C@@H](C2)C1,0.026,Ki (nM)
50811196,CCC1=CC2Cc3nc4cc(Cl)ccc4c(N)c3[C@@H](C1)C2,0.026,Ki (nM)
50840667,CC1=CC2Cc3nc4cc(Cl)ccc4c(N)c3C(C1)C2,0.033,Ki (nM)
50352567,COc1ccccc1C(C)NS(N)(=O)=O,0.038,Ki (nM)
51655731,C[Si](C)(C)c1cccc(c1)C(=O)C(F)(F)F,0.047,Ki (nM)
15304,CN(CCCNc1c2CCCCc2nc2ccccc12)CCCNc1c2CCCCc2nc2ccccc12,0.06,Ki (nM)
50871623,C=CCN(CCCCNc1c2CCCCc2nc2ccccc12)CCCNc1c2CCCCc2nc2ccccc12,0.085,Ki (nM)
50787290,COc1ccccc1CN(C)CCCCCC(=O)N(C)CCCCCCCCN(C)C(=O)CCCCCN(C)Cc1ccccc1OC,0.1,Ki (nM)
50871615,OCCN(CCCCNc1c2CCCCc2nc2ccccc12)CCCNc1c2CCCCc2nc2ccccc12,0.119,Ki (nM)
248237,CC[N+](CC)(CCNC(=O)C(=O)NCC[N+](CC)(CC)Cc1ccccc1Cl)Cc1ccccc1Cl,0.12,Ki (nM)
51386491,COc1cc2OC(C)(CCNCCCCCCCCNc3c4CCCCc4nc4cc(Cl)ccc34)CCc2cc1O,0.132,Ki (nM)
50871614,C(CNc1c2CCCCc2nc2ccccc12)CN1CCN(CCCNc2c3CCCCc3nc3ccccc23)CC1,0.136,Ki (nM)
51553657,CC[N+](CC)(CCCCCn1c(C)cc(=O)n(CCCCC[N+](CC)(CC)Cc2ccccc2)c1=O)Cc1ccccc1,0.14,Ki (nM)
51553672,CC[N+](CC)(CCCCCn1c(=O)cc(C)n(CCCCCCn2c(C)cc(=O)n(C)c2=O)c1=O)Cc1ccccc1C(F)(F)F,0.15,Ki (nM)
50871616,CCN(CCCCNc1c2CCCCc2nc2ccccc12)CCCNc1c2CCCCc2nc2ccccc12,0.162,Ki (nM)
50871618,CC(=O)N(CCCCNc1c2CCCCc2nc2ccccc12)CCCNc1c2CCCCc2nc2ccccc12,0.223,Ki (nM)
50077149,Nc1cccc2c(NCCCCCCCCNc3c4CCCCc4nc4ccccc34)c3CCCCc3nc12,0.23,Ki (nM)
17498,Clc1ccc2c(NCCCNC(=O)CCCCC3CCSS3)c3CCCCc3nc2c1,155.0,Ki (nM)
51386492,COc1cc2OC(C)(CCNCCCCCCCCNc3c4CCCCc4nc4cc(Cl)ccc34)CCc2cc1O,0.258,Ki (nM)
51506262,COc1cc2CC(Cc2c(OC)c1)NC(=O)OCc1ccccc1,0.261,Ki (nM)
51506342,COc1cccc2CC(CCc12)NC(=O)OCc1ccccc1,0.264,Ki (nM)
50949139,CN(CCC(=O)N1CCN(CCNc2c3CCCCc3nc3ccccc23)CC1)C1CCCCC1,0.318,Ki (nM)
50949147,CN(CCC(=O)N1CCN(CCNc2c3CCCCc3nc3ccccc23)CC1)C1CCCCC1,0.38,Ki (nM)
50287021,FC(F)(F)Oc1ccc2oc(=O)c(cc2c1)C(=O)NCCCCCNc1c2CCCCc2nc2ccccc12,76.0,Ki (nM)
50949140,O=C(CCN1CCCCC1)N1CCN(CCNc2c3CCCCc3nc3ccccc23)CC1,76.1,Ki (nM)
50286984,FC(F)(F)Oc1ccc2oc(=O)c(cc2c1)C(=O)NCCCCCCCNc1c2CCCCc2nc2ccccc12,78.0,Ki (nM)
51475819,NS(=O)(=O)c1ccc(NCc2cccc(Br)c2O)cc1,78.0,Ki (nM)
51188758,COc1cc2CC(Oc3cccc(c3)C(C)N3CCN(C)CC3)C(=O)c2cc1OC,78.0,Ki (nM)
50287101,CCN(CCC(=O)NCCCNc1c2CCCCc2nc2ccccc12)C1CCCCC1,79.0,Ki (nM)
50287094,CCN(CCC(=O)NCCCNc1c2CCCCc2nc2ccccc12)C1CCCCC1,80.0,Ki (nM)
50949143,CN(CCCN1CCN(CCNc2c3CCCCc3nc3ccccc23)CC1)c1ccccc1,80.0,Ki (nM)
50961483,CC(=O)c1ccccc1NC(=O)c1ccc(OCCCCC[n+]2ccccc2)cc1,81.0,Ki (nM)
51458872,NS(=O)(=O)c1ccc(cc1)N1N=C(CC1c1ccc(Br)cc1)c1cccs1 |c:12|,81.0,Ki (nM)
50949137,CN(CCC(=O)N1CCN(CCNc2c3CCCCc3nc3ccccc23)CC1)c1ccccc1,85.5,Ki (nM)
51398036,COc1cccc2CC[N+](=Cc12)c1ccc(Br)cc1,88.6,Ki (nM)
51257763,CCOc1ccc(Cc2nc3cc(ccc3n2CCCCCCNc2c3CCCCc3nc3ccccc23)C(=O)N(CC)CC)cc1,89.0,Ki (nM)
50919601,CC(C)(C)c1cc[n+](CCCCCCCC[n+]2ccc(cc2)C(C)(C)C)cc1,90.0,Ki (nM)
50286987,COc1cc2cc(C(=O)NCCCCCCCNc3c4CCCCc4nc4ccccc34)c(=O)oc2cc1OC,91.0,Ki (nM)
51336044,COc1cc2cc(NC(=O)[C@H]3CCC[C@H](C3)NCc3ccccc3)c(=O)oc2cc1OC |r|,93.0,Ki (nM)
51336045,COc1cc2cc(NC(=O)[C@H]3CCC[C@H](C3)NCc3ccccc3)c(=O)oc2cc1OC |r|,93.4,Ki (nM)
51188743,O=C(NC1CCN(Cc2ccccc2)CC1)c1ccc2OCCCOc2c1,95.0,Ki (nM)
51188752,COc1cc2C\C(=C/c3ccc(CN4CCCCC4)cc3)C(=O)c2cc1OC,95.0,Ki (nM)
17524,C(CCCSc1c2CCCCc2nc2ccccc12)CCNc1c2CCCCc2nc2ccccc12,100.0,Ki (nM)
51506183,[H][C@]12N(C)CC[C@@]1(C)c1cc(OC(=O)NCCCCCCC)ccc1N2C,100.0,Ki (nM)
50919602,CC(C)(C)c1cc[n+](/C=C2\C=CC3=CC/C(=C\[n+]4ccc(C(C)(C)C)cc4)C=C3C2)cc1,100.0,Ki (nM)
51322853,FC(F)(F)c1ccc(CNC2CCN(Cc3ccccc3)CC2)cc1,100.0,Ki (nM)
50949134,c1ccc2c(c1)c(c3c(n2)CCCC3)N,101.0,Ki (nM)
50287106,c1ccc2c(c1)c(c3c(n2)CCCC3)N,101.0,Ki (nM)
50225822,COc1ccccc1CN(C)CCCCCC(=O)N(C)CCCCCCCCN(C)C(=O)CCCCCN(C)Cc1ccccc1OC,104.0,Ki (nM)
50828045,COc1ccccc1CN(C)CCCCCC(=O)N(C)CCCCCCCCN(C)C(=O)CCCCCN(C)Cc1ccccc1OC,104.0,Ki (nM)
50289509,COc1ccccc1CN(C)CCCCCC(=O)N(C)CCCCCCCCN(C)C(=O)CCCCCN(C)Cc1ccccc1OC,104.0,Ki (nM)
51188760,COc1cc2CC(Oc3ccc(cc3)C(C)N3CCCCC3)C(=O)c2cc1OC,106.0,Ki (nM)
248230,CN(C)c1ccc2nc3ccc(=[N+](C)C)cc-3sc2c1,110.0,Ki (nM)
51631787,Fc1cc(Br)ccc1CNCCCCCCCCNc1ccnc2cc(Cl)ccc12,110.0,Ki (nM)
51475822,c1ccc2c(c1)c(c3c(n2)CCCC3)N,110.0,Ki (nM)
51188718,COc1cc2CC(Oc3cccc(c3)C(C)N3CCOCC3)C(=O)c2cc1OC,118.0,Ki (nM)
17523,Clc1cc(Cl)c2c(SCCCCCCNc3c4CCCCc4nc4ccccc34)c3CCCCc3nc2c1,120.0,Ki (nM)
51428871,C(CC1CCN(Cc2ccccc2)CC1)Nc1cc2CCCCc3ccccc3-c2nn1,120.0,Ki (nM)
51631789,Cc1cc(F)c(CNCCCCCCCCNc2ccnc3cc(Cl)ccc23)cc1F,120.0,Ki (nM)
51506318,CC(C)(C)OC(=O)Nc1ccc(O)c(c1)C(=O)NCCCN1CCCCC1,120.0,Ki (nM)
51245787,S=C(NCc1ccccc1)NNc1c2CCCCc2nc2ccccc12,121.0,Ki (nM)
51526341,O=C1CC2CCc3ccsc3C2=NN1CCN1CCN(Cc2ccccc2)CC1,123.0,Ki (nM)
50961489,O=C(NCCc1c[nH]c2ccccc12)c1ccc(OCCCC[n+]2cccc3ccccc32)cc1,124.0,Ki (nM)
51188753,COc1cc2C\C(=C/c3cccc(CN4CCCC4)c3)C(=O)c2cc1OC,127.0,Ki (nM)
51271860,Cc1ccc2oc(cc(=O)c2c1)-c1ccc(OCCCCCCN2CCCCC2)cc1,129.0,Ki (nM)
51271859,Cc1ccc2oc(cc(=O)c2c1)-c1ccc(OCCCCCCN2CCCCC2)cc1,129.0,Ki (nM)
15315,CN(CCCCSc1c2CCCCc2nc2ccccc12)CCCNc1c2CCCCc2nc2ccccc12,130.0,Ki (nM)
50294858,CCCCNC(=O)OCCCCCCCCCCCCCCCCO,130.0,Ki (nM)
50431864,CC(C)(C)OC(=O)N[C@@H](Cc1c[nH]c2ccccc12)C(=O)NCCNc1c2CCCCc2nc2ccccc12 |r|,130.0,Ki (nM)
51188742,CSc1cccc(c1)\N=C1/NC(=O)C(CC(=O)Nc2ccc(F)c(F)c2)S1,130.0,Ki (nM)
17711,c1ccc2c(c1)c(c3c(n2)CCCC3)N,137.0,Ki (nM)
51188822,COc1cc2CC(Oc3cccc(c3)C(C)N3CCCC3)C(=O)c2cc1OC,138.0,Ki (nM)
50564487,C(c1ccc2ccc(C[n+]3ccccc3)cc2c1)[n+]1ccccc1,140.0,Ki (nM)
51631750,O=[N+]([O-])c1ccc(NCCCCCCCCNc2ccnc3cc(C(F)(F)F)ccc23)cc1,140.0,Ki (nM)
50564488,C(c1ccc2ccc(C[n+]3ccccc3)cc2c1)[n+]1ccccc1,140.0,Ki (nM)
51215280,CO[P@]1(=O)OC[C@H]2COC(=O)C2=C(C)O1,140.0,Ki (nM)
51102542,Nc1c2CCCCc2nc2NC(=S)NC(c3cccc(Br)c3)c12,147.0,Ki (nM)
51414130,Cc1ccc(cc1)S(=O)(=O)SCc1ccc(cc1)C(F)(F)F,148.0,Ki (nM)
50294857,CCCCNC(=O)OCCCCCCCCOC(=O)NCCCC,150.0,Ki (nM)
17517,Clc1cc(Cl)c2c(NCCCCCCCNc3c4CCCCc4nc4cc(Cl)cc(Cl)c34)c3CCCCc3nc2c1,150.0,Ki (nM)
51631788,Fc1cc(C(F)(F)F)ccc1CNCCCCCCCCNc1ccnc2cc(Cl)ccc12,150.0,Ki (nM)
50828054,c1ccc2c(c1)c(c3c(n2)CCCC3)N,151.0,Ki (nM)
50225821,c1ccc2c(c1)c(c3c(n2)CCCC3)N,151.0,Ki (nM)
15557,c1ccc2c(c1)c(c3c(n2)CCCC3)N,151.0,Ki (nM)
51414134,Cc1ccc(cc1)S(=O)(=O)SCc1ccc(cc1)C(C)(C)C,157.0,Ki (nM)
51631749,CC(C)(C)c1ccc(NCCCCCCCCNc2ccnc3cc(C(F)(F)F)ccc23)cc1,160.0,Ki (nM)
50294856,CCCCNC(=O)OCCCCCCCCCCCCCCOC(=O)NCCCC,160.0,Ki (nM)
50294852,CCCCNC(=O)OCCCCCCCCCCOC(=O)NCCCC,160.0,Ki (nM)
50294849,CCCCNC(=O)OCCCCCCCCCCCCOC(=O)NCCCC,160.0,Ki (nM)
51188836,COc1cc2CC(Cc3ccc(CN(C)C)cc3)C(=O)c2cc1OC,161.0,Ki (nM)
41258,O=C1C(Cl)=C(Cl)C(=O)C(Cl)=C1Cl,163.0,Ki (nM)
51414129,Cc1ccc(cc1)S(=O)(=O)SCc1ccc(cc1)C#N,166.0,Ki (nM)
51368495,N(c1nnc(o1)-c1cccc2ccccc12)c1ncccn1,170.0,Ki (nM)
50294851,CCCCNC(=O)OCCCCCCCCCCCCCCCCOC(=O)NCCCC,170.0,Ki (nM)
51506319,CC1CCCCN1CCCNC(=O)c1cc(NC(=O)OC(C)(C)C)ccc1O,170.0,Ki (nM)
335098,O\N=C\C(=O)c1cccnc1OCC1CCN(Cc2ccccc2)CC1,180.0,Ki (nM)
51140786,CN(C)CCOC(=O)\C=C\c1ccc2oc(cc(=O)c2c1)C(=O)Nc1ccc(C)cc1,190.0,Ki (nM)
15311,C(CCCCNc1c2CCCCc2nc2ccccc12)CCCCSc1c2CCCCc2nc2ccccc12,195.0,Ki (nM)
51188847,COc1cc2C\C(=C/c3ccc(CN4CCCC4)cc3)C(=O)c2cc1OC,198.0,Ki (nM)
51414131,Cc1ccc(cc1)S(=O)(=O)SCc1ccc(OC(F)(F)F)cc1,198.0,Ki (nM)
50961490,C[N+](C)=c1ccn(CCCCOc2ccc(C(=O)NCCc3c[nH]c4ccccc34)cc2)cc1,198.0,Ki (nM)
50287095,CCN(CCC(=O)NCCCCNc1c2CCCCc2nc2ccccc12)C1CCCCC1,199.0,Ki (nM)
50294847,CCCCNC(=O)OCCCCCCCCCCO,200.0,Ki (nM)
51631751,FC(F)(F)c1ccc2c(NCCCCCCCCNC3NCCN3)ccnc2c1,200.0,Ki (nM)
50294848,CCCCNC(=O)OCCCCCCCCCCCCCCO,200.0,Ki (nM)
50048020,CC[N+](C)(C)c1cccc(c1)O,200.0,Ki (nM)
51257774,CCOc1ccc(Cc2nc3cc(ccc3n2CCCCCCNc2c3CCCCc3nc3ccccc23)C(=O)N(CC)CC)cc1,206.0,Ki (nM)
51188765,COc1cc2CC(Oc3ccc(CN(C)C)cc3)C(=O)c2cc1OC,209.0,Ki (nM)
15540,Nc1c2Cc3ccccc3-c2nc2ccccc12,210.0,Ki (nM)
15301,c1ccc2c(c1)c(c3c(n2)CCCC3)NCCCCCNc4c5ccccc5nc6c4CCCC6,210.0,Ki (nM)
51375817,COc1ccc2cc(ccc2c1)C(=O)NCCC1CCN(Cc2ccccc2)CC1,210.0,Ki (nM)
51188821,COc1cc2CC(Oc3ccc(cc3)C(C)N3CCOCC3)C(=O)c2cc1OC,217.0,Ki (nM)
51414132,COc1ccc(CSS(=O)(=O)c2ccc(C)cc2)cc1,219.0,Ki (nM)
51555769,NS(=O)(=O)c1cccc(NC(=S)N\N=C2/C(=O)N(Cc3ccccc3)c3ccc(cc23)[N+]([O-])=O)c1,220.0,Ki (nM)
50287099,c1ccc2c(c1)c(c3c(n2)CCCC3)N,225.0,Ki (nM)
50949142,c1ccc2c(c1)c(c3c(n2)CCCC3)N,225.0,Ki (nM)
51188823,COc1cc2CC(Oc3ccc(cc3)C(C)N3CCN(C)CC3)C(=O)c2cc1OC,228.0,Ki (nM)
335097,COc1ccc(CN2CCCCC2COc2ccc(cn2)C(=O)\C=N/O)cc1OC,233.0,Ki (nM)
51188709,CCN(C)Cc1cccc(\C=C2/Cc3cc(OC)c(OC)cc3C2=O)c1,236.0,Ki (nM)
51188819,CCN(CC)Cc1cccc(\C=C2/Cc3cc(OC)c(OC)cc3C2=O)c1,237.0,Ki (nM)
51188846,FC(F)(F)Oc1ccc(NC(=O)N2CCCN(CCc3ccccc3)CC2)cc1,241.0,Ki (nM)
50352547,COc1ccc2c3c1O[C@H]1C[C@@H](O)C=C[C@@]31CCN(C)C2,250.0,Ki (nM)
50294855,CCCCNC(=O)OCCCCCOC(=O)NCCCC,250.0,Ki (nM)
15310,c1ccc2c(c1)c(c3c(n2)CCCC3)NCCCCCCCCSc4c5ccccc5nc6c4CCCC6,250.0,Ki (nM)
51414128,Cc1ccc(cc1)S(=O)(=O)SCc1ccc(cc1)[N+]([O-])=O,251.0,Ki (nM)
51245755,S=C(NCc1ccccc1)NNc1c2CCCCc2nc2ccccc12,253.0,Ki (nM)
51188704,COc1cc2CC(Oc3ccc(CN4CCCC4)cc3)C(=O)c2cc1OC,257.0,Ki (nM)
51579974,COc1cc2cc(C(=O)NCCC3CCN(Cc4ccccc4)CC3)[nH]c2cc1OC,260.0,Ki (nM)
50502633,COc1ccc2C\C(=C/C3CCN(Cc4ccccc4)CC3)C(=O)c2c1,260.0,Ki (nM)
51631791,Fc1ccc(F)c(CN(CCCCCCCCNc2ccnc3cc(Cl)ccc23)c2cc(F)ccc2F)c1,260.0,Ki (nM)
51188747,OC(COc1ccc(cc1)[N+]([O-])=O)CN1CCCN(CC1)c1nc2ccc(Cl)cc2s1,263.0,Ki (nM)
51188721,COc1cc2CC(Oc3cccc(CN4CCCCC4)c3)C(=O)c2cc1OC,266.0,Ki (nM)
50431866,N[C@@H](Cc1c[nH]c2ccccc12)C(=O)NCCNc1c2CCCCc2nc2ccccc12 |r|,280.0,Ki (nM)
51530503,c1ccc2c(c1)c(c3c(n2)CCCC3)N,283.0,Ki (nM)
17521,Clc1cc(Cl)c2c(SCCCCCCCNc3c4CCCCc4nc4ccccc34)c3CCCCc3nc2c1,290.0,Ki (nM)
50294845,CCCCNC(=O)OCCCCCCCCCCCCO,300.0,Ki (nM)
50592215,COc1ccc2c3c1O[C@H]1C[C@@H](O)C=C[C@@]31CCN(C)C2,300.0,Ki (nM)
50965470,C[n+]1cc2c(ccc(c2OC)OC)c3c1c4cc5c(cc4cc3)OCO5,320.0,Ki (nM)
41692,O=C1C=Cc2ccccc2C1=O |c:2|,320.0,Ki (nM)
51414126,Cc1ccc(cc1)S(=O)(=O)SCc1ccc(F)cc1,327.0,Ki (nM)
50287102,CCN(CCC(=O)NCCCCNc1c2CCCCc2nc2ccccc12)C1CCCCC1,328.0,Ki (nM)
17520,C(CCCNc1c2CCCCc2nc2ccccc12)CCCSc1c2CCCCc2nc2ccccc12,340.0,Ki (nM)
50592217,CC(=O)O[C@H]1[C@H]2c3cc4c(cc3CN3CCC(=C[C@@H]1O[Si](C)(C)C(C)(C)C)[C@H]23)OCO4,340.0,Ki (nM)
15309,C(CCCNc1c2CCCCc2nc2ccccc12)CCCSc1c2CCCCc2nc2ccccc12,340.0,Ki (nM)
50502630,Oc1cccc2C\C(=C/C3CCN(Cc4ccccc4)CC3)C(=O)c12,355.0,Ki (nM)
50294854,CCCCNC(=O)OCCOC(=O)NCCCC,360.0,Ki (nM)
50294853,CCCCNC(=O)OCCCCCCCCO,360.0,Ki (nM)
50592219,CC(C)(C)[Si](C)(C)O[C@H]1C=C2CCN3Cc4cc5c(cc4[C@H]([C@@H]1OC(=O)c1ccccc1)[C@@H]23)OCO5,390.0,Ki (nM)
51414125,Cc1ccc(cc1)S(=O)(=O)SCc1ccccc1,390.0,Ki (nM)
51396796,CCN(CCCCOc1ccc(cc1)-c1cc(=O)c2c(O)cc(OCCCCN(CC)Cc3ccccc3)cc2o1)Cc1ccccc1,394.0,Ki (nM)
50077038,C(CCCCC[n+]1cccc2ccccc12)CCCC[n+]1ccccc1,400.0,Ki (nM)
50077033,C(CCCCC[n+]1cccc2ccccc12)CCCC[n+]1ccccc1,400.0,Ki (nM)
51188727,COc1cc2CC(Oc3cccc(c3)C(C)N(C)C)C(=O)c2cc1OC,400.0,Ki (nM)
50048006,CC[N+](C)(C)c1cccc(c1)O,400.0,Ki (nM)
51188702,COc1cc2CC(Oc3ccc(CN4CCCCC4)cc3)C(=O)c2cc1OC,403.0,Ki (nM)
51188762,COc1cc2CC(Oc3ccc(cc3)C(C)N3CCCC3)C(=O)c2cc1OC,403.0,Ki (nM)
50592218,CC(=O)O[C@H]1[C@H]2c3cc4c(cc3CN3CCC(=C[C@@H]1O)[C@H]23)OCO4,430.0,Ki (nM)
51188754,CCN(CC)Cc1ccc(\C=C2/Cc3cc(OC)c(OC)cc3C2=O)cc1,453.0,Ki (nM)
50684749,COc1cc(\C=C\C(=O)Nc2ccccc2)ccc1OCCCCCCN1CCCCC1,480.0,Ki (nM)
44783,CCOc1ccc2nc3cc(N)ccc3c(N)c2c1,490.0,Ki (nM)
51510778,COc1ccc2c3c1O[C@H]1C[C@@H](O)C=C[C@@]31CCN(C)C2,500.0,Ki (nM)
51396717,COc1cc2CC(=C/c3ccc(cc3)N3CC[N+](C)(Cc4ccccc4)CC3)C(=O)c2cc1OC,500.0,Ki (nM)
51188824,COc1cc2CC(Oc3cccc(CN4CCCC4)c3)C(=O)c2cc1OC,505.0,Ki (nM)
51188751,CCN(C)Cc1cccc(CC2Cc3cc(OC)c(OC)cc3C2=O)c1,507.0,Ki (nM)
51188703,COc1cc2CC(Oc3ccc(CN4CCOCC4)cc3)C(=O)c2cc1OC,514.0,Ki (nM)
50533637,CN(C)C(=O)Oc1cccc(c1)C(=O)\C=C\c1ccc(O)cc1,520.0,Ki (nM)
51555768,CN1C(=O)\C(=N/NC(=S)Nc2cccc(c2)S(N)(=O)=O)c2cc(Cl)cc(C)c12,520.0,Ki (nM)
51188816,CC(C)(C)c1ccc(cc1)C(\N)=N\OC(=O)c1cnn(c1C(F)(F)F)-c1ccc(cc1)[N+]([O-])=O,521.0,Ki (nM)
51188707,COc1cc2CC(Cc3cccc(CN(C)C)c3)C(=O)c2cc1OC,525.0,Ki (nM)
51631760,FC(F)(F)c1ccc2c(NCCCCCCCCNc3cc4ccccc4o3)ccnc2c1,540.0,Ki (nM)
51510805,COc1ccc2c3c1O[C@H]1C[C@@H](O)C=C[C@@]31CCN(C)C2,540.0,Ki (nM)
50592220,O=C(O[C@H]1[C@H]2c3cc4c(cc3CN3CCC(=C[C@@H]1O)[C@H]23)OCO4)c1ccccc1,540.0,Ki (nM)
51188837,COc1cc2CC(Oc3ccc(cc3)C(C)N(C)C)C(=O)c2cc1OC,543.0,Ki (nM)
50502636,COc1ccc2C(=O)\C(Cc2c1)=C\C1CCN(Cc2cccc(OC)c2)CC1,554.0,Ki (nM)
50089052,O\N=C\C(=O)NCCCCCCNc1c2CCCCc2nc2ccccc12,588.0,Ki (nM)
51202291,Cc1cccc2c1ccc3c2C(=O)C(=O)C4=C3OC[C@@H]4C,600.0,Ki (nM)
51188756,COc1cc2C\C(=C/c3ccc(CN(C)C)cc3)C(=O)c2cc1OC,617.0,Ki (nM)
50621524,C(CCCC[n+]1ccc2ccccc2c1)CCC[n+]1ccc2ccccc2c1,620.0,Ki (nM)
50553668,O=C(NCCN1CCCCC1)N1c2ccccc2Sc2ccccc12,620.0,Ki (nM)
17525,C(CCSc1c2CCCCc2nc2ccccc12)CNc1c2CCCCc2nc2ccccc12,650.0,Ki (nM)
248229,CC[N+](C)(CC)CCCn1c(-c2ccccc2)c2cc(N)ccc2c2ccc(=[NH2+])cc12,660.0,Ki (nM)
51631792,Fc1cc(C(F)(F)F)ccc1CN(CCCCCCCCNc1ccnc2cc(Cl)ccc12)c1ccc(C(F)(F)F)cc1F,700.0,Ki (nM)
51510777,CCN(C)C(=O)Oc1cccc(c1)[C@H](C)N(C)C |r|,700.0,Ki (nM)
51414127,Cc1ccc(cc1)S(=O)(=O)SCc1ccc(Cl)cc1,714.0,Ki (nM)
248232,Cc1cccc2c1ccc3c2C(=O)C(=O)C4=C3OC[C@@H]4C,750.0,Ki (nM)
50621530,C(c1ccc2ccc(C[n+]3ccc4ccccc4c3)cc2c1)[n+]1ccc2ccccc2c1,750.0,Ki (nM)
51655616,Clc1ccc2c(NCCCNCC34CC5CC(CC(C5)C3)C4)ccnc2c1,770.0,Ki (nM)
51188748,COc1cc2CC(Cc3ccc(CN4CCCC4)cc3)C(=O)c2cc1OC,773.0,Ki (nM)
50621523,CC[N+](C)(C)c1cccc(c1)O,790.0,Ki (nM)
51188848,COc1cc2CC(Oc3cccc(CN4CCOCC4)c3)C(=O)c2cc1OC,793.0,Ki (nM)
50077034,C[N+](C)(CC=C)c1ccc(cc1)CCC(=O)CCc2ccc(cc2)[N+](C)(C)CC=C,800.0,Ki (nM)
50630028,CC[N+](C)(C)c1cccc(c1)O,800.0,Ki (nM)
50553664,CC(C)N(CCNC(=O)N1c2ccccc2Sc2ccccc12)C(C)C,810.0,Ki (nM)
41699,[O-][N+](=O)c1ccc-2c(c1)C(=O)C(=O)c1ccccc-21,850.0,Ki (nM)
50592216,CC(C)(C)[Si](C)(C)O[C@H]1C=C2CCN3Cc4cc5c(cc4[C@H]([C@@H]1O)[C@@H]23)OCO5,860.0,Ki (nM)
51188825,CCN(CC)C(C)c1cccc(OC2Cc3cc(OC)c(OC)cc3C2=O)c1,865.0,Ki (nM)
50712917,COc1cccc(c1)C1c2ccc3cccnc3c2Oc2nc3CCCCc3c(N)c12,870.0,Ki (nM)
51253596,COc1cc(NCc2ccc(Oc3c(N)cccc3Cl)cc2)cc(OC)c1OC,879.0,Ki (nM)
50828050,COc1ccccc1CN(C)CCCN(C)CCCNCCCn1c(-c2ccccc2)c2cc(N)ccc2c2ccc(=[NH2+])cc12,894.0,Ki (nM)
51188741,Oc1nc(Nc2ccc(cc2)C2CCCCC2)sc1CC(=O)Nc1ccc(OC(F)(F)F)cc1,897.0,Ki (nM)
41695,[O-][N+](=O)c1ccc2c3c(ccc([N+]([O-])=O)c13)c(=O)c2=O,903.0,Ki (nM)
51188717,CCN(C)Cc1ccc(CC2Cc3cc(OC)c(OC)cc3C2=O)cc1,918.0,Ki (nM)
50684828,COc1cc(\C=C\C(=O)Nc2ccccc2)ccc1OCCCCCCN1CCCCC1,920.0,Ki (nM)
51188755,CCN(C)Cc1ccc(\C=C2/Cc3cc(OC)c(OC)cc3C2=O)cc1,920.0,Ki (nM)
51579975,COc1ccc2[nH]cc(C(=O)NCCC3CCN(Cc4ccccc4)CC3)c2c1,930.0,Ki (nM)
41255,C1=CC(=O)C=CC1=O,955.0,Ki (nM)
50592221,CC(=O)O[C@H]1C=C2CCN3Cc4cc5c(cc4[C@H]([C@@H]1OC(=O)c1ccccc1)[C@@H]23)OCO5,970.0,Ki (nM)
50502624,O=C1\C(Cc2cc3OCOc3cc12)=C\C1CCN(Cc2ccccc2)CC1,980.0,Ki (nM)
50621475,C(CCCC[n+]1ccc2ccccc2c1)CCC[n+]1ccc2ccccc2c1,980.0,Ki (nM)
51396720,COc1cc2CC(=C/c3ccc(cc3)N3CC[N+](C)(Cc4cccc(Cl)c4)CC3)C(=O)c2cc1OC,1000.0,Ki (nM)
51506352,O=C(Nc1ccccc1)OC1CN2CCC1CC2,1000.0,Ki (nM)
248228,CN(C)c1ccc(cc1)-c1sc2cc(C)ccc2[n+]1C,1000.0,Ki (nM)
50048013,CCN(CC)CCNC(=O)c1ccc(N)cc1,1000.0,Ki (nM)
50048005,CCN(CC)CCNC(=O)c1ccc(N)cc1,1000.0,Ki (nM)
51188841,COc1cc2CC(Oc3cccc(CN(C)C)c3)C(=O)c2cc1OC,1004.0,Ki (nM)
201195,CC[N+](C)(C)c1cccc(c1)O,1010.0,Ki (nM)
51188750,CCN(CC)Cc1ccc(CC2Cc3cc(OC)c(OC)cc3C2=O)cc1,1040.0,Ki (nM)
200769,Brc1cccc(CN=Nc2nc(cs2)-c2cc3ccccc3oc2=O)c1 |w:8.8|,1050.0,Ki (nM)
335096,CN(CCc1ccccc1)C1CCc2ncc(NC(=O)C(=N\O)\C(C)=O)cc2C1,1108.0,Ki (nM)
50965469,C[n+]1cc2c(ccc(c2OC)OC)c3c1c4cc5c(cc4cc3)OCO5,1120.0,Ki (nM)
50350065,CCCC[C@@H](O)\C=C\C=C\C(O)=O |r|,1170.0,Ki (nM)
50621525,C(c1ccc2ccc(C[n+]3ccc4ccccc4c3)cc2c1)[n+]1ccc2ccccc2c1,1250.0,Ki (nM)
200765,COc1ccc(CN=Nc2nc(cs2)-c2cc3ccccc3oc2=O)cc1 |w:8.8|,1250.0,Ki (nM)
51188763,CCN(CC)C(C)c1ccc(OC2Cc3cc(OC)c(OC)cc3C2=O)cc1,1330.0,Ki (nM)
51188764,CCN(CC)Cc1ccc(OC2Cc3cc(OC)c(OC)cc3C2=O)cc1,1340.0,Ki (nM)
51144772,CC(C)(C)c1cc(\C=C\C(=O)NCCC2CCN(Cc3ccccc3F)CC2)cc(c1O)C(C)(C)C,1400.0,Ki (nM)
50294850,CCCCNC(=O)OCCCCCO,1400.0,Ki (nM)
50961495,O=C(NCCc1c[nH]c2ccccc12)c1ccc(OCCCCn2c3ccccc3c3ccccc32)cc1,1437.0,Ki (nM)
50089049,O\N=C\C(=O)NCCCCNc1c2CCCCc2nc2ccccc12,1492.0,Ki (nM)
50294846,CCCCNC(=O)OCCO,1500.0,Ki (nM)
15308,CC(=O)N(CCCNc1c2CCCCc2nc2ccccc12)CCCNc1c2CCCCc2nc2ccccc12,1500.0,Ki (nM)
200774,COc1cc(CN=Nc2nc(cs2)-c2cc3ccccc3oc2=O)cc(OC)c1O |w:7.7|,1550.0,Ki (nM)
51188710,CCN(CC)Cc1cccc(OC2Cc3cc(OC)c(OC)cc3C2=O)c1,1590.0,Ki (nM)
51655618,Clc1ccc2c(NCCNC34CC5CC(CC(C5)C3)C4)ccnc2c1,1600.0,Ki (nM)
200768,Clc1ccc(CN=Nc2nc(cs2)-c2cc3ccccc3oc2=O)cc1 |w:7.7|,1620.0,Ki (nM)
201196,CC(C)N(CCNC(=O)N1c2ccccc2Sc2ccccc12)C(C)C,1640.0,Ki (nM)
41257,O=C1C(=O)C(Cl)=C(Cl)C(Cl)=C1Cl,1670.0,Ki (nM)
200771,O=c1oc2ccccc2cc1-c1csc(N=NCc2ccc(cc2)N(=O)=O)n1 |w:15.16|,1810.0,Ki (nM)
50502634,COc1cccc2C\C(=C/C3CCN(Cc4ccccc4)CC3)C(=O)c12,1835.0,Ki (nM)
51655619,CC(CCNCCC12CC3CC(CC(C3)C1)C2)Nc1ccnc2cc(Cl)ccc12,1900.0,Ki (nM)
50431848,N[C@@H](Cc1ccccc1)C(=O)NCC(=O)Nc1c2CCCCc2nc2ccccc12 |r|,1908.0,Ki (nM)
50287097,Oc1ccc2c(CC(=O)NNC(=S)Nc3c4CCCCc4nc4ccccc34)cc(=O)oc2c1,1940.0,Ki (nM)
51051486,Cc1cccc2c1ccc3c2C(=O)C(=O)C4=C3OC[C@@H]4C,1950.0,Ki (nM)
50502631,Oc1ccc2C(=O)\C(Cc2c1)=C\C1CCN(Cc2ccccc2)CC1,1980.0,Ki (nM)
50048002,CCCCCSC(=O)OCC[N+](C)(C)C,2000.0,Ki (nM)
51451310,CN(CCCC(F)F)Cc1ccc(COc2ccc3c(CO)cc(=O)oc3c2)cc1,2000.0,Ki (nM)
51606003,CCOC(=O)C1=C(Nc2ccc(F)cc2)CC(c2ccc(F)cc2)N(c2ccc(F)cc2)C1c1ccc(F)cc1,2050.0,Ki (nM)
51188720,N\C(=N/OC(=O)c1cnn(c1C(F)(F)F)-c1ccc(cc1)[N+]([O-])=O)c1ccc(cc1)C(F)(F)F,2070.0,Ki (nM)
50287100,COc1ccc2nc3CCCCc3c(N)c2c1,2090.0,Ki (nM)
50949141,COc1ccc2nc3CCCCc3c(N)c2c1,2090.0,Ki (nM)
50431856,N[C@@H](Cc1c[nH]c2ccccc12)C(=O)NCC(=O)Nc1c2CCCCc2nc2ccccc12 |r|,2214.0,Ki (nM)
50289963,COc1ccc(cc1)-c1cc2O[C@]3(C)CC[C@@]4(O)[C@](C)(CCC(=O)OC4(C)C)[C@]3(O)Cc2c(=O)o1,2300.0,Ki (nM)
335100,CC(=O)C(=N/O)\C(=O)NCC1CCN(Cc2ccccc2)CC1,2300.0,Ki (nM)
50630027,C(c1ccc2ccc(C[n+]3cccc4ccccc34)cc2c1)[n+]1cccc2ccccc12,2300.0,Ki (nM)
51188745,N\C(=N/OC(=O)c1cnn(c1C(F)(F)F)-c1ccc(cc1)[N+]([O-])=O)c1ccc(Cl)cc1,2350.0,Ki (nM)
50287098,Oc1ccc2c(CC(=O)N\N=C3/SCC(=O)N3c3c4CCCCc4nc4ccccc34)cc(=O)oc2c1,2360.0,Ki (nM)
200770,Brc1ccc(CN=Nc2nc(cs2)-c2cc3ccccc3oc2=O)cc1 |w:7.7|,2470.0,Ki (nM)
50350061,[H][C@@]12CC[C@@]3(C)C[C@@]4(O)CC[C@@]5([H])C(C)(C)[C@H](CC[C@]5(C)[C@@]4([H])CC[C@]3([H])[C@@]1(C)CC[C@H](OC(C)=O)C2(C)C)OC(C)=O |r|,2490.0,Ki (nM)
51475809,NS(=O)(=O)c1ccc(cc1)\N=C\c1cc(Br)cc(Br)c1O,2540.0,Ki (nM)
50856234,C[n+]1c2ccccc2c(-c2ccc(N)cc2)c2ccccc12,2660.0,Ki (nM)
50502627,COc1cc2C\C(=C/C3CCN(Cc4ccccc4)CC3)C(=O)c2cc1O,2822.0,Ki (nM)
50502628,COc1cc2C(=O)\C(Cc2cc1O)=C\C1CCN(Cc2ccccc2)CC1,2822.0,Ki (nM)
51188832,O=c1c(Cl)c(N2CCN(c3ccc(C(F)(F)F)cn3)CC2)cnn1-c1c(Cl)cc(C(F)(F)F)cc1Cl,2870.0,Ki (nM)
50048010,CCCCCSC(=O)OCC[N+](C)(C)C,3000.0,Ki (nM)
50089051,O\N=C(/C#N)C(=O)NCCCNc1c2CCCCc2nc2ccccc12,3077.0,Ki (nM)
200767,Clc1cccc(CN=Nc2nc(cs2)-c2cc3ccccc3oc2=O)c1 |w:8.8|,3090.0,Ki (nM)
51189277,CC(C)=CCC/C(C)=C/Cc1cc(-c2cc(=O)c3c(O)cc(O)cc3o2)c(O)cc1O,3100.0,Ki (nM)
51189263,COc1cc(O)c(C2CC(=O)c3c(O)cc(O)cc3O2)cc1C/C=C(\C)CCC=C(C)C,3100.0,Ki (nM)
51189262,CC(C)=CC1Oc2cc(O)ccc2-c2oc3c4c(cc(O)c3c(=O)c21)OC(C)(C)C=C4,3100.0,Ki (nM)
51553673,CC[N+](CC)(CCCCCn1c(=O)cc(C)n(CCCCCCn2c(C)cc(=O)n(C)c2=O)c1=O)Cc1ccccc1C(F)(F)F,0.43,Ki (nM)
50489455,COc1cccc2CC(CCc12)NS(=O)(=O)N(C)C,0.45,Ki (nM)
51374496,COc1ccc2cc3-c4cc5OCOc5cc4CC[n+]3cc2c1OCc1ccc(cc1)C(F)(F)F,0.456,Ki (nM)
50871625,CN(CCCNc1c2CCCCc2nc2ccccc12)CCCNc1c2CCCCc2nc2ccccc12,0.54,Ki (nM)
15307,OCCN(CCCNc1c2CCCCc2nc2ccccc12)CCCNc1c2CCCCc2nc2ccccc12,0.65,Ki (nM)
50871666,CCC1=CC2Cc3nc4cc(Cl)ccc4c(N)c3[C@@H](C1)C2,0.67,Ki (nM)
50489532,COc1ccc2CC(CCc2c1)NC(=O)N(C)C,0.67,Ki (nM)
51377536,COc1cc(CNC(=O)CCCCCCNc2c3c(nc4cc(Cl)ccc24)CC2C=C(C)CC3C2)ccc1O,0.68,Ki (nM)
50489463,CN(C)S(=O)(=O)NC1CCc2ccc(O)cc2C1,0.72,Ki (nM)
50452606,c1ccc2c(c1)cc(o2)CNCCCCCCCNc3c4ccccc4nc5c3CCCC5,0.72,Ki (nM)
50871612,C(Cc1cccc(CCNc2c3CCCCc3nc3ccccc23)n1)Nc1c2CCCCc2nc2ccccc12,0.768,Ki (nM)
50077150,[O-][N+](=O)c1cccc2c(NCCCCCCCCNc3c4CCCCc4nc4ccccc34)c3CCCCc3nc12,0.78,Ki (nM)
50489457,COc1ccc2CCC(Cc2c1)NS(=O)(=O)N(C)C,0.83,Ki (nM)
51377537,COc1cc(CNC(=O)CCCCCCNc2c3c(nc4cc(Cl)ccc24)CC2C=C(C)CC3C2)ccc1O,0.94,Ki (nM)
50489531,COc1cccc2C[C@H](CCc12)NC(=O)N(C)C |r|,0.98,Ki (nM)
17515,Nc1c2CCCCc2nc2cc(Cl)cc(Cl)c12,1.0,Ki (nM)
50175745,Clc1ccc2c(NCCCCCCCNc3c4Cc5ccccc5-c4nc4ccccc34)c3CCCCc3nc2c1,1.0,Ki (nM)
50452607,c1ccc2c(c1)cc(o2)CNCCCCCCCNc3c4ccccc4nc5c3CCCC5,1.0,Ki (nM)
50489456,COc1ccc2CC(CCc2c1)NS(=O)(=O)N(C)C,1.1,Ki (nM)
50489533,COc1ccc2CC[C@@H](Cc2c1)NC(=O)N(C)C |r|,1.1,Ki (nM)
50489462,CN(C)S(=O)(=O)N[C@H]1CCc2cc(O)ccc2C1 |r|,1.2,Ki (nM)
50489459,CN(C)C(=O)NC1CCc2cc(O)ccc2C1,1.3,Ki (nM)
15302,c1ccc2c(c1)c(c3c(n2)CCCC3)NCCCCCCCNc4c5ccccc5nc6c4CCCC6,1.3,Ki (nM)
50489461,CN(C)S(=O)(=O)NC1CCc2c(O)cccc2C1,1.3,Ki (nM)
17516,c1ccc2c(c1)c(c3c(n2)CCCC3)NCCCCCCCNc4c5ccccc5nc6c4CCCC6,1.3,Ki (nM)
50949146,CCN(CCC(=O)N1CCN(CCNc2c3CCCCc3nc3ccccc23)CC1)C1CCCCC1,1.35,Ki (nM)
50828053,Nc1ccc2c(c1)c(-c1ccccc1)n(CCCNCCCNCCCNc1c3CCCCc3nc3ccccc13)c1cc(=[NH2+])ccc21,1.49,Ki (nM)
50214923,[H][C@]12Cc3nc4cc(Cl)ccc4c(NCCCCCCCNc4c5CCCCc5nc5cc(Cl)ccc45)c3[C@]([H])(CC(C)=C1)C2,1.5,Ki (nM)
50077146,CN(CCCCNc1c2CCCCc2nc2c(NC(=O)CNC(=O)CC[C@H](NC(=O)CNC(=O)OCc3ccccc3)C(=O)N[C@@H](Cc3ccccc3)C(=O)OCc3ccccc3)cccc12)CCCNc1c2CCCCc2nc2ccccc12 |r|,1.5,Ki (nM)
50489458,CN(C)C(=O)N[C@H]1CCc2c(O)cccc2C1 |r|,1.6,Ki (nM)
15306,C=CCN(CCCNc1c2CCCCc2nc2ccccc12)CCCNc1c2CCCCc2nc2ccccc12,1.6,Ki (nM)
51058870,COc1ccc(Cn2cc(C(=O)NCCCNc3c4CCCCc4nc4cc(Cl)ccc34)c(=O)c3ccccc23)cc1,1.6,Ki (nM)
50787289,CC[N+](C)(C)c1cccc(c1)O,1.6,Ki (nM)
50871606,C(Cc1ccc(CCNc2c3CCCCc3nc3ccccc23)cc1)Nc1c2CCCCc2nc2ccccc12,1.63,Ki (nM)
51189285,CC(C)=CCc1c(-c2ccc(O)cc2O)oc2c(CC=C(C)C)c(O)cc(O)c2c1=O,3100.0,Ki (nM)
51189287,CC(C)(O)C1Cc2c(oc3c4C=CC(C)(C)Oc4cc(O)c3c2=O)-c2ccc(O)cc2O1 |c:11|,3100.0,Ki (nM)
51189280,CC(C)=CCC/C(C)=C/Cc1cc(C2CC(=O)c3c(O)cc(O)cc3O2)c(O)cc1O,3100.0,Ki (nM)
51189250,CC(C)=CCc1c(-c2ccc(O)cc2O)oc2c3c(cc(O)c2c1=O)OC(C)(C)C=C3,3100.0,Ki (nM)
51189266,COc1cc(O)c(-c2cc(=O)c3c(O)cc(O)cc3o2)cc1C/C=C(\C)CCC=C(C)C,3100.0,Ki (nM)
51189282,CC(C)(O)CCc1c(oc2c3C=CC(C)(C)Oc3cc(O)c2c1=O)-c1ccc(O)cc1O |c:11|,3100.0,Ki (nM)
51144807,CC(C)(C)c1cc(\C=C\C(=O)NCCC2CCN(Cc3ccccc3)CC2)cc(c1O)C(C)(C)C,3200.0,Ki (nM)
41643,O=C1N(Cc2ccc(Cc3ccc(CN4C(=O)C(=O)c5ccccc45)cc3)cc2)c2ccccc2C1=O,3280.0,Ki (nM)
51144708,Nc1ccc(O)c(CN2CCCC2)c1,3300.0,Ki (nM)
50431858,CN[C@@H](Cc1c[nH]c2ccccc12)C(=O)NCC(=O)Nc1c2CCCCc2nc2ccccc12 |r|,3330.0,Ki (nM)
50856209,CN1c2ccccc2C(c2ccccc12)n1cncn1,3340.0,Ki (nM)
51506351,CCN(CC)C(=O)OC1C[N+]2(C)CCC1CC2,3500.0,Ki (nM)
50367561,CN(C)CCOc1ccc(cc1)C(=O)\C=C\c1ccccc1,3520.0,Ki (nM)
50856359,CN1c2ccccc2C(N2CCSCC2)c2ccccc12,3750.0,Ki (nM)
51655620,Clc1ccc2c(Nc3cccc4c(NCCC56CC7CC(CC(C7)C5)C6)cccc34)ccnc2c1,3800.0,Ki (nM)
51102558,COc1cccc(c1)C1NC(=S)Nc2nc3CCCCc3c(N)c12,3880.0,Ki (nM)
50856217,CN1c2ccccc2C(N2CCOCC2)c2ccccc12,4010.0,Ki (nM)
50431854,O=C(CNC(=O)[C@@H]1Cc2ccccc2CN1)Nc1c2CCCCc2nc2ccccc12 |r|,4130.0,Ki (nM)
50502629,Oc1ccc2C\C(=C/C3CCN(Cc4ccccc4)CC3)C(=O)c2c1,4224.0,Ki (nM)
50502665,Oc1ccc(CCCCCCCCC(=O)c2c(O)cccc2O)cc1,4330.0,Ki (nM)
50077036,CC[N+](C)(C)c1cccc(c1)O,4800.0,Ki (nM)
50630034,CC[N+](C)(C)c1cccc(c1)O,4800.0,Ki (nM)
50621529,CC[N+](C)(C)c1cccc(c1)O,4800.0,Ki (nM)
51340262,COCC1=C=C(c2ccc(OC)cc2)c2cc(OC)c(OC)cc2CCN(C)/C=C1C(=O)OC,4900.0,Ki (nM)
201193,CN(C)c1ccc(cc1)-c1sc2cc(C)ccc2[n+]1C,4990.0,Ki (nM)
200766,Clc1ccccc1CN=Nc1nc(cs1)-c1cc2ccccc2oc1=O |w:9.10|,5410.0,Ki (nM)
51555788,[O-][N+](=O)C1=C(Nc2cccc(Cl)c2)NNC11C(=O)Nc2ccccc12,5590.0,Ki (nM)
200773,COc1cc(CN=Nc2nc(cs2)-c2cc3ccccc3oc2=O)cc(OC)c1OC |w:7.7|,5610.0,Ki (nM)
50502666,Oc1ccc(CCCCCCCCC(=O)c2c(O)cccc2O)cc1O,5860.0,Ki (nM)
50554049,CC(C)OP(F)(=O)OC(C)C,6000.0,Ki (nM)
50089048,O=C(/C=N/O)NCCCNc2c1CCCCc1nc3ccccc23,6219.0,Ki (nM)
51144726,CCN(CC)Cc1cc(N)ccc1O,6300.0,Ki (nM)
51441245,[H][C@@]12Cc3c4COCOc4c(OC)cc3C=[N+]1CCc1cc3OCOc3c(OC)c21,6300.0,Ki (nM)
50431850,CN[C@@H](Cc1ccccc1)C(=O)NCC(=O)Nc1c2CCCCc2nc2ccccc12 |r|,6320.0,Ki (nM)
50949133,COc1ccc2nc3CCCCc3c(N)c2c1,6340.0,Ki (nM)
50287107,COc1ccc2nc3CCCCc3c(N)c2c1,6340.0,Ki (nM)
51051484,CCN1\C(Sc2ccccc12)=C1\SC(=S)N(CC=C)C1=O,6410.0,Ki (nM)
50856210,CN1c2ccccc2C(c2ccccc12)n1nnc2ccccc12,6430.0,Ki (nM)
51604128,O=C(Oc1cc(OC(=O)N2CCCCC2)cc(C(O)CN2CCCCC2)c1)N1CCCCC1,6930.0,Ki (nM)
15554,C(Nc1c2Cc3ccccc3-c2nc2ccccc12)c1ccccc1,7500.0,Ki (nM)
50828058,CC[N+](C)(CC)CCCn1c(-c2ccccc2)c2cc(N)ccc2c2ccc(=[NH2+])cc12,7140.0,Ki (nM)
200764,COc1cccc(CN=Nc2nc(cs2)-c2cc3ccccc3oc2=O)c1 |w:9.9|,7170.0,Ki (nM)
51233057,CC1(C)Oc2ccc(C(=O)\C=C\c3ccc(O)cc3)c(O)c2C=C1 |c:24|,7390.0,Ki (nM)
200775,O=c1oc2ccccc2cc1-c1csc(N=NCc2ccccc2OCc2ccccc2)n1 |w:15.16|,7470.0,Ki (nM)
51144727,Nc1ccc(O)c(CN2CCCC2)c1,7800.0,Ki (nM)
50431860,CC(C)(C)OC(=O)N[C@@H](Cc1c[nH]c2ccccc12)C(=O)NCCC(=O)Nc1c2CCCCc2nc2ccccc12 |r|,7970.0,Ki (nM)
50350063,C[C@@]12CC[C@@H]3[C@](C)(CC[C@H](OC(=O)CCc4ccc(O)cc4)[C@]3(C)C(=O)O)[C@H]1CC[C@H]1C(=CC[C@@H]3[C@]1(C)CC[C@@H](O)[C@]3(C)CO)C2,7970.0,Ki (nM)
50367560,CN(C)CCOc1ccc(cc1)C(=O)\C=C\c1ccccc1,7990.0,Ki (nM)
50630033,C(c1ccc2ccc(C[n+]3cccc4ccccc34)cc2c1)[n+]1cccc2ccccc12,8200.0,Ki (nM)
50927109,CC(C)=CCC/C(C)=C/Cc1c(O)cc2c(c1O)C(=O)C[C@@H](c1ccc(O)c(O)c1)O2,8400.0,Ki (nM)
50760421,CCO[P@](=O)(SCC)c1ccccc1 |r|,8900.0,Ki (nM)
50553676,CNC(=O)N1c2ccccc2Sc2ccccc12,9360.0,Ki (nM)
201194,CC[N+](C)(CC)CCCn1c(-c2ccccc2)c2cc(N)ccc2c2ccc(=[NH2+])cc12,9730.0,Ki (nM)
200772,CN(C)c1ccc(CN=Nc2nc(cs2)-c2cc3ccccc3oc2=O)cc1 |w:9.9|,9960.0,Ki (nM)
51412376,COC(=O)C(=N/Nc1ccc(C)cc1)\C(=O)C(F)(F)F,10100.0,Ki (nM)
50431852,N[C@@H](Cc1ccc2ccccc2c1)C(=O)NCC(=O)Nc1c2CCCCc2nc2ccccc12 |r|,11190.0,Ki (nM)
50973672,[O-][N+](=O)c1cccc2CSC(=O)c12,11800.0,Ki (nM)
51135946,NC(=O)c1cc[n+](CCCC[n+]2cc(Cl)c(C=NO)c(Cl)c2)cc1,12000.0,Ki (nM)
50856207,CCN(CC)c1ccc(cc1)-c1c2ccccc2[n+](C)c2ccccc12,13200.0,Ki (nM)
51441247,COc1cc2c[n+]3CCc4cc5OCOc5c(OC)c4-c3cc2c(CO)c1OC,13200.0,Ki (nM)
51441249,[H][C@@]12Cc3c(CN1CCc1cc4OCOc4c(OC)c21)cc(OC)c1OCOCc31 |r|,13700.0,Ki (nM)
51510799,CC(=O)Nc1nc(Cl)c2ncn(C3O[C@H](CC(=O)NCc4ccccc4)[C@H](OC(C)=O)[C@H]3OC(C)=O)c2n1,14780.0,Ki (nM)
51144709,CCN(CC)Cc1cc(N)ccc1O,16000.0,Ki (nM)
50553662,CCN(CC)CCNC(=O)N1c2ccccc2Sc2ccccc12,16300.0,Ki (nM)
50927105,COc1c(O)cc(C2Oc3cc(O)c(C/C=C(\C)CCC=C(C)C)c(O)c3C(=O)[C@@H]2O)cc1O,16900.0,Ki (nM)
50502638,COc1cccc(CN2CCC(CC2)\C=C2/Cc3cccc(OC)c3C2=O)c1,17230.0,Ki (nM)
50502626,COc1cccc2C\C(=C/C3CCN(Cc4ccc5OCOc5c4)CC3)C(=O)c12,18200.0,Ki (nM)
51510801,CC(=O)Nc1nc(Cl)c2n(cnc2n1)C1O[C@@H]([C@@H](OC(C)=O)[C@@H](OC(C)=O)[C@H]1OC(C)=O)C(=O)NCc1ccccc1,18720.0,Ki (nM)
51046011,COc1ccc(\C=N\NC(=O)CN2CCC(Cc3ccccc3)CC2)cc1,19500.0,Ki (nM)
50100756,CCCCCCCSC(=O)OCC[N+](C)(C)C,20000.0,Ki (nM)
51135943,NC(=O)c1cc[n+](CCC[n+]2cc(Cl)c(C=NO)c(Cl)c2)cc1,21000.0,Ki (nM)
51135947,NC(=O)c1cc[n+](CC=CC[n+]2cc(Cl)c(C=NO)c(Cl)c2)cc1,22000.0,Ki (nM)
50991333,O=C1C=C2S[C@H]3C[C@]2(C=C1Br)C1=C(N3)C(=O)c2[nH]cc3c2C1=NCC3,22800.0,Ki (nM)
200776,CN(C)C(=O)Oc1cccc(c1)[N+](C)(C)C,23000.0,Ki (nM)
51510798,CC(=O)Nc1nc(Cl)c2ncn(C3O[C@@H]4[C@@H](O)C(=O)O[C@@H]4[C@H]3OC(C)=O)c2n1,23670.0,Ki (nM)
50554036,CO[P@@]1(=O)CC[C@H]2COC(=O)C2=C(C)O1,24000.0,Ki (nM)
51135958,NC(=O)c1cc[n+](CC=CC[n+]2ccc(C=NO)c(Cl)c2)cc1,24000.0,Ki (nM)
50919576,CCN(CC)C(C)CN1c2ccccc2Sc2ccccc12,24700.0,Ki (nM)
50621527,CCN(CC)C(C)CN1c2ccccc2Sc2ccccc12,24700.0,Ki (nM)
51135944,NC(=O)c1cc[n+](COC[n+]2ccccc2CN=O)cc1,25000.0,Ki (nM)
50630031,CCN(CC)C(C)CN1c2ccccc2Sc2ccccc12,25000.0,Ki (nM)
51510804,CC(=O)Nc1nc(Cl)c2ncn(C3O[C@@H]([C@@H](OC(C)=O)[C@@H](OC(C)=O)[C@H]3OC(C)=O)C(O)=O)c2n1,26870.0,Ki (nM)
248231,COc1cc2O[C@H]3OC=C[C@H]3c2c2oc(=O)c3C(=O)CCc3c12 |c:8|,28000.0,Ki (nM)
51466778,NC(=O)c1cc[n+](CCC[n+]2cc(F)c(C=NO)c(F)c2)cc1,28000.0,Ki (nM)
50553666,O=C(NCCN1CCCC1)N1c2ccccc2Sc2ccccc12,29400.0,Ki (nM)
50927108,COc1c(O)cc(C2CC(=O)c3c(cc(O)c(C/C=C(\C)CCC=C(C)C)c3O)O2)cc1O,30100.0,Ki (nM)
51510802,CC(=O)Nc1nc(Cl)c2ncn(C3O[C@@H]([C@@H](OC(C)=O)[C@@H](OC(C)=O)[C@H]3OC(C)=O)C(=O)NCc3ccccc3)c2n1,30980.0,Ki (nM)
51441243,[H][C@@]12Cc3c(CO)c(OC)c(OC)cc3C=[N+]1CCc1cc3OCOc3c(OC)c21,31000.0,Ki (nM)
50089059,O\N=C\C(=O)c1ccc(OCC2CCN(Cc3ccccc3)CC2)nc1,31220.0,Ki (nM)
17786,C[C@@H](c1cccc(c1)O)N(C)C,33000.0,Ki (nM)
50431862,N[C@@H](Cc1c[nH]c2ccccc12)C(=O)NCCC(=O)Nc1c2CCCCc2nc2ccccc12 |r|,34030.0,Ki (nM)
50927103,COc1ccc([C@H]2Oc3cc(O)c(C/C=C(\C)CCC=C(C)C)c(O)c3C(=O)[C@@H]2O)cc1O,34300.0,Ki (nM)
51466777,NC(=O)c1cc[n+](CCC[n+]2ccc(C=NO)c(F)c2)cc1,35000.0,Ki (nM)
51466781,NC(=O)c1cc[n+](CC=CC[n+]2ccc(C=NO)c(F)c2)cc1,36000.0,Ki (nM)
51135954,NC(=O)c1cc[n+](CCCC[n+]2ccc(C=NO)c(Cl)c2)cc1,36000.0,Ki (nM)
50871603,CC[N+](CC)(CC)CCOc1cccc(c1OCC[N+](CC)(CC)CC)OCC[N+](CC)(CC)CC,37000.0,Ki (nM)
51144721,CCN(CC)Cc1cc(N)ccc1O,37400.0,Ki (nM)
51144723,CCN(CC)Cc1cc(N)ccc1O,37700.0,Ki (nM)
50903929,c1c(cc(c(c1O)O)O)C2=C(C(=O)c3c(cc(cc3O2)O)O)O,37800.0,Ki (nM)
51510803,CC(=O)Nc1nc(Cl)c2n(cnc2n1)C1O[C@@H]([C@@H](OC(C)=O)[C@@H](OC(C)=O)[C@H]1OC(C)=O)C(O)=O,37870.0,Ki (nM)
50903928,c1cc(c(cc1C2=C(C(=O)c3c(cc(cc3O2)O)O)O)O)O,38300.0,Ki (nM)
50502625,COc1ccc2C\C(=C/C3CCN(Cc4ccc5OCOc5c4)CC3)C(=O)c2c1,39670.0,Ki (nM)
50048007,CCCCCCCSC(=O)OCC[N+](C)(C)C,40000.0,Ki (nM)
51135939,NC(=O)c1cc[n+](CCC[n+]2ccc(C=NO)c(Cl)c2)cc1,42000.0,Ki (nM)
51466779,NC(=O)c1cc[n+](CCCC[n+]2ccc(C=NO)c(F)c2)cc1,44000.0,Ki (nM)
41519,Clc1ccc(CN2C(=O)C(=O)c3ccccc23)cc1Cl,48200.0,Ki (nM)
51510800,CC(=O)Nc1nc(NCc2ccccc2)c2ncn(C3O[C@H](CC(=O)NCc4ccccc4)[C@H](OC(C)=O)[C@H]3OC(C)=O)c2n1,50530.0,Ki (nM)
51046009,CCOc1ccc(\C=N\NC(=O)CN2CCC(Cc3ccccc3)CC2)cc1,50800.0,Ki (nM)
51356903,CN1CCCC[C@H]1c1ccc(nc1)-c1cccnc1 |r|,51000.0,Ki (nM)
51525607,COc1cc(O)c2c(c1)oc1c(O)cccc1c2=O,53000.0,Ki (nM)
50089094,O\N=C\C(=O)c1cnc(OCC2CCN(Cc3ccccc3)CC2)nc1,55180.0,Ki (nM)
50991354,O=C1CC[C@@]2(C=CNC3=C2C2=NCCc4c[nH]c(c42)C3=O)C=C1Br,56200.0,Ki (nM)
50973507,O=C1SCc2ccccc12,59800.0,Ki (nM)
51466780,NC(=O)c1cc[n+](CCCC[n+]2cc(F)c(C=NO)c(F)c2)cc1,63000.0,Ki (nM)
50853449,C[N+](C)(C)CCOC(=O)Nc1cc(Cl)nc(Cl)c1,64400.0,Ki (nM)
51573570,CN(C)CCCN1C(SCC1=O)c1ccc(Cl)cc1Cl,65000.0,Ki (nM)
50287105,Oc1ccc2c(CC(=O)N\N=C3/SCC(=O)N3c3c4CCCCc4nc4ccccc34)cc(=O)oc2c1,65300.0,Ki (nM)
50903931,c1cc(c(cc1C2=CC(=O)c3c(cc(cc3O2)O)O)O)O,65800.0,Ki (nM)
51466782,NC(=O)c1cc[n+](CC=CC[n+]2cc(F)c(C=NO)c(F)c2)cc1,68000.0,Ki (nM)
50927104,COc1cc([C@H]2Oc3cc(O)c(C/C=C(\C)CCC=C(C)C)c(O)c3C(=O)[C@@H]2O)ccc1O,68200.0,Ki (nM)
51135956,NC(=O)c1cc[n+](CCC[n+]2ccc(CN=O)cc2)cc1,73000.0,Ki (nM)
51466783,NC(=O)c1cc[n+](CCC[n+]2ccc(CN=O)cc2)cc1,73000.0,Ki (nM)
50554042,COC(=O)C1=C(C)OP(=O)(CCC1)OC |c:4|,76000.0,Ki (nM)
51046008,CCOc1ccc(\C=N\NC(=O)CN2CCC(Cc3ccccc3)CC2)cc1,83800.0,Ki (nM)
50903925,c1ccc(cc1)C2=C(C(=O)c3c(cc(cc3O2)O)O)O,85600.0,Ki (nM)
50553674,NC(=O)N1c2ccccc2Sc2ccccc12,89300.0,Ki (nM)
51466785,NC(=O)c1cc[n+](C\C=C\C[n+]2ccc(CN=O)cc2)cc1,90000.0,Ki (nM)
51135957,NC(=O)c1cc[n+](C\C=C\C[n+]2ccc(CN=O)cc2)cc1,90000.0,Ki (nM)
50287104,Oc1ccc2c(CC(=O)NNC(=S)Nc3c4CCCCc4nc4ccccc34)cc(=O)oc2c1,92800.0,Ki (nM)
50903927,c1cc(ccc1C2=C(C(=O)c3c(cc(cc3O2)O)O)O)O,92800.0,Ki (nM)
50927106,COc1ccc([C@@H]2CC(=O)c3c(cc(O)c(C/C=C(\C)CCC=C(C)C)c3O)O2)cc1O,94500.0,Ki (nM)
50489460,CN(C)C(=O)N[C@H]1CCc2ccc(O)cc2C1 |r|,1.7,Ki (nM)
248233,C[C@@]12CC[C@@]3([C@@]([C@]1(CC4=C(O2)C=C(OC4=O)c5cc(c(c(c5)OC)OC)OC)O)(C(=O)C=CC3(C)C)C)O,1.7,Ki (nM)
51202290,C[C@@]12CC[C@@]3([C@@]([C@]1(CC4=C(O2)C=C(OC4=O)c5cc(c(c(c5)OC)OC)OC)O)(C(=O)C=CC3(C)C)C)O,1.7,Ki (nM)
50871613,C(Cc1cccc(CCNc2c3CCCCc3nc3ccccc23)c1)Nc1c2CCCCc2nc2ccccc12,1.72,Ki (nM)
50077148,O=C(CC[C@H](NC(=O)CNC(=O)OCc1ccccc1)C(=O)N[C@@H](Cc1ccccc1)C(=O)OCc1ccccc1)NCC(=O)Nc1cccc2c(NCCCCCCCCNc3c4CCCCc4nc4ccccc34)c3CCCCc3nc12 |r|,1.9,Ki (nM)
15303,C(CCCCNc1c2CCCCc2nc2ccccc12)CCCNc1c2CCCCc2nc2ccccc12,1.9,Ki (nM)
50164265,CCN(CCCCCCNc1cc(O)c(cc1O)N=CCCCCCN(CC)Cc1ccccc1OC)Cc1ccccc1OC |w:18.18|,2.6,Ki (nM)
51463178,CCN(CCCCCCNc1cc(O)c(cc1O)N=CCCCCCN(CC)Cc1ccccc1OC)Cc1ccccc1OC |w:18.18|,2.6,Ki (nM)
50209106,CCN(CCCCCCNc1cc(O)c(cc1O)N=CCCCCCN(CC)Cc1ccccc1OC)Cc1ccccc1OC |w:18.18|,2.6,Ki (nM)
50871619,C(CCNc1c2CCCCc2nc2ccccc12)CNCCCSc1c2CCCCc2nc2ccccc12,2.67,Ki (nM)
50085911,[H][C@]12Cc3nc4cc(Cl)ccc4c(NCCCCCCCCCNC(=O)c4cc(O)c5C(=O)c6c(O)cccc6C(=O)c5c4)c3[C@]([H])(CC(C)=C1)C2,2.7,Ki (nM)
293110,Oc1ccc(cc1)C(=O)c1cc(O)c(Br)cc1O,2.78,Ki (nM)
15305,CCN(CCCNc1c2CCCCc2nc2ccccc12)CCCNc1c2CCCCc2nc2ccccc12,2.8,Ki (nM)
15299,COc1cc2c(cc1OC)C(=O)[C@@H](C2)CC3CCN(CC3)Cc4ccccc4,2.9,Ki (nM)
51631782,Fc1cccc(CNCCCCCCCCNc2ccnc3cc(Cl)ccc23)c1,3.2,Ki (nM)
293111,Oc1cc(C(=O)c2ccccc2)c(O)cc1Br,3.24,Ki (nM)
51057699,COc1ccc(Cn2cc(C(=O)NCCCNc3c4CCCCc4nc4cc(Cl)ccc34)c(=O)c3ccccc23)cc1,3.3,Ki (nM)
51530458,COc1ccc(OC)c(c1)C1CC(=NN1c1ccc(cc1)S(N)(=O)=O)c1cc(F)ccc1F |c:13|,3.3,Ki (nM)
51530459,COc1ccc(cc1OC)C1CC(=NN1c1ccc(cc1)S(N)(=O)=O)c1cc(F)ccc1F |c:13|,3.3,Ki (nM)
51530456,COc1cccc(C2CC(=NN2c2ccc(cc2)S(N)(=O)=O)c2cc(F)ccc2F)c1OC |c:9|,3.3,Ki (nM)
51530457,COc1ccc(C2CC(=NN2c2ccc(cc2)S(N)(=O)=O)c2cc(F)ccc2F)c(OC)c1 |c:8|,3.3,Ki (nM)
51530462,COc1ccc(OC)c(c1)C1CC(=NN1c1ccc(cc1)S(N)(=O)=O)c1cc(F)cc(F)c1 |c:13|,3.3,Ki (nM)
51530463,COc1ccc(cc1OC)C1CC(=NN1c1ccc(cc1)S(N)(=O)=O)c1cc(F)cc(F)c1 |c:13|,3.3,Ki (nM)
51530460,COc1cccc(C2CC(=NN2c2ccc(cc2)S(N)(=O)=O)c2cc(F)cc(F)c2)c1OC |c:9|,3.3,Ki (nM)
51530461,COc1ccc(C2CC(=NN2c2ccc(cc2)S(N)(=O)=O)c2cc(F)cc(F)c2)c(OC)c1 |c:8|,3.3,Ki (nM)
50085912,[H][C@]12Cc3nc4cc(Cl)ccc4c(NCCCCCCCCCNC(=O)c4cc(O)c5C(=O)c6c(O)cccc6C(=O)c5c4)c3[C@]([H])(CC(C)=C1)C2,3.4,Ki (nM)
50645471,O=C(N1c2ccccc2Sc2ccccc12)c1c2ccccc2cc2ccccc12,3.5,Ki (nM)
50645481,O=C(N1c2ccccc2Sc2ccccc12)c1c2ccccc2cc2ccccc12,3.5,Ki (nM)
293101,COc1ccc(C(=O)c2ccc(OC)c(OC)c2)c(Br)c1,3.53,Ki (nM)
293107,COc1ccc(cc1)C(=O)c1cc(Br)c(OC)cc1OC,3.65,Ki (nM)
51257779,CCOc1ccc(Cc2nc3cc(ccc3n2CCC(C)C)C(=O)NCCCNc2c3CCCCc3nc3ccccc23)cc1,3.7,Ki (nM)
50949138,CCN(CCC(=O)N1CCN(CCNc2c3CCCCc3nc3ccccc23)CC1)C1CCCCC1,3.73,Ki (nM)
293109,Oc1ccc(C(=O)c2cccc(O)c2O)c(Br)c1,3.75,Ki (nM)
293104,COc1ccc(cc1)C(=O)c1cc(OC)c(Br)cc1OC,3.77,Ki (nM)
50871622,CN(CCCCSc1c2CCCCc2nc2ccccc12)CCCNc1c2CCCCc2nc2ccccc12,3.99,Ki (nM)
293108,Oc1ccc(C(=O)c2ccc(O)c(O)c2)c(Br)c1,4.06,Ki (nM)
50287096,Oc1ccc2c(CC(=O)NCCCCNc3c4CCCCc4nc4ccccc34)cc(=O)oc2c1,4.1,Ki (nM)
50991355,O=C1C2=C(C3=NCCc4c[nH]c1c43)C1(C=CN2)C=C(Br)C(O)C(Br)=C1,98000.0,Ki (nM)
50903930,c1cc(c(cc1C2=C(C(=O)c3ccc(cc3O2)O)O)O)O,100200.0,Ki (nM)
51466784,NC(=O)c2cc[n+](CCCC[n+]1ccc(/C=N/O)cc1)cc2,110000.0,Ki (nM)
51135940,NC(=O)c2cc[n+](CCCC[n+]1ccc(/C=N/O)cc1)cc2,110000.0,Ki (nM)
50853450,C[N+](C)(C)CCOC(=O)Nc1ccncc1Br,115900.0,Ki (nM)
50502637,COc1ccc2C\C(=C/C3CCN(Cc4cccc(OC)c4)CC3)C(=O)c2c1,119490.0,Ki (nM)
50927089,CC(C)=CCC/C(C)=C/Cc1c(O)cc2c(c1O)C(=O)C[C@@H](c1ccc(O)cc1)O2,120500.0,Ki (nM)
50903926,c1cc(ccc1C2=CC(=O)c3c(cc(cc3O2)O)O)O,121600.0,Ki (nM)
50089110,O\N=C\C(=O)c1ccc(OCC2CCN(Cc3ccccc3)C2)nc1,137400.0,Ki (nM)
50554038,CO[P@@]1(=O)CC[C@H]2COC(=O)C2=C(C)O1,140000.0,Ki (nM)
50853451,CN(C)CCOC(=O)Nc1cc(Cl)nc(Cl)c1,140200.0,Ki (nM)
50089055,O\N=C\C(=O)c1ccnc(OCC2CCN(Cc3ccccc3)CC2)c1,144000.0,Ki (nM)
50927107,COc1cc([C@@H]2CC(=O)c3c(cc(O)c(C/C=C(\C)CCC=C(C)C)c3O)O2)ccc1O,149500.0,Ki (nM)
50853446,C[N+](C)(C)CCOC(=O)Nc1ccnc(Cl)c1,150900.0,Ki (nM)
50089085,O\N=C\C(=O)c1ccc(OCC2CCN(Cc3ccc(F)c(F)c3)CC2)nc1,158800.0,Ki (nM)
50853441,C[N+](C)(C)CCOC(=O)Nc1ccncc1,159000.0,Ki (nM)
15298,CCN(CC)C(C)CN1c2ccccc2Sc2ccccc12,173200.0,Ki (nM)
51135948,C[n+]1ccccc1\C=N\O,180000.0,Ki (nM)
50089053,O\N=C\C(=O)c1cccnc1OCC1CCN(Cc2ccccc2)CC1,180100.0,Ki (nM)
50089126,O\N=C\c1cnc(OCC2CCN(Cc3ccccc3)CC2)nc1,198500.0,Ki (nM)
50089070,O\N=C\C(=O)c1cccc(OCC2CCN(Cc3ccccc3)CC2)n1,199100.0,Ki (nM)
50853452,CN(C)CCOC(=O)Nc1ccnc(Cl)c1,207700.0,Ki (nM)
51573569,CN(C)CCCN1C(SCC1=O)c1ccccc1Cl,231000.0,Ki (nM)
50089105,COc1ccc(CN2CCCCC2COc2ccc(cn2)C(=O)\C=N\O)cc1OC,232600.0,Ki (nM)
50089026,CC(=O)C(=N/O)\C(=O)NC1CCN(Cc2ccccc2)CC1,233800.0,Ki (nM)
50089124,O\N=C\c1ccc(OCC2CCN(Cc3ccccc3)CC2)nc1,266000.0,Ki (nM)
50089102,O\N=C\C(=O)c1ccc(NCC2CCN(Cc3ccccc3)CC2)nc1,285600.0,Ki (nM)
50089092,O\N=C\C(=O)c1ccc(OCC2CCN(Cc3cccc(Cl)c3)CC2)nc1,298300.0,Ki (nM)
50554045,COC(=O)C1=C(C)O[PH](O)(OC)C=C1,310000.0,Ki (nM)
50853455,CN(C)CCOC(=O)Nc1ccncc1,313700.0,Ki (nM)
50853447,CN(C)CCOC(=O)Nc1ccncc1Br,316400.0,Ki (nM)
50089104,COc1ccc(CN2CCCC(COc3ccc(cn3)C(=O)\C=N\O)C2)cc1OC,344800.0,Ki (nM)
50964630,CC(C)NC[C@H](O)c1cc(OC(=O)N(C)C)cc(OC(=O)N(C)C)c1 |r|,390000.0,Ki (nM)
50553654,CN(C)C(=O)N1c2ccccc2Sc2ccccc12,400000.0,Ki (nM)
50089109,O\N=C\C(=O)c1ccc(OCC2CCCCN2Cc2ccccc2)nc1,550600.0,Ki (nM)
50089035,COc1cc2CCN(CCCNC(=O)\C=N\O)C(c3ccccc3)c2cc1OC,595100.0,Ki (nM)
50553681,CC(C)NC(=O)N1c2ccccc2Sc2ccccc12,691000.0,Ki (nM)
50964632,CC(C)NC[C@H](O)c1cc(OC(=O)N(C)C)cc(OC(=O)N(C)C)c1 |r|,710000.0,Ki (nM)
50089029,O\N=C(/C#N)C(=O)NC1CCN(Cc2ccccc2)CC1,732500.0,Ki (nM)
50964629,CC(C)NC[C@H](O)c1ccc(OC(=O)N(C)C)c(OC(=O)N(C)C)c1 |r|,1200000.0,Ki (nM)
50964631,CC(C)NC[C@H](O)c1ccc(OC(=O)N(C)C)c(OC(=O)N(C)C)c1 |r|,1400000.0,Ki (nM)
50553678,CCNC(=O)N1c2ccccc2Sc2ccccc12,1450000.0,Ki (nM)
50089089,O\N=C\C(=O)c1ccc(OCC2CCN(Cc3ccc(cc3)C#N)CC2)nc1,1608000.0,Ki (nM)
50089033,COc1ccc(CN2CCC(CNC(=O)C(=N\O)\C(C)=O)CC2)cc1OC,1625000.0,Ki (nM)
50089036,COc1cc2CCN(CCCNC(=O)C(=N\O)\C(C)=O)C(c3ccccc3)c2cc1OC,1926000.0,Ki (nM)
50089077,COc1ccc(CN2CCC(COc3ccc(cn3)C(=O)\C=N\O)CC2)cc1OC,1930000.0,Ki (nM)
50089028,CC(=O)C(=N/O)\C(=O)NCC1CCN(Cc2ccccc2)CC1,2303000.0,Ki (nM)
50089020,O\N=C\C(=O)NC1CCN(Cc2ccccc2)CC1,2430000.0,Ki (nM)
50089111,COc1ccc(CN2CCC(COc3ccc(cn3)C(=O)\C=N\O)C2)cc1OC,2517000.0,Ki (nM)
50089044,COc1cc2CCN(CCCNC(=O)C(=N\O)\C(C)=O)Cc2cc1OC,2671000.0,Ki (nM)
50089023,O\N=C\C(=O)NCC1CCN(Cc2ccccc2)CC1,3178000.0,Ki (nM)
50871596,C[N+](C)(C)CCCCCCCCCC[N+](C)(C)C,6000000.0,Ki (nM)
50630037,CCN(CC)C(C)CN1c2ccccc2Sc2ccccc12,12100000.0,Ki (nM)
50621532,CCN(CC)C(C)CN1c2ccccc2Sc2ccccc12,12100000.0,Ki (nM)
50089032,O\N=C(/C#N)C(=O)NCC1CCN(Cc2ccccc2)CC1,94963000.0,Ki (nM)
293102,COc1ccc(C(=O)c2cccc(OC)c2OC)c(Br)c1,4.34,Ki (nM)
293103,COc1ccc(OC)c(Br)c1,4.25,Ki (nM)
248239,C/C=C1\C2C=C(C)CC1(N)c1ccc(=O)[nH]c1C2,4.6,Ki (nM)
293105,COc1cc(C(=O)c2ccccc2)c(OC)cc1Br,5.28,Ki (nM)
293112,Oc1ccc(cc1)C(=O)c1cc(Br)c(O)cc1O,5.72,Ki (nM)
50621522,C[N+](C)(CCNC(=O)C(=O)NCC[N+](C)(C)Cc1ccccc1Cl)Cc1ccccc1Cl,5.0,Ki (nM)
50077147,CN(CCCCNc1c2CCCCc2nc2ccccc12)CCCNc1c2CCCCc2nc2c(NC(=O)CNC(=O)CC[C@H](NC(=O)CNC(=O)OCc3ccccc3)C(=O)N[C@@H](Cc3ccccc3)C(=O)OCc3ccccc3)cccc12 |r|,5.0,Ki (nM)
50077035,C[N+](C)(CCNC(=O)C(=O)NCC[N+](C)(C)Cc1ccccc1Cl)Cc1ccccc1Cl,5.0,Ki (nM)
50630029,CC[N+](CC)(CCNC(=O)C(=O)NCC[N+](CC)(CC)Cc1ccccc1Cl)Cc1ccccc1Cl,5.0,Ki (nM)
50871621,CC(=O)N(CCCCSc1c2CCCCc2nc2ccccc12)CCCNc1c2CCCCc2nc2ccccc12,5.15,Ki (nM)
293106,COc1ccc(cc1)C(=O)c1ccc(OC)cc1OC,5.88,Ki (nM)
50289508,CCN(CCCCCC(=O)N1CCC(CC1)C1CCN(CC1)C(=O)CCCCCN(CC)Cc1ccccc1OC)Cc1ccccc1OC,5.67,Ki (nM)
50630035,CC[N+](CC)(CCNC(=O)C(=O)NCC[N+](CC)(CC)Cc1ccccc1Cl)Cc1ccccc1Cl,6.0,Ki (nM)
50621528,C[N+](C)(CCNC(=O)C(=O)NCC[N+](C)(C)Cc1ccccc1Cl)Cc1ccccc1Cl,6.0,Ki (nM)
50077040,C[N+](C)(CCNC(=O)C(=O)NCC[N+](C)(C)Cc1ccccc1Cl)Cc1ccccc1Cl,6.0,Ki (nM)
17518,Clc1cc(Cl)c2c(NCCCCCCCNc3c4CCCCc4nc4ccccc34)c3CCCCc3nc2c1,6.0,Ki (nM)
50431870,N[C@@H](CCC(=O)NCCNc1c2CCCCc2nc2ccccc12)C(=O)NCCNc1c2CCCCc2nc2ccccc12 |r|,6.21,Ki (nM)
17710,C/C=C1\C2C=C(C)CC1(C(=O)OC)CC(NCCCCCCCNc1c3c(nc4ccccc14)CCCC3)C2,6.4,Ki (nM)
50961484,CC(=O)c1ccccc1NC(=O)c1ccc(OCCCCC[n+]2cccc3ccccc23)cc1,6.5,Ki (nM)
50431872,O=C(NCCCCCNc1c2CCCCc2nc2ccccc12)[C@@H]1CCCN1CCNc1c2CCCCc2nc2ccccc12 |r|,6.75,Ki (nM)
44782,c1ccc2c(c1)c(c3c(n2)CCCC3)N,6.9,Ki (nM)
51631761,Fc1cccc(NCCCCCCCCNc2ccnc3cc(C(F)(F)F)ccc23)c1,7.1,Ki (nM)
51257803,CCOc1ccc(Cc2nc3cc(ccc3n2CCC(C)C)C(=O)NCCCNc2c3CCCCc3nc3ccccc23)cc1,7.2,Ki (nM)
51042060,COc1cc2c(cc1OC)C(=O)[C@@H](C2)CC3CCN(CC3)Cc4ccccc4,7.2,Ki (nM)
51042064,Oc1ccc([C@@H]2CC(c3c4ccccc4cc4ccccc34)N=N2)c(O)c1,7.2,Ki (nM)
50871607,Cc1cc(CCNc2c3CCCCc3nc3ccccc23)cc(CCNc2c3CCCCc3nc3ccccc23)c1,7.45,Ki (nM)
293113,c1ccc2c(c1)c(c3c(n2)CCCC3)N,7.64,Ki (nM)
50489464,c1ccc2c(c1)c(c3c(n2)CCCC3)N,7.6,Ki (nM)
51631747,FC(F)(F)c1ccc2c(NCCCCCCCCNc3ccccc3)ccnc2c1,8.0,Ki (nM)
51394094,CCOC(=O)c1c(C)nc(nc1-c1ccc(OC)c(OC)c1)N1CCN(CC1)S(=O)(=O)c1ccc(NC(C)=O)c(Cl)c1,8.0,Ki (nM)
51631783,Fc1ccc(F)c(CNCCCCCCCCNc2ccnc3cc(Cl)ccc23)c1,8.2,Ki (nM)
15313,CN(CCCNc1c2CCCCc2nc2ccccc12)CCCSc1c2CCCCc2nc2ccccc12,9.1,Ki (nM)
50961485,CC(=O)c1ccccc1NC(=O)c1ccc(OCCCCCC[n+]2ccc3ccccc3c2)cc1,9.4,Ki (nM)
51118348,Fc1cc(F)cc(CNCC(=O)Nc2ccc3nc4CCCn4c(=O)c3c2)c1,9.9,Ki (nM)
50077037,C(CCCCCC[n+]1cccc2ccccc12)CCCCC[n+]1ccccc1,10.0,Ki (nM)
50871594,C[N+](C)(CC=C)c1ccc(cc1)CCC(=O)CCc2ccc(cc2)[N+](C)(C)CC=C,10.0,Ki (nM)
50621526,C[N+](C)(CC=C)c1ccc(cc1)CCC(=O)CCc2ccc(cc2)[N+](C)(C)CC=C,10.0,Ki (nM)
50630030,C[N+](C)(CC=C)c1ccc(cc1)CCC(=O)CCc2ccc(cc2)[N+](C)(C)CC=C,10.0,Ki (nM)
50502623,COc1cc2c(cc1OC)C(=O)[C@@H](C2)CC3CCN(CC3)Cc4ccccc4,10.0,Ki (nM)
50919589,C[N+](C)(CC=C)c1ccc(cc1)CCC(=O)CCc2ccc(cc2)[N+](C)(C)CC=C,10.0,Ki (nM)
50949144,CN(CCCN1CCN(CCNc2c3CCCCc3nc3ccccc23)CC1)C1CCCCC1,10.3,Ki (nM)
51631762,FC(F)(F)c1ccc2c(NCCCCCCCCNc3cccc(Cl)c3)ccnc2c1,11.0,Ki (nM)
51525254,CCN(Cc1ccccc1)Cc1ccc(cc1)-c1cc2cc(OC)c(OC)cc2oc1=O,11.0,Ki (nM)
51525255,COc1cc2cc(-c3ccc(CN(CCO)Cc4ccccc4)cc3)c(=O)oc2cc1OC,11.0,Ki (nM)
51143962,Oc1ccc2oc(cc(=O)c2c1)C(=O)NCCCC1CCN(Cc2ccccc2)CC1,11.0,Ki (nM)
51525256,COc1cc2cc(-c3ccc(C[N+](C)(C)Cc4ccccc4)cc3)c(=O)oc2cc1OC,11.0,Ki (nM)
51143959,COc1cc2oc(cc(=O)c2cc1OC)C(=O)OCCC1CCN(Cc2ccccc2)CC1,11.0,Ki (nM)
51143960,[O-][N+](=O)c1ccc2oc(cc(=O)c2c1)C(=O)NCCC1CCN(Cc2ccccc2)CC1,12.0,Ki (nM)
51631748,Fc1ccc(NCCCCCCCCNc2ccnc3cc(C(F)(F)F)ccc23)cc1,12.0,Ki (nM)
50225820,CCN(CCCCCC(=O)N(C)CCCCCCCCN(C)C(=O)CCCCCN(CC)Cc1ccccc1OC)Cc1ccccc1OC,12.2,Ki (nM)
50289510,CCN(CCCCCC(=O)N(C)CCCCCCCCN(C)C(=O)CCCCCN(CC)Cc1ccccc1OC)Cc1ccccc1OC,12.2,Ki (nM)
51631763,FC(F)(F)c1ccc2c(NCCCCCCCCNc3ccccc3Cl)ccnc2c1,13.0,Ki (nM)
51336042,COc1cc2c(cc1OC)C(=O)[C@@H](C2)CC3CCN(CC3)Cc4ccccc4,13.0,Ki (nM)
50871608,C(Cc1cocc1CCNc1c2CCCCc2nc2ccccc12)Nc1c2CCCCc2nc2ccccc12,13.3,Ki (nM)
50871624,CC(=O)N(CCCNc1c2CCCCc2nc2ccccc12)CCCSc1c2CCCCc2nc2ccccc12,13.4,Ki (nM)
50949145,CN(CCC(=O)N1CCN(CCNc2c3CCCCc3nc3ccccc23)CC1)c1ccccc1,13.7,Ki (nM)
51398035,COc1cccc2cc[n+](cc12)-c1ccc(Br)cc1,14.8,Ki (nM)
50523801,Oc1cccc2ccc(CN(CC#C)C(CCC3CCN(Cc4ccccc4)CC3)C#N)nc12,15.0,Ki (nM)
50523773,Oc1cccc2ccc(CN(CC#C)C(CCC3CCN(Cc4ccccc4)CC3)C#N)nc12,15.0,Ki (nM)
50431868,CC(C)(C)OC(=O)N[C@@H](CCC(=O)NCCNc1c2CCCCc2nc2ccccc12)C(=O)NCCNc1c2CCCCc2nc2ccccc12 |r|,15.4,Ki (nM)
17709,C/C=C1\C2C=C(C)CC1(N)CC(NCCCCCCCNc1c3c(nc4ccccc14)CCCC3)C2,15.7,Ki (nM)
51239543,COc1cc(N)c(Cl)cc1C(=O)CCC1CCN(CC2CCCCC2)CC1,16.0,Ki (nM)
51631784,Fc1ccc(Br)c(CNCCCCCCCCNc2ccnc3cc(Cl)ccc23)c1,16.0,Ki (nM)
51118323,Fc1cc(F)cc(CNCC(=O)Nc2ccc3nc4CCCn4c(=O)c3c2)c1,16.0,Ki (nM)
17708,C/C=C1\C2C=C(C)CC1(N)CC(NCCCCCCCNc1c3c(nc4ccccc14)CCCC3)C2(C)C,16.5,Ki (nM)
50949167,O=C(CCN1CCCCC1)N1CCN(CCNc2c3CCCCc3nc3ccccc23)CC1,16.8,Ki (nM)
50287016,O=C(NCCCCCCNc1c2CCCCc2nc2ccccc12)c1cc2ccccc2oc1=O,17.0,Ki (nM)
51257764,CCOc1ccc(Cc2nc3cc(ccc3n2CCC(C)C)C(=O)NCCSSCCNc2c3CCCCc3nc3ccccc23)cc1,17.0,Ki (nM)
51336043,COc1cc2c(cc1OC)OC(=O)C(=C2)NC(=O)[C@@H]3CCC[C@@H](C3)NCc4ccccc4,19.0,Ki (nM)
50077032,C(CCCCCC[n+]1cccc2ccccc12)CCCCC[n+]1ccccc1,20.0,Ki (nM)
50564485,C(CCCCC[n+]1ccccc1)CCCCC[n+]1ccccc1,20.0,Ki (nM)
50289511,COc1cc2c(cc1OC)C(=O)[C@@H](C2)CC3CCN(CC3)Cc4ccccc4,20.5,Ki (nM)
18638,COc1cc2c(cc1OC)C(=O)[C@@H](C2)CC3CCN(CC3)Cc4ccccc4,20.5,Ki (nM)
50211438,CC(=O)N(CCCCNc1c2CCCCc2nc2ccccc12)CCCSc1c2CCCCc2nc2ccccc12,20.9,Ki (nM)
51144044,COc1cc2oc(cc(=O)c2cc1OC)C(=O)NCCCC1CCN(Cc2ccccc2)CC1,21.0,Ki (nM)
51188815,Cc1c(csc1C(=O)NC1CCN(Cc2ccccc2)CC1)S(=O)(=O)c1ccc(Cl)cc1,21.0,Ki (nM)
51042062,O=[N+]([O-])c1cccc([C@@H]2CC(c3c4ccccc4cc4ccccc34)N=N2)c1,21.0,Ki (nM)
50164264,COc1cc2c(cc1OC)C(=O)[C@@H](C2)CC3CCN(CC3)Cc4ccccc4,21.0,Ki (nM)
51631786,Fc1ccc(CNCCCCCCCCNc2ccnc3cc(Cl)ccc23)c(F)c1,21.0,Ki (nM)
51475818,NS(=O)(=O)c1ccc(cc1)\N=C\c1cc(Br)cc(Br)c1O,21.0,Ki (nM)
51475821,NS(=O)(=O)c1ccc(NCc2cccc(Cl)c2O)cc1,21.0,Ki (nM)
51475820,NS(=O)(=O)c1ccc(cc1)\N=C\c1cc(Br)cc(Cl)c1O,21.0,Ki (nM)
18637,COc1cc2cc(-c3ccc(CN(C)Cc4ccccc4)cc3)c(=O)oc2cc1OC,21.7,Ki (nM)
51188749,COc1cc2CC(Cc3cccc(CN4CCCC4)c3)C(=O)c2cc1OC,22.0,Ki (nM)
51188818,CCN(CC)Cc1cccc(CC2Cc3cc(OC)c(OC)cc3C2=O)c1,22.0,Ki (nM)
50287103,Oc1ccc2c(CC(=O)NCCCCNc3c4CCCCc4nc4ccccc34)cc(=O)oc2c1,23.0,Ki (nM)
51414180,CC1=CC2Cc3nc4cc(Cl)ccc4c(NCCCCCCNC(=O)[C@@H](N)Cc4c[nH]c5ccccc45)c3C(C1)C2,23.0,Ki (nM)
51530455,c1ccc2c(c1)c(c3c(n2)CCCC3)N,23.0,Ki (nM)
51370679,FC(F)(F)Oc1ccc(CNC2CCN(Cc3ccccc3)C2)cc1,23.0,Ki (nM)
51188833,FC(F)(F)Oc1ccc(NC(=O)OC2CN(C2)C(c2ccccc2)c2ccccc2)cc1,23.0,Ki (nM)
50913360,CCOC(=O)c1cc2c(N)c3CCCCc3nc2nc1C,24.0,Ki (nM)
50287014,COc1ccc2oc(=O)c(cc2c1)C(=O)NCCCCCCNc1c2CCCCc2nc2ccccc12,24.0,Ki (nM)
51631785,Fc1ccc(Br)cc1CNCCCCCCCCNc1ccnc2cc(Cl)ccc12,24.0,Ki (nM)
51042065,Oc1ccccc1[C@@H]1CC(c2c3ccccc3cc3ccccc23)N=N1,24.0,Ki (nM)
50949135,CN(CCCN1CCN(CCNc2c3CCCCc3nc3ccccc23)CC1)c1ccccc1,24.7,Ki (nM)
51042061,COc1ccc([C@@H]2CC(c3c4ccccc4cc4ccccc34)N=N2)cc1,25.0,Ki (nM)
51414133,CC(C)c1ccc(CSS(=O)(=O)c2ccc(C)cc2)cc1,26.0,Ki (nM)
200777,COc1cc2c(cc1OC)C(=O)[C@@H](C2)CC3CCN(CC3)Cc4ccccc4,26.0,Ki (nM)
50871626,c1ccc2c(c1)c(c3c(n2)CCCC3)NCCCCCCCCSc4c5ccccc5nc6c4CCCC6,27.9,Ki (nM)
50431876,c1ccc2c(c1)c(c3c(n2)CCCC3)NCCCCCCCCSc4c5ccccc5nc6c4CCCC6,27.9,Ki (nM)
50871676,CC(=O)N(CCCCNc1c2CCCCc2nc2ccccc12)CCCSc1c2CCCCc2nc2ccccc12,28.0,Ki (nM)
50077152,c1ccc2c(c1)c(c3c(n2)CCCC3)NCCCCCCCCSc4c5ccccc5nc6c4CCCC6,28.0,Ki (nM)
51257745,CCOc1ccc(Cc2nc3cc(ccc3n2CCC(C)C)C(=O)NCCSSCCNc2c3CCCCc3nc3ccccc23)cc1,28.0,Ki (nM)
50502635,COc1ccc2c(c1)C/C(=C\C3CCN(CC3)Cc4ccccc4)/C2=O,29.0,Ki (nM)
15312,C(CCCCc1c2CCCCc2nc2ccccc12)CCCNc1c2CCCCc2nc2ccccc12,30.0,Ki (nM)
50564486,C(CCCCC[n+]1ccccc1)CCCCC[n+]1ccccc1,30.0,Ki (nM)
51042066,c1ccc([C@@H]2CC(c3c4ccccc4cc4ccccc34)N=N2)cc1,30.0,Ki (nM)
51350199,Fc1ccc(-c2nnc(o2)N2CCN(CC2)c2ccccn2)c(F)c1,30.0,Ki (nM)
50287013,Cc1ccc2oc(=O)c(cc2c1)C(=O)NCCCCCCNc1c2CCCCc2nc2ccccc12,30.0,Ki (nM)
51042070,Clc1ccc([C@@H]2CC(c3c4ccccc4cc4ccccc34)N=N2)cc1,30.0,Ki (nM)
50287015,COc1ccc2cc(C(=O)NCCCCCCNc3c4CCCCc4nc4ccccc34)c(=O)oc2c1,31.0,Ki (nM)
335099,O\N=C/C(=O)c1ccc(OCC2CCN(Cc3ccccc3)CC2)nc1,31.0,Ki (nM)
50961481,c1ccc2c(c1)c(c3c(n2)CCCC3)N,32.0,Ki (nM)
50287052,O=C(NCCCCCNc1c2CCCCc2nc2ccccc12)c1cc2ccccc2oc1=O,34.0,Ki (nM)
50502632,COc1cc2c(cc1OC)C(=O)/C(=C/C3CCN(CC3)Cc4ccccc4)/C2,35.0,Ki (nM)
50287023,Cc1ccc2oc(=O)c(cc2c1)C(=O)NCCCCCNc1c2CCCCc2nc2ccccc12,36.0,Ki (nM)
50431874,c1ccc2c(c1)c(c3c(n2)CCCC3)N,36.0,Ki (nM)
50871611,c1ccc2c(c1)c(c3c(n2)CCCC3)N,36.0,Ki (nM)
50286983,c1ccc2c(c1)c(c3c(n2)CCCC3)N,36.0,Ki (nM)
51631790,Clc1ccc(CNCCCCCCCCNc2ccnc3cc(Cl)ccc23)c(Cl)c1,36.0,Ki (nM)
51030331,Cc1cc(=O)oc2cc(OCCCCSC(=S)N3CCCCC3)ccc12,37.0,Ki (nM)
51188761,COc1cc2CC(Oc3cccc(c3)C(C)N3CCCCC3)C(=O)c2cc1OC,38.0,Ki (nM)
51530506,COc1ccc(C2CC(=NN2c2ccc(cc2)S(N)(=O)=O)c2ccc(F)cc2)c(OC)c1 |c:8|,38.0,Ki (nM)
51530507,COc1ccc(cc1OC)C1CC(=NN1c1ccc(cc1)S(N)(=O)=O)c1ccc(F)cc1 |c:13|,38.0,Ki (nM)
51530504,COc1ccc(C2CC(=NN2c2ccc(cc2)S(N)(=O)=O)c2ccccc2)c(OC)c1 |c:8|,38.0,Ki (nM)
51530505,COc1ccc(cc1OC)C1CC(=NN1c1ccc(cc1)S(N)(=O)=O)c1ccccc1 |c:13|,38.0,Ki (nM)
51530510,COc1ccc(C2CC(=NN2c2ccc(cc2)S(N)(=O)=O)c2ccc(Br)cc2)c(OC)c1 |c:8|,38.0,Ki (nM)
51530511,COc1ccc(cc1OC)C1CC(=NN1c1ccc(cc1)S(N)(=O)=O)c1ccc(Br)cc1 |c:13|,38.0,Ki (nM)
51530508,COc1ccc(C2CC(=NN2c2ccc(cc2)S(N)(=O)=O)c2ccc(Cl)cc2)c(OC)c1 |c:8|,38.0,Ki (nM)
51530509,COc1ccc(cc1OC)C1CC(=NN1c1ccc(cc1)S(N)(=O)=O)c1ccc(Cl)cc1 |c:13|,38.0,Ki (nM)
51144819,COc1cc2c(cc1OC)C(=O)[C@@H](C2)CC3CCN(CC3)Cc4ccccc4,38.0,Ki (nM)
50287050,COc1ccc2oc(=O)c(cc2c1)C(=O)NCCCCCNc1c2CCCCc2nc2ccccc12,39.0,Ki (nM)
51144016,COc1cc2oc(cc(=O)c2cc1OC)C(=O)NCCC1CCN(Cc2ccccc2)CC1,39.0,Ki (nM)
51631793,c1ccc2c(c1)c(c3c(n2)CCCC3)N,40.0,Ki (nM)
15300,c1ccc2c(c1)c(c3c(n2)CCCC3)N,40.0,Ki (nM)
17514,c1ccc2c(c1)c(c3c(n2)CCCC3)N,40.0,Ki (nM)
50630026,C(CCCCC[n+]1cccc2ccccc12)CCCC[n+]1cccc2ccccc12,40.0,Ki (nM)
17522,Clc1cc(Cl)c2c(NCCCCCCCSc3c4CCCCc4nc4ccccc34)c3CCCCc3nc2c1,41.0,Ki (nM)
51042063,c1ccc([C@@H]2CC(c3c4ccccc4cc4ccccc34)N=N2)nc1,41.0,Ki (nM)
50286998,O=C(NCCCCCCCNc1c2CCCCc2nc2ccccc12)c1cc2ccccc2oc1=O,42.0,Ki (nM)
50287051,COc1ccc2cc(C(=O)NCCCCCNc3c4CCCCc4nc4ccccc34)c(=O)oc2c1,44.0,Ki (nM)
51525253,COc1cc2cc(-c3ccc(CN(C)Cc4ccccc4)cc3)c(=O)oc2cc1OC,45.0,Ki (nM)
50961486,CC(=O)c1ccccc1NC(=O)c1ccc(OCCCCC[n+]2ccc3ccccc3c2)cc1,45.0,Ki (nM)
50961487,CC(=O)c1ccccc1NC(=O)c1ccc(OCCCC[n+]2ccc3ccccc3c2)cc1,46.0,Ki (nM)
17712,C/C=C1\C2C=C(C)CC1(N)c1ccc(=O)[nH]c1C2,47.0,Ki (nM)
50961482,CC(=O)c1ccccc1NC(=O)c1ccc(OCCCCCC[n+]2ccccc2)cc1,47.0,Ki (nM)
15316,CC(=O)N(CCCCSc1c2CCCCc2nc2ccccc12)CCCNc1c2CCCCc2nc2ccccc12,47.0,Ki (nM)
51188744,FC(F)(F)c1ccc(NC(=O)CN2CCN(Cc3ccccc3)CC2)c(Cl)c1,47.0,Ki (nM)
50949136,CN(CCCN1CCN(CCNc2c3CCCCc3nc3ccccc23)CC1)C1CCCCC1,47.6,Ki (nM)
44784,COc1ccc2nc3cc(Cl)ccc3c(N)c2c1,49.0,Ki (nM)
50630036,C[N+](C)(CC=C)c1ccc(cc1)CCC(=O)CCc2ccc(cc2)[N+](C)(C)CC=C,50.0,Ki (nM)
15314,CC(=O)N(CCCNc1c2CCCCc2nc2ccccc12)CCCSc1c2CCCCc2nc2ccccc12,50.0,Ki (nM)
50077039,C[N+](C)(CC=C)c1ccc(cc1)CCC(=O)CCc2ccc(cc2)[N+](C)(C)CC=C,50.0,Ki (nM)
50439103,Cc1c(C)c2OC(C)(CCc2c(C)c1O)C(=O)NCCCCCCCCNc1c2CCCCc2nc2cc(Cl)ccc12,50.0,Ki (nM)
50621531,C[N+](C)(CC=C)c1ccc(cc1)CCC(=O)CCc2ccc(cc2)[N+](C)(C)CC=C,50.0,Ki (nM)
50286991,COc1ccc2oc(=O)c(cc2c1)C(=O)NCCCCCCCNc1c2CCCCc2nc2ccccc12,51.0,Ki (nM)
50871586,CCc1c2cc(ccc2nc3c1CN4C3=CC5=C(C4=O)COC(=O)[C@@]5(CC)O)OC(=O)N6CCC(CC6)N7CCCCC7,51.0,Ki (nM)
50961488,CC(=O)c1ccccc1NC(=O)c1ccc(OCCCC[n+]2cccc3ccccc23)cc1,53.0,Ki (nM)
51188705,COc1ccc(cc1OC)C(=O)NC1CCN(Cc2c(F)cccc2Cl)CC1,55.0,Ki (nM)
50286995,COc1ccc2cc(C(=O)NCCCCCCCNc3c4CCCCc4nc4ccccc34)c(=O)oc2c1,55.0,Ki (nM)
50287005,COc1cc2cc(C(=O)NCCCCCCNc3c4CCCCc4nc4ccccc34)c(=O)oc2cc1OC,56.0,Ki (nM)
51144040,O=C(NCCC1CCN(Cc2ccccc2)CC1)c1cc(=O)c2ccccc2o1,57.0,Ki (nM)
51188706,COc1cc2CC(Cc3cccc(CN4CCCCC4)c3)C(=O)c2cc1OC,59.0,Ki (nM)
51144012,COc1cc2[nH]c(C(=O)NCCC3CCN(Cc4ccccc4)CC3)cc(=O)c2cc1OC,60.0,Ki (nM)
50287004,FC(F)(F)Oc1ccc2oc(=O)c(cc2c1)C(=O)NCCCCCCNc1c2CCCCc2nc2ccccc12,60.0,Ki (nM)
50630032,C(CCCCC[n+]1cccc2ccccc12)CCCC[n+]1cccc2ccccc12,60.0,Ki (nM)
51257164,NS(=O)(=O)c1ccc(C(=O)n2[nH]c(=O)c3ccc(C(=O)O)cc3c2=O)cc1,61.0,Ki (nM)
51257162,NS(=O)(=O)c1ccc(C(=O)n2[nH]c(=O)c3c(F)cccc3c2=O)cc1,61.0,Ki (nM)
51257163,NS(=O)(=O)c1ccc(C(=O)n2[nH]c(=O)c3cc([N+](=O)[O-])ccc3c2=O)cc1,61.0,Ki (nM)
51188746,CC(CN1CCN(Cc2ccccc2)CC1)N(C(=O)c1cccc(c1)[N+]([O-])=O)c1ccccn1,61.0,Ki (nM)
51257143,NS(=O)(=O)c1ccc(C(=O)n2[nH]c(=O)c3cc(F)ccc3c2=O)cc1,61.0,Ki (nM)
51257171,NS(=O)(=O)c1ccc(C(=O)n2[nH]c(=O)c3c([N+](=O)[O-])cccc3c2=O)cc1,61.0,Ki (nM)
50553462,CN(Cc1ccccc1)Cc1ccc(\C=C2/CCc3cc(OCCCCCN4CCCCC4)ccc3C2=O)cc1,61.1,Ki (nM)
50961480,COc1ccc2c3c1O[C@H]1C[C@@H](O)C=C[C@@]31CCN(C)C2,62.0,Ki (nM)
51143961,Nc1ccc2oc(cc(=O)c2c1)C(=O)NCCC1CCN(Cc2ccccc2)CC1,62.0,Ki (nM)
51188820,COc1cc2C\C(=C/c3cccc(CN(C)C)c3)C(=O)c2cc1OC,62.0,Ki (nM)
51188759,COc1cc2CC(Oc3cccc(CN4CCN(C)CC4)c3)C(=O)c2cc1OC,62.0,Ki (nM)
50286978,COc1ccc2c3c1O[C@H]1C[C@@H](O)C=C[C@@]31CCN(C)C2,62.0,Ki (nM)
50286988,Cc1ccc2oc(=O)c(cc2c1)C(=O)NCCCCCCCNc1c2CCCCc2nc2ccccc12,66.0,Ki (nM)
51188757,COc1cc2CC(Oc3ccc(CN4CCN(C)CC4)cc3)C(=O)c2cc1OC,69.0,Ki (nM)
50287022,COc1cc2cc(C(=O)NCCCCCNc3c4CCCCc4nc4ccccc34)c(=O)oc2cc1OC,70.0,Ki (nM)
51631764,FC(F)(F)c1ccc2c(NCCCCCCCCNc3cc4ccccc4s3)ccnc2c1,70.0,Ki (nM)
51631759,FC(F)(F)c1ccc2c(NCCCCCCCCNc3ccc(Cl)cc3)ccnc2c1,70.0,Ki (nM)
51188845,COc1cc2C\C(=C/c3cccc(CN4CCCCC4)c3)C(=O)c2cc1OC,71.0,Ki (nM)
51188817,COc1cc2CC(Cc3ccc(CN4CCCCC4)cc3)C(=O)c2cc1OC,74.0,Ki (nM)
51655617,Clc1ccc2c(NCCCCCCCCNC34CC5CC(CC(C5)C3)C4)ccnc2c1,75.0,Ki (nM)
