smiles,exp_mean,exp_std,exp_sem,no.entries,no.outliers,standard_types,bindingdb_id
COc1ccc(C(C)NS(N)(=O)=O)cc1OC,0.005,0.0,0.0,1,0,Ki (nM),50352562
COc1ccc(C(C)NS(=O)(=O)NC(=O)OCc2ccccc2)cc1,0.005,0.0,0.0,1,0,Ki (nM),50352536
COc1ccc(C(C)NS(=O)(=O)NC(=O)OCc2ccccc2)cc1OC,0.005,0.0,0.0,1,0,Ki (nM),50352538
COc1ccc(OC)c(C(C)NS(N)(=O)=O)c1,0.006,0.0,0.0,1,0,Ki (nM),50352552
COc1ccccc1C(C)NS(=O)(=O)NC(=O)OCc1ccccc1,0.006,0.0,0.0,1,0,Ki (nM),50352539
COc1ccc(C(C)NS(N)(=O)=O)cc1,0.006,0.0,0.0,1,0,Ki (nM),50352559
COc1cccc(OC)c1C(C)NS(N)(=O)=O,0.008,0.0,0.0,1,0,Ki (nM),50352556
COc1cccc(OC)c1C(C)NS(=O)(=O)NC(=O)OCc1ccccc1,0.011,0.0,0.0,1,0,Ki (nM),50352564
CN(CCCCNc1c2c(nc3ccccc13)CCCC2)CCCNc1c2c(nc3ccccc13)CCCC2,0.012,0.0,0.0,2,0,Ki (nM),50077151;50871617
CC[N+](CC)(CCCCCn1c(C)cc(=O)n(CCCCC[N+](CC)(CC)Cc2ccccc2)c1=O)Cc1ccccc1,0.081,0.05900000000000001,0.04171930009000631,2,0,Ki (nM),51553657;51553658
COc1ccc(OC)c(C(C)NS(=O)(=O)NC(=O)OCc2ccccc2)c1,0.023,0.0,0.0,1,0,Ki (nM),50352569
CCC1=C[C@@H]2Cc3nc4cc(Cl)ccc4c(N)c3[C@H](C1)C2,0.026,0.0,0.0,2,0,Ki (nM),17713;248227
CCC1=CC2Cc3nc4cc(Cl)ccc4c(N)c3[C@@H](C1)C2,0.34800000000000003,0.322,0.2276883835420683,2,0,Ki (nM),50811196;50871666
CC1=CC2Cc3nc4cc(Cl)ccc4c(N)c3C(C1)C2,0.033,0.0,0.0,1,0,Ki (nM),50840667
COc1ccccc1C(C)NS(N)(=O)=O,0.038,0.0,0.0,1,0,Ki (nM),50352567
C[Si](C)(C)c1cccc(C(=O)C(F)(F)F)c1,0.047,0.0,0.0,1,0,Ki (nM),51655731
CN(CCCNc1c2c(nc3ccccc13)CCCC2)CCCNc1c2c(nc3ccccc13)CCCC2,0.30000000000000004,0.24000000000000002,0.16970562748477142,2,0,Ki (nM),15304;50871625
C=CCN(CCCCNc1c2c(nc3ccccc13)CCCC2)CCCNc1c2c(nc3ccccc13)CCCC2,0.085,0.0,0.0,1,0,Ki (nM),50871623
COc1ccccc1CN(C)CCCCCC(=O)N(C)CCCCCCCCN(C)C(=O)CCCCCN(C)Cc1ccccc1OC,104.0,0.0,0.0,4,1,Ki (nM),50225822;50289509;50828045
OCCN(CCCCNc1c2c(nc3ccccc13)CCCC2)CCCNc1c2c(nc3ccccc13)CCCC2,0.119,0.0,0.0,1,0,Ki (nM),50871615
CC[N+](CC)(CCNC(=O)C(=O)NCC[N+](CC)(CC)Cc1ccccc1Cl)Cc1ccccc1Cl,3.706666666666667,2.5688043046436126,1.4830998567814593,3,0,Ki (nM),248237;50630029;50630035
COc1cc2c(cc1O)CCC(C)(CCNCCCCCCCCNc1c3c(nc4cc(Cl)ccc14)CCCC3)O2,0.195,0.063,0.04454772721475249,2,0,Ki (nM),51386491;51386492
c1ccc2c(NCCCN3CCN(CCCNc4c5c(nc6ccccc46)CCCC5)CC3)c3c(nc2c1)CCCC3,0.136,0.0,0.0,1,0,Ki (nM),50871614
CC[N+](CC)(CCCCCn1c(=O)cc(C)n(CCCCCCn2c(C)cc(=O)n(C)c2=O)c1=O)Cc1ccccc1C(F)(F)F,0.29,0.13999999999999999,0.09899494936611664,2,0,Ki (nM),51553672;51553673
CCN(CCCCNc1c2c(nc3ccccc13)CCCC2)CCCNc1c2c(nc3ccccc13)CCCC2,0.162,0.0,0.0,1,0,Ki (nM),50871616
CC(=O)N(CCCCNc1c2c(nc3ccccc13)CCCC2)CCCNc1c2c(nc3ccccc13)CCCC2,0.223,0.0,0.0,1,0,Ki (nM),50871618
Nc1cccc2c(NCCCCCCCCNc3c4c(nc5ccccc35)CCCC4)c3c(nc12)CCCC3,0.23,0.0,0.0,1,0,Ki (nM),50077149
O=C(CCCCC1CCSS1)NCCCNc1c2c(nc3cc(Cl)ccc13)CCCC2,155.0,0.0,0.0,1,0,Ki (nM),17498
COc1cc2c(c(OC)c1)CC(NC(=O)OCc1ccccc1)C2,0.261,0.0,0.0,1,0,Ki (nM),51506262
COc1cccc2c1CCC(NC(=O)OCc1ccccc1)C2,0.264,0.0,0.0,1,0,Ki (nM),51506342
CN(CCC(=O)N1CCN(CCNc2c3c(nc4ccccc24)CCCC3)CC1)C1CCCCC1,0.349,0.031,0.021920310216782972,2,0,Ki (nM),50949139;50949147
O=C(NCCCCCNc1c2c(nc3ccccc13)CCCC2)c1cc2cc(OC(F)(F)F)ccc2oc1=O,76.0,0.0,0.0,1,0,Ki (nM),50287021
O=C(NCCCCCCCNc1c2c(nc3ccccc13)CCCC2)c1cc2cc(OC(F)(F)F)ccc2oc1=O,78.0,0.0,0.0,1,0,Ki (nM),50286984
NS(=O)(=O)c1ccc(NCc2cccc(Br)c2O)cc1,78.0,0.0,0.0,1,0,Ki (nM),51475819
COc1cc2c(cc1OC)C(=O)C(Oc1cccc(C(C)N3CCN(C)CC3)c1)C2,78.0,0.0,0.0,1,0,Ki (nM),51188758
CCN(CCC(=O)NCCCNc1c2c(nc3ccccc13)CCCC2)C1CCCCC1,79.5,0.5,0.35355339059327373,2,0,Ki (nM),50287094;50287101
CC(=O)c1ccccc1NC(=O)c1ccc(OCCCCC[n+]2ccccc2)cc1,81.0,0.0,0.0,1,0,Ki (nM),50961483
NS(=O)(=O)c1ccc(N2N=C(c3cccs3)CC2c2ccc(Br)cc2)cc1,81.0,0.0,0.0,1,0,Ki (nM),51458872
COc1cccc2c1C=[N+](c1ccc(Br)cc1)CC2,88.6,0.0,0.0,1,0,Ki (nM),51398036
CC(C)(C)c1cc[n+](CCCCCCCC[n+]2ccc(C(C)(C)C)cc2)cc1,90.0,0.0,0.0,1,0,Ki (nM),50919601
COc1cc2cc(C(=O)NCCCCCCCNc3c4c(nc5ccccc35)CCCC4)c(=O)oc2cc1OC,91.0,0.0,0.0,1,0,Ki (nM),50286987
COc1cc2cc(NC(=O)[C@H]3CCC[C@@H](NCc4ccccc4)C3)c(=O)oc2cc1OC,93.2,0.20000000000000284,0.1414213562373115,2,0,Ki (nM),51336044;51336045
O=C(NC1CCN(Cc2ccccc2)CC1)c1ccc2c(c1)OCCCO2,95.0,0.0,0.0,1,0,Ki (nM),51188743
COc1cc2c(cc1OC)C(=O)/C(=C/c1ccc(CN3CCCCC3)cc1)C2,95.0,0.0,0.0,1,0,Ki (nM),51188752
c1ccc2c(NCCCCCCSc3c4c(nc5ccccc35)CCCC4)c3c(nc2c1)CCCC3,100.0,0.0,0.0,1,0,Ki (nM),17524
CCCCCCCNC(=O)Oc1ccc2c(c1)[C@]1(C)CCN(C)[C@@H]1N2C,100.0,0.0,0.0,1,0,Ki (nM),51506183
CC(C)(C)c1cc[n+](/C=C2\C=CC3=CC/C(=C\[n+]4ccc(C(C)(C)C)cc4)C=C3C2)cc1,100.0,0.0,0.0,1,0,Ki (nM),50919602
FC(F)(F)c1ccc(CNC2CCN(Cc3ccccc3)CC2)cc1,100.0,0.0,0.0,1,0,Ki (nM),51322853
COc1cc2c(cc1OC)C(=O)C(Oc1ccc(C(C)N3CCCCC3)cc1)C2,106.0,0.0,0.0,1,0,Ki (nM),51188760
CN(C)c1ccc2nc3ccc(=[N+](C)C)cc-3sc2c1,110.0,0.0,0.0,1,0,Ki (nM),248230
Fc1cc(Br)ccc1CNCCCCCCCCNc1ccnc2cc(Cl)ccc12,110.0,0.0,0.0,1,0,Ki (nM),51631787
COc1cc2c(cc1OC)C(=O)C(Oc1cccc(C(C)N3CCOCC3)c1)C2,118.0,0.0,0.0,1,0,Ki (nM),51188718
Clc1cc(Cl)c2c(SCCCCCCNc3c4c(nc5ccccc35)CCCC4)c3c(nc2c1)CCCC3,120.0,0.0,0.0,1,0,Ki (nM),17523
c1ccc(CN2CCC(CCNc3cc4c(nn3)-c3ccccc3CCCC4)CC2)cc1,120.0,0.0,0.0,1,0,Ki (nM),51428871
Cc1cc(F)c(CNCCCCCCCCNc2ccnc3cc(Cl)ccc23)cc1F,120.0,0.0,0.0,1,0,Ki (nM),51631789
CC(C)(C)OC(=O)Nc1ccc(O)c(C(=O)NCCCN2CCCCC2)c1,120.0,0.0,0.0,1,0,Ki (nM),51506318
O=C1CC2CCc3ccsc3C2=NN1CCN1CCN(Cc2ccccc2)CC1,123.0,0.0,0.0,1,0,Ki (nM),51526341
O=C(NCCc1c[nH]c2ccccc12)c1ccc(OCCCC[n+]2cccc3ccccc32)cc1,124.0,0.0,0.0,1,0,Ki (nM),50961489
COc1cc2c(cc1OC)C(=O)/C(=C/c1cccc(CN3CCCC3)c1)C2,127.0,0.0,0.0,1,0,Ki (nM),51188753
Cc1ccc2oc(-c3ccc(OCCCCCCN4CCCCC4)cc3)cc(=O)c2c1,129.0,0.0,0.0,2,0,Ki (nM),51271859;51271860
CCCCNC(=O)OCCCCCCCCCCCCCCCCO,130.0,0.0,0.0,1,0,Ki (nM),50294858
CC(C)(C)OC(=O)N[C@@H](Cc1c[nH]c2ccccc12)C(=O)NCCNc1c2c(nc3ccccc13)CCCC2,130.0,0.0,0.0,1,0,Ki (nM),50431864
CSc1cccc(/N=C2\NC(=O)C(CC(=O)Nc3ccc(F)c(F)c3)S2)c1,130.0,0.0,0.0,1,0,Ki (nM),51188742
COc1cc2c(cc1OC)C(=O)C(Oc1cccc(C(C)N3CCCC3)c1)C2,138.0,0.0,0.0,1,0,Ki (nM),51188822
c1cc[n+](Cc2ccc3ccc(C[n+]4ccccc4)cc3c2)cc1,140.0,0.0,0.0,2,0,Ki (nM),50564487;50564488
O=[N+]([O-])c1ccc(NCCCCCCCCNc2ccnc3cc(C(F)(F)F)ccc23)cc1,140.0,0.0,0.0,1,0,Ki (nM),51631750
CO[P@]1(=O)OC[C@H]2COC(=O)C2=C(C)O1,140.0,0.0,0.0,1,0,Ki (nM),51215280
Nc1c2c(nc3c1C(c1cccc(Br)c1)NC(=S)N3)CCCC2,147.0,0.0,0.0,1,0,Ki (nM),51102542
Cc1ccc(S(=O)(=O)SCc2ccc(C(F)(F)F)cc2)cc1,148.0,0.0,0.0,1,0,Ki (nM),51414130
CCCCNC(=O)OCCCCCCCCOC(=O)NCCCC,150.0,0.0,0.0,1,0,Ki (nM),50294857
Clc1cc(Cl)c2c(NCCCCCCCNc3c4c(nc5cc(Cl)cc(Cl)c35)CCCC4)c3c(nc2c1)CCCC3,150.0,0.0,0.0,1,0,Ki (nM),17517
Fc1cc(C(F)(F)F)ccc1CNCCCCCCCCNc1ccnc2cc(Cl)ccc12,150.0,0.0,0.0,1,0,Ki (nM),51631788
Cc1ccc(S(=O)(=O)SCc2ccc(C(C)(C)C)cc2)cc1,157.0,0.0,0.0,1,0,Ki (nM),51414134
CC(C)(C)c1ccc(NCCCCCCCCNc2ccnc3cc(C(F)(F)F)ccc23)cc1,160.0,0.0,0.0,1,0,Ki (nM),51631749
CCCCNC(=O)OCCCCCCCCCCCCCCOC(=O)NCCCC,160.0,0.0,0.0,1,0,Ki (nM),50294856
CCCCNC(=O)OCCCCCCCCCCOC(=O)NCCCC,160.0,0.0,0.0,1,0,Ki (nM),50294852
CCCCNC(=O)OCCCCCCCCCCCCOC(=O)NCCCC,160.0,0.0,0.0,1,0,Ki (nM),50294849
COc1cc2c(cc1OC)C(=O)C(Cc1ccc(CN(C)C)cc1)C2,161.0,0.0,0.0,1,0,Ki (nM),51188836
O=C1C(Cl)=C(Cl)C(=O)C(Cl)=C1Cl,163.0,0.0,0.0,1,0,Ki (nM),41258
Cc1ccc(S(=O)(=O)SCc2ccc(C#N)cc2)cc1,166.0,0.0,0.0,1,0,Ki (nM),51414129
c1cnc(Nc2nnc(-c3cccc4ccccc34)o2)nc1,170.0,0.0,0.0,1,0,Ki (nM),51368495
CCCCNC(=O)OCCCCCCCCCCCCCCCCOC(=O)NCCCC,170.0,0.0,0.0,1,0,Ki (nM),50294851
CC1CCCCN1CCCNC(=O)c1cc(NC(=O)OC(C)(C)C)ccc1O,170.0,0.0,0.0,1,0,Ki (nM),51506319
Cc1ccc(NC(=O)c2cc(=O)c3cc(/C=C/C(=O)OCCN(C)C)ccc3o2)cc1,190.0,0.0,0.0,1,0,Ki (nM),51140786
c1ccc2c(NCCCCCCCCCSc3c4c(nc5ccccc35)CCCC4)c3c(nc2c1)CCCC3,195.0,0.0,0.0,1,0,Ki (nM),15311
COc1cc2c(cc1OC)C(=O)/C(=C/c1ccc(CN3CCCC3)cc1)C2,198.0,0.0,0.0,1,0,Ki (nM),51188847
Cc1ccc(S(=O)(=O)SCc2ccc(OC(F)(F)F)cc2)cc1,198.0,0.0,0.0,1,0,Ki (nM),51414131
C[N+](C)=c1ccn(CCCCOc2ccc(C(=O)NCCc3c[nH]c4ccccc34)cc2)cc1,198.0,0.0,0.0,1,0,Ki (nM),50961490
CCCCNC(=O)OCCCCCCCCCCO,200.0,0.0,0.0,1,0,Ki (nM),50294847
FC(F)(F)c1ccc2c(NCCCCCCCCNC3NCCN3)ccnc2c1,200.0,0.0,0.0,1,0,Ki (nM),51631751
CCCCNC(=O)OCCCCCCCCCCCCCCO,200.0,0.0,0.0,1,0,Ki (nM),50294848
COc1cc2c(cc1OC)C(=O)C(Oc1ccc(CN(C)C)cc1)C2,209.0,0.0,0.0,1,0,Ki (nM),51188765
Nc1c2c(nc3ccccc13)-c1ccccc1C2,210.0,0.0,0.0,1,0,Ki (nM),15540
c1ccc2c(NCCCCCNc3c4c(nc5ccccc35)CCCC4)c3c(nc2c1)CCCC3,210.0,0.0,0.0,1,0,Ki (nM),15301
COc1ccc2cc(C(=O)NCCC3CCN(Cc4ccccc4)CC3)ccc2c1,210.0,0.0,0.0,1,0,Ki (nM),51375817
COc1cc2c(cc1OC)C(=O)C(Oc1ccc(C(C)N3CCOCC3)cc1)C2,217.0,0.0,0.0,1,0,Ki (nM),51188821
COc1ccc(CSS(=O)(=O)c2ccc(C)cc2)cc1,219.0,0.0,0.0,1,0,Ki (nM),51414132
NS(=O)(=O)c1cccc(NC(=S)N/N=C2\C(=O)N(Cc3ccccc3)c3ccc([N+](=O)[O-])cc32)c1,220.0,0.0,0.0,1,0,Ki (nM),51555769
COc1cc2c(cc1OC)C(=O)C(Oc1ccc(C(C)N3CCN(C)CC3)cc1)C2,228.0,0.0,0.0,1,0,Ki (nM),51188823
COc1ccc(CN2CCCCC2COc2ccc(C(=O)/C=N\O)cn2)cc1OC,233.0,0.0,0.0,1,0,Ki (nM),335097
CCN(C)Cc1cccc(/C=C2\Cc3cc(OC)c(OC)cc3C2=O)c1,236.0,0.0,0.0,1,0,Ki (nM),51188709
CCN(CC)Cc1cccc(/C=C2\Cc3cc(OC)c(OC)cc3C2=O)c1,237.0,0.0,0.0,1,0,Ki (nM),51188819
O=C(Nc1ccc(OC(F)(F)F)cc1)N1CCCN(CCc2ccccc2)CC1,241.0,0.0,0.0,1,0,Ki (nM),51188846
CCCCNC(=O)OCCCCCOC(=O)NCCCC,250.0,0.0,0.0,1,0,Ki (nM),50294855
c1ccc2c(NCCCCCCCCSc3c4c(nc5ccccc35)CCCC4)c3c(nc2c1)CCCC3,27.933333333333334,0.04714045207910384,0.027216552697591257,4,1,Ki (nM),50077152;50431876;50871626
Cc1ccc(S(=O)(=O)SCc2ccc([N+](=O)[O-])cc2)cc1,251.0,0.0,0.0,1,0,Ki (nM),51414128
COc1cc2c(cc1OC)C(=O)C(Oc1ccc(CN3CCCC3)cc1)C2,257.0,0.0,0.0,1,0,Ki (nM),51188704
COc1cc2cc(C(=O)NCCC3CCN(Cc4ccccc4)CC3)[nH]c2cc1OC,260.0,0.0,0.0,1,0,Ki (nM),51579974
COc1ccc2c(c1)C(=O)/C(=C/C1CCN(Cc3ccccc3)CC1)C2,260.0,0.0,0.0,1,0,Ki (nM),50502633
Fc1ccc(F)c(CN(CCCCCCCCNc2ccnc3cc(Cl)ccc23)c2cc(F)ccc2F)c1,260.0,0.0,0.0,1,0,Ki (nM),51631791
O=[N+]([O-])c1ccc(OCC(O)CN2CCCN(c3nc4ccc(Cl)cc4s3)CC2)cc1,263.0,0.0,0.0,1,0,Ki (nM),51188747
COc1cc2c(cc1OC)C(=O)C(Oc1cccc(CN3CCCCC3)c1)C2,266.0,0.0,0.0,1,0,Ki (nM),51188721
N[C@@H](Cc1c[nH]c2ccccc12)C(=O)NCCNc1c2c(nc3ccccc13)CCCC2,280.0,0.0,0.0,1,0,Ki (nM),50431866
Clc1cc(Cl)c2c(SCCCCCCCNc3c4c(nc5ccccc35)CCCC4)c3c(nc2c1)CCCC3,290.0,0.0,0.0,1,0,Ki (nM),17521
CCCCNC(=O)OCCCCCCCCCCCCO,300.0,0.0,0.0,1,0,Ki (nM),50294845
O=C1C=Cc2ccccc2C1=O,320.0,0.0,0.0,1,0,Ki (nM),41692
Cc1ccc(S(=O)(=O)SCc2ccc(F)cc2)cc1,327.0,0.0,0.0,1,0,Ki (nM),51414126
c1ccc2c(NCCCCCCCSc3c4c(nc5ccccc35)CCCC4)c3c(nc2c1)CCCC3,340.0,0.0,0.0,2,0,Ki (nM),15309;17520
CC(=O)O[C@H]1[C@H]2c3cc4c(cc3CN3CCC(=C[C@@H]1O[Si](C)(C)C(C)(C)C)[C@H]23)OCO4,340.0,0.0,0.0,1,0,Ki (nM),50592217
O=C1/C(=C/C2CCN(Cc3ccccc3)CC2)Cc2cccc(O)c21,355.0,0.0,0.0,1,0,Ki (nM),50502630
CCCCNC(=O)OCCOC(=O)NCCCC,360.0,0.0,0.0,1,0,Ki (nM),50294854
CCCCNC(=O)OCCCCCCCCO,360.0,0.0,0.0,1,0,Ki (nM),50294853
CC(C)(C)[Si](C)(C)O[C@H]1C=C2CCN3Cc4cc5c(cc4[C@H]([C@@H]1OC(=O)c1ccccc1)[C@@H]23)OCO5,390.0,0.0,0.0,1,0,Ki (nM),50592219
Cc1ccc(S(=O)(=O)SCc2ccccc2)cc1,390.0,0.0,0.0,1,0,Ki (nM),51414125
CCN(CCCCOc1ccc(-c2cc(=O)c3c(O)cc(OCCCCN(CC)Cc4ccccc4)cc3o2)cc1)Cc1ccccc1,394.0,0.0,0.0,1,0,Ki (nM),51396796
c1cc[n+](CCCCCCCCCC[n+]2cccc3ccccc32)cc1,400.0,0.0,0.0,2,0,Ki (nM),50077033;50077038
COc1cc2c(cc1OC)C(=O)C(Oc1cccc(C(C)N(C)C)c1)C2,400.0,0.0,0.0,1,0,Ki (nM),51188727
COc1cc2c(cc1OC)C(=O)C(Oc1ccc(CN3CCCCC3)cc1)C2,403.0,0.0,0.0,1,0,Ki (nM),51188702
COc1cc2c(cc1OC)C(=O)C(Oc1ccc(C(C)N3CCCC3)cc1)C2,403.0,0.0,0.0,1,0,Ki (nM),51188762
CC(=O)O[C@H]1[C@H]2c3cc4c(cc3CN3CCC(=C[C@@H]1O)[C@H]23)OCO4,430.0,0.0,0.0,1,0,Ki (nM),50592218
CCN(CC)Cc1ccc(/C=C2\Cc3cc(OC)c(OC)cc3C2=O)cc1,453.0,0.0,0.0,1,0,Ki (nM),51188754
CCOc1ccc2nc3cc(N)ccc3c(N)c2c1,490.0,0.0,0.0,1,0,Ki (nM),44783
COc1cc2c(cc1OC)C(=O)C(=Cc1ccc(N3CC[N+](C)(Cc4ccccc4)CC3)cc1)C2,500.0,0.0,0.0,1,0,Ki (nM),51396717
COc1cc2c(cc1OC)C(=O)C(Oc1cccc(CN3CCCC3)c1)C2,505.0,0.0,0.0,1,0,Ki (nM),51188824
CCN(C)Cc1cccc(CC2Cc3cc(OC)c(OC)cc3C2=O)c1,507.0,0.0,0.0,1,0,Ki (nM),51188751
COc1cc2c(cc1OC)C(=O)C(Oc1ccc(CN3CCOCC3)cc1)C2,514.0,0.0,0.0,1,0,Ki (nM),51188703
CN(C)C(=O)Oc1cccc(C(=O)/C=C/c2ccc(O)cc2)c1,520.0,0.0,0.0,1,0,Ki (nM),50533637
Cc1cc(Cl)cc2c1N(C)C(=O)/C2=N\NC(=S)Nc1cccc(S(N)(=O)=O)c1,520.0,0.0,0.0,1,0,Ki (nM),51555768
CC(C)(C)c1ccc(/C(N)=N/OC(=O)c2cnn(-c3ccc([N+](=O)[O-])cc3)c2C(F)(F)F)cc1,521.0,0.0,0.0,1,0,Ki (nM),51188816
COc1cc2c(cc1OC)C(=O)C(Cc1cccc(CN(C)C)c1)C2,525.0,0.0,0.0,1,0,Ki (nM),51188707
FC(F)(F)c1ccc2c(NCCCCCCCCNc3cc4ccccc4o3)ccnc2c1,540.0,0.0,0.0,1,0,Ki (nM),51631760
O=C(O[C@H]1[C@H]2c3cc4c(cc3CN3CCC(=C[C@@H]1O)[C@H]23)OCO4)c1ccccc1,540.0,0.0,0.0,1,0,Ki (nM),50592220
COc1cc2c(cc1OC)C(=O)C(Oc1ccc(C(C)N(C)C)cc1)C2,543.0,0.0,0.0,1,0,Ki (nM),51188837
COc1cccc(CN2CCC(/C=C3\Cc4cc(OC)ccc4C3=O)CC2)c1,554.0,0.0,0.0,1,0,Ki (nM),50502636
O=C(/C=N/O)NCCCCCCNc1c2c(nc3ccccc13)CCCC2,588.0,0.0,0.0,1,0,Ki (nM),50089052
COc1cc2c(cc1OC)C(=O)/C(=C/c1ccc(CN(C)C)cc1)C2,617.0,0.0,0.0,1,0,Ki (nM),51188756
O=C(NCCN1CCCCC1)N1c2ccccc2Sc2ccccc21,620.0,0.0,0.0,1,0,Ki (nM),50553668
c1ccc2c(NCCCCSc3c4c(nc5ccccc35)CCCC4)c3c(nc2c1)CCCC3,650.0,0.0,0.0,1,0,Ki (nM),17525
Fc1cc(C(F)(F)F)ccc1CN(CCCCCCCCNc1ccnc2cc(Cl)ccc12)c1ccc(C(F)(F)F)cc1F,700.0,0.0,0.0,1,0,Ki (nM),51631792
CCN(C)C(=O)Oc1cccc([C@H](C)N(C)C)c1,700.0,0.0,0.0,1,0,Ki (nM),51510777
Cc1ccc(S(=O)(=O)SCc2ccc(Cl)cc2)cc1,714.0,0.0,0.0,1,0,Ki (nM),51414127
Clc1ccc2c(NCCCNCC34CC5CC(CC(C5)C3)C4)ccnc2c1,770.0,0.0,0.0,1,0,Ki (nM),51655616
COc1cc2c(cc1OC)C(=O)C(Cc1ccc(CN3CCCC3)cc1)C2,773.0,0.0,0.0,1,0,Ki (nM),51188748
COc1cc2c(cc1OC)C(=O)C(Oc1cccc(CN3CCOCC3)c1)C2,793.0,0.0,0.0,1,0,Ki (nM),51188848
O=C1C(=O)c2cc([N+](=O)[O-])ccc2-c2ccccc21,850.0,0.0,0.0,1,0,Ki (nM),41699
CC(C)(C)[Si](C)(C)O[C@H]1C=C2CCN3Cc4cc5c(cc4[C@H]([C@@H]1O)[C@@H]23)OCO5,860.0,0.0,0.0,1,0,Ki (nM),50592216
CCN(CC)C(C)c1cccc(OC2Cc3cc(OC)c(OC)cc3C2=O)c1,865.0,0.0,0.0,1,0,Ki (nM),51188825
COc1cccc(C2c3ccc4cccnc4c3Oc3nc4c(c(N)c32)CCCC4)c1,870.0,0.0,0.0,1,0,Ki (nM),50712917
COc1cc(NCc2ccc(Oc3c(N)cccc3Cl)cc2)cc(OC)c1OC,879.0,0.0,0.0,1,0,Ki (nM),51253596
COc1ccccc1CN(C)CCCN(C)CCCNCCCn1c2cc(=N)ccc-2c2ccc(N)cc2c1-c1ccccc1,894.0,0.0,0.0,1,0,Ki (nM),50828050
O=C(Cc1sc(Nc2ccc(C3CCCCC3)cc2)nc1O)Nc1ccc(OC(F)(F)F)cc1,897.0,0.0,0.0,1,0,Ki (nM),51188741
O=C1C(=O)c2ccc([N+](=O)[O-])c3c([N+](=O)[O-])ccc1c23,903.0,0.0,0.0,1,0,Ki (nM),41695
CCN(C)Cc1ccc(CC2Cc3cc(OC)c(OC)cc3C2=O)cc1,918.0,0.0,0.0,1,0,Ki (nM),51188717
CCN(C)Cc1ccc(/C=C2\Cc3cc(OC)c(OC)cc3C2=O)cc1,920.0,0.0,0.0,1,0,Ki (nM),51188755
COc1ccc2[nH]cc(C(=O)NCCC3CCN(Cc4ccccc4)CC3)c2c1,930.0,0.0,0.0,1,0,Ki (nM),51579975
O=C1C=CC(=O)C=C1,955.0,0.0,0.0,1,0,Ki (nM),41255
CC(=O)O[C@H]1C=C2CCN3Cc4cc5c(cc4[C@H]([C@@H]1OC(=O)c1ccccc1)[C@@H]23)OCO5,970.0,0.0,0.0,1,0,Ki (nM),50592221
O=C1/C(=C/C2CCN(Cc3ccccc3)CC2)Cc2cc3c(cc21)OCO3,980.0,0.0,0.0,1,0,Ki (nM),50502624
COc1cc2c(cc1OC)C(=O)C(=Cc1ccc(N3CC[N+](C)(Cc4cccc(Cl)c4)CC3)cc1)C2,1000.0,0.0,0.0,1,0,Ki (nM),51396720
O=C(Nc1ccccc1)OC1CN2CCC1CC2,1000.0,0.0,0.0,1,0,Ki (nM),51506352
CCN(CC)CCNC(=O)c1ccc(N)cc1,1000.0,0.0,0.0,2,0,Ki (nM),50048005;50048013
COc1cc2c(cc1OC)C(=O)C(Oc1cccc(CN(C)C)c1)C2,1004.0,0.0,0.0,1,0,Ki (nM),51188841
CCN(CC)Cc1ccc(CC2Cc3cc(OC)c(OC)cc3C2=O)cc1,1040.0,0.0,0.0,1,0,Ki (nM),51188750
O=c1oc2ccccc2cc1-c1csc(N=NCc2cccc(Br)c2)n1,1050.0,0.0,0.0,1,0,Ki (nM),200769
CC(=O)/C(=N\O)C(=O)Nc1cnc2c(c1)CC(N(C)CCc1ccccc1)CC2,1108.0,0.0,0.0,1,0,Ki (nM),335096
CCCC[C@@H](O)/C=C/C=C/C(=O)O,1170.0,0.0,0.0,1,0,Ki (nM),50350065
COc1ccc(CN=Nc2nc(-c3cc4ccccc4oc3=O)cs2)cc1,1250.0,0.0,0.0,1,0,Ki (nM),200765
CCN(CC)C(C)c1ccc(OC2Cc3cc(OC)c(OC)cc3C2=O)cc1,1330.0,0.0,0.0,1,0,Ki (nM),51188763
CCN(CC)Cc1ccc(OC2Cc3cc(OC)c(OC)cc3C2=O)cc1,1340.0,0.0,0.0,1,0,Ki (nM),51188764
CC(C)(C)c1cc(/C=C/C(=O)NCCC2CCN(Cc3ccccc3F)CC2)cc(C(C)(C)C)c1O,1400.0,0.0,0.0,1,0,Ki (nM),51144772
CCCCNC(=O)OCCCCCO,1400.0,0.0,0.0,1,0,Ki (nM),50294850
O=C(NCCc1c[nH]c2ccccc12)c1ccc(OCCCCn2c3ccccc3c3ccccc32)cc1,1437.0,0.0,0.0,1,0,Ki (nM),50961495
O=C(/C=N/O)NCCCCNc1c2c(nc3ccccc13)CCCC2,1492.0,0.0,0.0,1,0,Ki (nM),50089049
CCCCNC(=O)OCCO,1500.0,0.0,0.0,1,0,Ki (nM),50294846
CC(=O)N(CCCNc1c2c(nc3ccccc13)CCCC2)CCCNc1c2c(nc3ccccc13)CCCC2,1500.0,0.0,0.0,1,0,Ki (nM),15308
COc1cc(CN=Nc2nc(-c3cc4ccccc4oc3=O)cs2)cc(OC)c1O,1550.0,0.0,0.0,1,0,Ki (nM),200774
CCN(CC)Cc1cccc(OC2Cc3cc(OC)c(OC)cc3C2=O)c1,1590.0,0.0,0.0,1,0,Ki (nM),51188710
Clc1ccc2c(NCCNC34CC5CC(CC(C5)C3)C4)ccnc2c1,1600.0,0.0,0.0,1,0,Ki (nM),51655618
O=c1oc2ccccc2cc1-c1csc(N=NCc2ccc(Cl)cc2)n1,1620.0,0.0,0.0,1,0,Ki (nM),200768
O=C1C(=O)C(Cl)=C(Cl)C(Cl)=C1Cl,1670.0,0.0,0.0,1,0,Ki (nM),41257
O=c1oc2ccccc2cc1-c1csc(N=NCc2ccc([N+](=O)[O-])cc2)n1,1810.0,0.0,0.0,1,0,Ki (nM),200771
COc1cccc2c1C(=O)/C(=C/C1CCN(Cc3ccccc3)CC1)C2,1835.0,0.0,0.0,1,0,Ki (nM),50502634
CC(CCNCCC12CC3CC(CC(C3)C1)C2)Nc1ccnc2cc(Cl)ccc12,1900.0,0.0,0.0,1,0,Ki (nM),51655619
N[C@@H](Cc1ccccc1)C(=O)NCC(=O)Nc1c2c(nc3ccccc13)CCCC2,1908.0,0.0,0.0,1,0,Ki (nM),50431848
O=C1/C(=C/C2CCN(Cc3ccccc3)CC2)Cc2cc(O)ccc21,1980.0,0.0,0.0,1,0,Ki (nM),50502631
CN(CCCC(F)F)Cc1ccc(COc2ccc3c(CO)cc(=O)oc3c2)cc1,2000.0,0.0,0.0,1,0,Ki (nM),51451310
CCOC(=O)C1=C(Nc2ccc(F)cc2)CC(c2ccc(F)cc2)N(c2ccc(F)cc2)C1c1ccc(F)cc1,2050.0,0.0,0.0,1,0,Ki (nM),51606003
N/C(=N\OC(=O)c1cnn(-c2ccc([N+](=O)[O-])cc2)c1C(F)(F)F)c1ccc(C(F)(F)F)cc1,2070.0,0.0,0.0,1,0,Ki (nM),51188720
N[C@@H](Cc1c[nH]c2ccccc12)C(=O)NCC(=O)Nc1c2c(nc3ccccc13)CCCC2,2214.0,0.0,0.0,1,0,Ki (nM),50431856
COc1ccc(-c2cc3c(c(=O)o2)C[C@@]2(O)[C@@]4(C)CCC(=O)OC(C)(C)[C@@]4(O)CC[C@@]2(C)O3)cc1,2300.0,0.0,0.0,1,0,Ki (nM),50289963
N/C(=N\OC(=O)c1cnn(-c2ccc([N+](=O)[O-])cc2)c1C(F)(F)F)c1ccc(Cl)cc1,2350.0,0.0,0.0,1,0,Ki (nM),51188745
O=c1oc2ccccc2cc1-c1csc(N=NCc2ccc(Br)cc2)n1,2470.0,0.0,0.0,1,0,Ki (nM),200770
CC(=O)O[C@H]1CC[C@@]2(C)[C@@H](CC[C@@]3(C)C[C@@]4(O)CC[C@H]5C(C)(C)[C@@H](OC(C)=O)CC[C@]5(C)[C@H]4CC[C@@H]32)C1(C)C,2490.0,0.0,0.0,1,0,Ki (nM),50350061
C[n+]1c2ccccc2c(-c2ccc(N)cc2)c2ccccc21,2660.0,0.0,0.0,1,0,Ki (nM),50856234
COc1cc2c(cc1O)C(=O)/C(=C/C1CCN(Cc3ccccc3)CC1)C2,2822.0,0.0,0.0,1,0,Ki (nM),50502627
COc1cc2c(cc1O)C/C(=C\C1CCN(Cc3ccccc3)CC1)C2=O,2822.0,0.0,0.0,1,0,Ki (nM),50502628
O=c1c(Cl)c(N2CCN(c3ccc(C(F)(F)F)cn3)CC2)cnn1-c1c(Cl)cc(C(F)(F)F)cc1Cl,2870.0,0.0,0.0,1,0,Ki (nM),51188832
N#C/C(=N\O)C(=O)NCCCNc1c2c(nc3ccccc13)CCCC2,3077.0,0.0,0.0,1,0,Ki (nM),50089051
O=c1oc2ccccc2cc1-c1csc(N=NCc2cccc(Cl)c2)n1,3090.0,0.0,0.0,1,0,Ki (nM),200767
CC(C)=CCC/C(C)=C/Cc1cc(-c2cc(=O)c3c(O)cc(O)cc3o2)c(O)cc1O,3100.0,0.0,0.0,1,0,Ki (nM),51189277
COc1cc(O)c(C2CC(=O)c3c(O)cc(O)cc3O2)cc1C/C=C(\C)CCC=C(C)C,3100.0,0.0,0.0,1,0,Ki (nM),51189263
CC(C)=CC1Oc2cc(O)ccc2-c2oc3c4c(cc(O)c3c(=O)c21)OC(C)(C)C=C4,3100.0,0.0,0.0,1,0,Ki (nM),51189262
COc1cccc2c1CCC(NS(=O)(=O)N(C)C)C2,0.45,0.0,0.0,1,0,Ki (nM),50489455
COc1ccc2cc3[n+](cc2c1OCc1ccc(C(F)(F)F)cc1)CCc1cc2c(cc1-3)OCO2,0.456,0.0,0.0,1,0,Ki (nM),51374496
OCCN(CCCNc1c2c(nc3ccccc13)CCCC2)CCCNc1c2c(nc3ccccc13)CCCC2,0.65,0.0,0.0,1,0,Ki (nM),15307
COc1ccc2c(c1)CCC(NC(=O)N(C)C)C2,0.67,0.0,0.0,1,0,Ki (nM),50489532
COc1cc(CNC(=O)CCCCCCNc2c3c(nc4cc(Cl)ccc24)CC2C=C(C)CC3C2)ccc1O,0.81,0.12999999999999995,0.09192388155425113,2,0,Ki (nM),51377536;51377537
CN(C)S(=O)(=O)NC1CCc2ccc(O)cc2C1,0.72,0.0,0.0,1,0,Ki (nM),50489463
c1ccc2oc(CNCCCCCCCNc3c4c(nc5ccccc35)CCCC4)cc2c1,0.86,0.14,0.09899494936611665,2,0,Ki (nM),50452606;50452607
c1cc(CCNc2c3c(nc4ccccc24)CCCC3)nc(CCNc2c3c(nc4ccccc24)CCCC3)c1,0.768,0.0,0.0,1,0,Ki (nM),50871612
O=[N+]([O-])c1cccc2c(NCCCCCCCCNc3c4c(nc5ccccc35)CCCC4)c3c(nc12)CCCC3,0.78,0.0,0.0,1,0,Ki (nM),50077150
COc1ccc2c(c1)CC(NS(=O)(=O)N(C)C)CC2,0.83,0.0,0.0,1,0,Ki (nM),50489457
COc1cccc2c1CC[C@H](NC(=O)N(C)C)C2,0.98,0.0,0.0,1,0,Ki (nM),50489531
Nc1c2c(nc3cc(Cl)cc(Cl)c13)CCCC2,1.0,0.0,0.0,1,0,Ki (nM),17515
Clc1ccc2c(NCCCCCCCNc3c4c(nc5ccccc35)-c3ccccc3C4)c3c(nc2c1)CCCC3,1.0,0.0,0.0,1,0,Ki (nM),50175745
COc1ccc2c(c1)CCC(NS(=O)(=O)N(C)C)C2,1.1,0.0,0.0,1,0,Ki (nM),50489456
COc1ccc2c(c1)C[C@@H](NC(=O)N(C)C)CC2,1.1,0.0,0.0,1,0,Ki (nM),50489533
CN(C)S(=O)(=O)N[C@H]1CCc2cc(O)ccc2C1,1.2,0.0,0.0,1,0,Ki (nM),50489462
CN(C)C(=O)NC1CCc2cc(O)ccc2C1,1.3,0.0,0.0,1,0,Ki (nM),50489459
c1ccc2c(NCCCCCCCNc3c4c(nc5ccccc35)CCCC4)c3c(nc2c1)CCCC3,1.3,0.0,0.0,2,0,Ki (nM),15302;17516
CN(C)S(=O)(=O)NC1CCc2c(O)cccc2C1,1.3,0.0,0.0,1,0,Ki (nM),50489461
CCN(CCC(=O)N1CCN(CCNc2c3c(nc4ccccc24)CCCC3)CC1)C1CCCCC1,2.54,1.19,0.8414570696119914,2,0,Ki (nM),50949138;50949146
N=c1ccc2c3ccc(N)cc3c(-c3ccccc3)n(CCCNCCCNCCCNc3c4c(nc5ccccc35)CCCC4)c-2c1,1.49,0.0,0.0,1,0,Ki (nM),50828053
CC1=C[C@@H]2Cc3nc4cc(Cl)ccc4c(NCCCCCCCNc4c5c(nc6cc(Cl)ccc46)CCCC5)c3[C@H](C1)C2,1.5,0.0,0.0,1,0,Ki (nM),50214923
CN(CCCCNc1c2c(nc3c(NC(=O)CNC(=O)CC[C@H](NC(=O)CNC(=O)OCc4ccccc4)C(=O)N[C@@H](Cc4ccccc4)C(=O)OCc4ccccc4)cccc13)CCCC2)CCCNc1c2c(nc3ccccc13)CCCC2,1.5,0.0,0.0,1,0,Ki (nM),50077146
CN(C)C(=O)N[C@H]1CCc2c(O)cccc2C1,1.6,0.0,0.0,1,0,Ki (nM),50489458
C=CCN(CCCNc1c2c(nc3ccccc13)CCCC2)CCCNc1c2c(nc3ccccc13)CCCC2,1.6,0.0,0.0,1,0,Ki (nM),15306
COc1ccc(Cn2cc(C(=O)NCCCNc3c4c(nc5cc(Cl)ccc35)CCCC4)c(=O)c3ccccc32)cc1,2.45,0.8499999999999999,0.6010407640085652,2,0,Ki (nM),51057699;51058870
c1ccc2c(NCCc3ccc(CCNc4c5c(nc6ccccc46)CCCC5)cc3)c3c(nc2c1)CCCC3,1.63,0.0,0.0,1,0,Ki (nM),50871606
CC(C)=CCc1c(-c2ccc(O)cc2O)oc2c(CC=C(C)C)c(O)cc(O)c2c1=O,3100.0,0.0,0.0,1,0,Ki (nM),51189285
CC1(C)C=Cc2c(cc(O)c3c(=O)c4c(oc23)-c2ccc(O)cc2OC(C(C)(C)O)C4)O1,3100.0,0.0,0.0,1,0,Ki (nM),51189287
CC(C)=CCC/C(C)=C/Cc1cc(C2CC(=O)c3c(O)cc(O)cc3O2)c(O)cc1O,3100.0,0.0,0.0,1,0,Ki (nM),51189280
CC(C)=CCc1c(-c2ccc(O)cc2O)oc2c3c(cc(O)c2c1=O)OC(C)(C)C=C3,3100.0,0.0,0.0,1,0,Ki (nM),51189250
COc1cc(O)c(-c2cc(=O)c3c(O)cc(O)cc3o2)cc1C/C=C(\C)CCC=C(C)C,3100.0,0.0,0.0,1,0,Ki (nM),51189266
CC(C)(O)CCc1c(-c2ccc(O)cc2O)oc2c3c(cc(O)c2c1=O)OC(C)(C)C=C3,3100.0,0.0,0.0,1,0,Ki (nM),51189282
CC(C)(C)c1cc(/C=C/C(=O)NCCC2CCN(Cc3ccccc3)CC2)cc(C(C)(C)C)c1O,3200.0,0.0,0.0,1,0,Ki (nM),51144807
O=C1C(=O)N(Cc2ccc(Cc3ccc(CN4C(=O)C(=O)c5ccccc54)cc3)cc2)c2ccccc21,3280.0,0.0,0.0,1,0,Ki (nM),41643
CN[C@@H](Cc1c[nH]c2ccccc12)C(=O)NCC(=O)Nc1c2c(nc3ccccc13)CCCC2,3330.0,0.0,0.0,1,0,Ki (nM),50431858
CN1c2ccccc2C(n2cncn2)c2ccccc21,3340.0,0.0,0.0,1,0,Ki (nM),50856209
CCN(CC)C(=O)OC1C[N+]2(C)CCC1CC2,3500.0,0.0,0.0,1,0,Ki (nM),51506351
CN1c2ccccc2C(N2CCSCC2)c2ccccc21,3750.0,0.0,0.0,1,0,Ki (nM),50856359
Clc1ccc2c(Nc3cccc4c(NCCC56CC7CC(CC(C7)C5)C6)cccc34)ccnc2c1,3800.0,0.0,0.0,1,0,Ki (nM),51655620
COc1cccc(C2NC(=S)Nc3nc4c(c(N)c32)CCCC4)c1,3880.0,0.0,0.0,1,0,Ki (nM),51102558
CN1c2ccccc2C(N2CCOCC2)c2ccccc21,4010.0,0.0,0.0,1,0,Ki (nM),50856217
O=C(CNC(=O)[C@@H]1Cc2ccccc2CN1)Nc1c2c(nc3ccccc13)CCCC2,4130.0,0.0,0.0,1,0,Ki (nM),50431854
O=C1/C(=C/C2CCN(Cc3ccccc3)CC2)Cc2ccc(O)cc21,4224.0,0.0,0.0,1,0,Ki (nM),50502629
O=C(CCCCCCCCc1ccc(O)cc1)c1c(O)cccc1O,4330.0,0.0,0.0,1,0,Ki (nM),50502665
COCC1=C=C(c2ccc(OC)cc2)c2cc(OC)c(OC)cc2CCN(C)C=C1C(=O)OC,4900.0,0.0,0.0,1,0,Ki (nM),51340262
O=c1oc2ccccc2cc1-c1csc(N=NCc2ccccc2Cl)n1,5410.0,0.0,0.0,1,0,Ki (nM),200766
O=C1Nc2ccccc2C12NNC(Nc1cccc(Cl)c1)=C2[N+](=O)[O-],5590.0,0.0,0.0,1,0,Ki (nM),51555788
COc1cc(CN=Nc2nc(-c3cc4ccccc4oc3=O)cs2)cc(OC)c1OC,5610.0,0.0,0.0,1,0,Ki (nM),200773
O=C(CCCCCCCCc1ccc(O)c(O)c1)c1c(O)cccc1O,5860.0,0.0,0.0,1,0,Ki (nM),50502666
CC(C)OP(=O)(F)OC(C)C,6000.0,0.0,0.0,1,0,Ki (nM),50554049
O=C(/C=N/O)NCCCNc1c2c(nc3ccccc13)CCCC2,6219.0,0.0,0.0,1,0,Ki (nM),50089048
COc1cc2c(c3c1OCOC3)C[C@H]1c3c(cc4c(c3OC)OCO4)CC[N+]1=C2,6300.0,0.0,0.0,1,0,Ki (nM),51441245
CN[C@@H](Cc1ccccc1)C(=O)NCC(=O)Nc1c2c(nc3ccccc13)CCCC2,6320.0,0.0,0.0,1,0,Ki (nM),50431850
C=CCN1C(=O)/C(=C2/Sc3ccccc3N2CC)SC1=S,6410.0,0.0,0.0,1,0,Ki (nM),51051484
CN1c2ccccc2C(n2nnc3ccccc32)c2ccccc21,6430.0,0.0,0.0,1,0,Ki (nM),50856210
O=C(Oc1cc(OC(=O)N2CCCCC2)cc(C(O)CN2CCCCC2)c1)N1CCCCC1,6930.0,0.0,0.0,1,0,Ki (nM),51604128
c1ccc(CNc2c3c(nc4ccccc24)-c2ccccc2C3)cc1,7500.0,0.0,0.0,1,0,Ki (nM),15554
COc1cccc(CN=Nc2nc(-c3cc4ccccc4oc3=O)cs2)c1,7170.0,0.0,0.0,1,0,Ki (nM),200764
CC1(C)C=Cc2c(ccc(C(=O)C=Cc3ccc(O)cc3)c2O)O1,7390.0,0.0,0.0,1,0,Ki (nM),51233057
O=c1oc2ccccc2cc1-c1csc(N=NCc2ccccc2OCc2ccccc2)n1,7470.0,0.0,0.0,1,0,Ki (nM),200775
CC(C)(C)OC(=O)N[C@@H](Cc1c[nH]c2ccccc12)C(=O)NCCC(=O)Nc1c2c(nc3ccccc13)CCCC2,7970.0,0.0,0.0,1,0,Ki (nM),50431860
C[C@@]12CC[C@@H]3[C@](C)(CC[C@H](OC(=O)CCc4ccc(O)cc4)[C@]3(C)C(=O)O)[C@H]1CC[C@H]1C(=CC[C@@H]3[C@]1(C)CC[C@@H](O)[C@]3(C)CO)C2,7970.0,0.0,0.0,1,0,Ki (nM),50350063
CC(C)=CCC/C(C)=C/Cc1c(O)cc2c(c1O)C(=O)C[C@@H](c1ccc(O)c(O)c1)O2,8400.0,0.0,0.0,1,0,Ki (nM),50927109
CCO[P@](=O)(SCC)c1ccccc1,8900.0,0.0,0.0,1,0,Ki (nM),50760421
CNC(=O)N1c2ccccc2Sc2ccccc21,9360.0,0.0,0.0,1,0,Ki (nM),50553676
CN(C)c1ccc(CN=Nc2nc(-c3cc4ccccc4oc3=O)cs2)cc1,9960.0,0.0,0.0,1,0,Ki (nM),200772
COC(=O)/C(=N\Nc1ccc(C)cc1)C(=O)C(F)(F)F,10100.0,0.0,0.0,1,0,Ki (nM),51412376
N[C@@H](Cc1ccc2ccccc2c1)C(=O)NCC(=O)Nc1c2c(nc3ccccc13)CCCC2,11190.0,0.0,0.0,1,0,Ki (nM),50431852
O=C1SCc2cccc([N+](=O)[O-])c21,11800.0,0.0,0.0,1,0,Ki (nM),50973672
NC(=O)c1cc[n+](CCCC[n+]2cc(Cl)c(C=NO)c(Cl)c2)cc1,12000.0,0.0,0.0,1,0,Ki (nM),51135946
CCN(CC)c1ccc(-c2c3ccccc3[n+](C)c3ccccc23)cc1,13200.0,0.0,0.0,1,0,Ki (nM),50856207
COc1cc2c[n+]3c(cc2c(CO)c1OC)-c1c(cc2c(c1OC)OCO2)CC3,13200.0,0.0,0.0,1,0,Ki (nM),51441247
COc1cc2c(c3c1OCOC3)C[C@H]1c3c(cc4c(c3OC)OCO4)CCN1C2,13700.0,0.0,0.0,1,0,Ki (nM),51441249
CC(=O)Nc1nc(Cl)c2ncn(C3O[C@H](CC(=O)NCc4ccccc4)[C@H](OC(C)=O)[C@H]3OC(C)=O)c2n1,14780.0,0.0,0.0,1,0,Ki (nM),51510799
CCN(CC)CCNC(=O)N1c2ccccc2Sc2ccccc21,16300.0,0.0,0.0,1,0,Ki (nM),50553662
COc1c(O)cc(C2Oc3cc(O)c(C/C=C(\C)CCC=C(C)C)c(O)c3C(=O)[C@@H]2O)cc1O,16900.0,0.0,0.0,1,0,Ki (nM),50927105
COc1cccc(CN2CCC(/C=C3\Cc4cccc(OC)c4C3=O)CC2)c1,17230.0,0.0,0.0,1,0,Ki (nM),50502638
COc1cccc2c1C(=O)/C(=C/C1CCN(Cc3ccc4c(c3)OCO4)CC1)C2,18200.0,0.0,0.0,1,0,Ki (nM),50502626
CC(=O)Nc1nc(Cl)c2c(ncn2C2O[C@H](C(=O)NCc3ccccc3)[C@@H](OC(C)=O)[C@@H](OC(C)=O)[C@H]2OC(C)=O)n1,18720.0,0.0,0.0,1,0,Ki (nM),51510801
COc1ccc(/C=N/NC(=O)CN2CCC(Cc3ccccc3)CC2)cc1,19500.0,0.0,0.0,1,0,Ki (nM),51046011
NC(=O)c1cc[n+](CCC[n+]2cc(Cl)c(C=NO)c(Cl)c2)cc1,21000.0,0.0,0.0,1,0,Ki (nM),51135943
NC(=O)c1cc[n+](CC=CC[n+]2cc(Cl)c(C=NO)c(Cl)c2)cc1,22000.0,0.0,0.0,1,0,Ki (nM),51135947
O=C1C=C2S[C@H]3C[C@]2(C=C1Br)C1=C(N3)C(=O)c2[nH]cc3c2C1=NCC3,22800.0,0.0,0.0,1,0,Ki (nM),50991333
CN(C)C(=O)Oc1cccc([N+](C)(C)C)c1,23000.0,0.0,0.0,1,0,Ki (nM),200776
CC(=O)Nc1nc(Cl)c2ncn(C3O[C@H]4[C@H](OC(=O)[C@@H]4O)[C@H]3OC(C)=O)c2n1,23670.0,0.0,0.0,1,0,Ki (nM),51510798
NC(=O)c1cc[n+](CC=CC[n+]2ccc(C=NO)c(Cl)c2)cc1,24000.0,0.0,0.0,1,0,Ki (nM),51135958
NC(=O)c1cc[n+](COC[n+]2ccccc2CN=O)cc1,25000.0,0.0,0.0,1,0,Ki (nM),51135944
CC(=O)Nc1nc(Cl)c2ncn(C3O[C@H](C(=O)O)[C@@H](OC(C)=O)[C@@H](OC(C)=O)[C@H]3OC(C)=O)c2n1,26870.0,0.0,0.0,1,0,Ki (nM),51510804
COc1cc2c(c3oc(=O)c4c(c13)CCC4=O)[C@@H]1C=CO[C@@H]1O2,28000.0,0.0,0.0,1,0,Ki (nM),248231
NC(=O)c1cc[n+](CCC[n+]2cc(F)c(C=NO)c(F)c2)cc1,28000.0,0.0,0.0,1,0,Ki (nM),51466778
O=C(NCCN1CCCC1)N1c2ccccc2Sc2ccccc21,29400.0,0.0,0.0,1,0,Ki (nM),50553666
COc1c(O)cc(C2CC(=O)c3c(cc(O)c(C/C=C(\C)CCC=C(C)C)c3O)O2)cc1O,30100.0,0.0,0.0,1,0,Ki (nM),50927108
CC(=O)Nc1nc(Cl)c2ncn(C3O[C@H](C(=O)NCc4ccccc4)[C@@H](OC(C)=O)[C@@H](OC(C)=O)[C@H]3OC(C)=O)c2n1,30980.0,0.0,0.0,1,0,Ki (nM),51510802
COc1cc2c(c(CO)c1OC)C[C@H]1c3c(cc4c(c3OC)OCO4)CC[N+]1=C2,31000.0,0.0,0.0,1,0,Ki (nM),51441243
O=C(/C=N/O)c1ccc(OCC2CCN(Cc3ccccc3)CC2)nc1,31220.0,0.0,0.0,1,0,Ki (nM),50089059
C[C@@H](c1cccc(O)c1)N(C)C,33000.0,0.0,0.0,1,0,Ki (nM),17786
N[C@@H](Cc1c[nH]c2ccccc12)C(=O)NCCC(=O)Nc1c2c(nc3ccccc13)CCCC2,34030.0,0.0,0.0,1,0,Ki (nM),50431862
COc1ccc([C@H]2Oc3cc(O)c(C/C=C(\C)CCC=C(C)C)c(O)c3C(=O)[C@@H]2O)cc1O,34300.0,0.0,0.0,1,0,Ki (nM),50927103
NC(=O)c1cc[n+](CCC[n+]2ccc(C=NO)c(F)c2)cc1,35000.0,0.0,0.0,1,0,Ki (nM),51466777
NC(=O)c1cc[n+](CC=CC[n+]2ccc(C=NO)c(F)c2)cc1,36000.0,0.0,0.0,1,0,Ki (nM),51466781
NC(=O)c1cc[n+](CCCC[n+]2ccc(C=NO)c(Cl)c2)cc1,36000.0,0.0,0.0,1,0,Ki (nM),51135954
CC[N+](CC)(CC)CCOc1cccc(OCC[N+](CC)(CC)CC)c1OCC[N+](CC)(CC)CC,37000.0,0.0,0.0,1,0,Ki (nM),50871603
O=c1c(O)c(-c2cc(O)c(O)c(O)c2)oc2cc(O)cc(O)c12,37800.0,0.0,0.0,1,0,Ki (nM),50903929
CC(=O)Nc1nc(Cl)c2c(ncn2C2O[C@H](C(=O)O)[C@@H](OC(C)=O)[C@@H](OC(C)=O)[C@H]2OC(C)=O)n1,37870.0,0.0,0.0,1,0,Ki (nM),51510803
O=c1c(O)c(-c2ccc(O)c(O)c2)oc2cc(O)cc(O)c12,38300.0,0.0,0.0,1,0,Ki (nM),50903928
COc1ccc2c(c1)C(=O)/C(=C/C1CCN(Cc3ccc4c(c3)OCO4)CC1)C2,39670.0,0.0,0.0,1,0,Ki (nM),50502625
NC(=O)c1cc[n+](CCC[n+]2ccc(C=NO)c(Cl)c2)cc1,42000.0,0.0,0.0,1,0,Ki (nM),51135939
NC(=O)c1cc[n+](CCCC[n+]2ccc(C=NO)c(F)c2)cc1,44000.0,0.0,0.0,1,0,Ki (nM),51466779
O=C1C(=O)N(Cc2ccc(Cl)c(Cl)c2)c2ccccc21,48200.0,0.0,0.0,1,0,Ki (nM),41519
CC(=O)Nc1nc(NCc2ccccc2)c2ncn(C3O[C@H](CC(=O)NCc4ccccc4)[C@H](OC(C)=O)[C@H]3OC(C)=O)c2n1,50530.0,0.0,0.0,1,0,Ki (nM),51510800
CN1CCCC[C@H]1c1ccc(-c2cccnc2)nc1,51000.0,0.0,0.0,1,0,Ki (nM),51356903
COc1cc(O)c2c(=O)c3cccc(O)c3oc2c1,53000.0,0.0,0.0,1,0,Ki (nM),51525607
O=C(/C=N/O)c1cnc(OCC2CCN(Cc3ccccc3)CC2)nc1,55180.0,0.0,0.0,1,0,Ki (nM),50089094
O=C1CC[C@@]2(C=CNC3=C2C2=NCCc4c[nH]c(c42)C3=O)C=C1Br,56200.0,0.0,0.0,1,0,Ki (nM),50991354
O=C1SCc2ccccc21,59800.0,0.0,0.0,1,0,Ki (nM),50973507
NC(=O)c1cc[n+](CCCC[n+]2cc(F)c(C=NO)c(F)c2)cc1,63000.0,0.0,0.0,1,0,Ki (nM),51466780
C[N+](C)(C)CCOC(=O)Nc1cc(Cl)nc(Cl)c1,64400.0,0.0,0.0,1,0,Ki (nM),50853449
CN(C)CCCN1C(=O)CSC1c1ccc(Cl)cc1Cl,65000.0,0.0,0.0,1,0,Ki (nM),51573570
O=c1cc(-c2ccc(O)c(O)c2)oc2cc(O)cc(O)c12,65800.0,0.0,0.0,1,0,Ki (nM),50903931
NC(=O)c1cc[n+](CC=CC[n+]2cc(F)c(C=NO)c(F)c2)cc1,68000.0,0.0,0.0,1,0,Ki (nM),51466782
COc1cc([C@H]2Oc3cc(O)c(C/C=C(\C)CCC=C(C)C)c(O)c3C(=O)[C@@H]2O)ccc1O,68200.0,0.0,0.0,1,0,Ki (nM),50927104
NC(=O)c1cc[n+](CCC[n+]2ccc(CN=O)cc2)cc1,73000.0,0.0,0.0,2,0,Ki (nM),51135956;51466783
COC(=O)C1=C(C)OP(=O)(OC)CCC1,76000.0,0.0,0.0,1,0,Ki (nM),50554042
O=c1c(O)c(-c2ccccc2)oc2cc(O)cc(O)c12,85600.0,0.0,0.0,1,0,Ki (nM),50903925
NC(=O)N1c2ccccc2Sc2ccccc21,89300.0,0.0,0.0,1,0,Ki (nM),50553674
NC(=O)c1cc[n+](C/C=C/C[n+]2ccc(CN=O)cc2)cc1,90000.0,0.0,0.0,2,0,Ki (nM),51135957;51466785
O=c1c(O)c(-c2ccc(O)cc2)oc2cc(O)cc(O)c12,92800.0,0.0,0.0,1,0,Ki (nM),50903927
COc1ccc([C@@H]2CC(=O)c3c(cc(O)c(C/C=C(\C)CCC=C(C)C)c3O)O2)cc1O,94500.0,0.0,0.0,1,0,Ki (nM),50927106
CN(C)C(=O)N[C@H]1CCc2ccc(O)cc2C1,1.7,0.0,0.0,1,0,Ki (nM),50489460
COc1cc(-c2cc3c(c(=O)o2)C[C@]2(O)[C@@]4(C)C(=O)C=CC(C)(C)[C@]4(O)CC[C@@]2(C)O3)cc(OC)c1OC,1.7,0.0,0.0,2,0,Ki (nM),248233;51202290
c1cc(CCNc2c3c(nc4ccccc24)CCCC3)cc(CCNc2c3c(nc4ccccc24)CCCC3)c1,1.72,0.0,0.0,1,0,Ki (nM),50871613
O=C(CC[C@H](NC(=O)CNC(=O)OCc1ccccc1)C(=O)N[C@@H](Cc1ccccc1)C(=O)OCc1ccccc1)NCC(=O)Nc1cccc2c(NCCCCCCCCNc3c4c(nc5ccccc35)CCCC4)c3c(nc12)CCCC3,1.9,0.0,0.0,1,0,Ki (nM),50077148
c1ccc2c(NCCCCCCCCNc3c4c(nc5ccccc35)CCCC4)c3c(nc2c1)CCCC3,1.9,0.0,0.0,1,0,Ki (nM),15303
CCN(CCCCCC=Nc1cc(O)c(NCCCCCCN(CC)Cc2ccccc2OC)cc1O)Cc1ccccc1OC,2.6,0.0,0.0,3,0,Ki (nM),50164265;50209106;51463178
c1ccc2c(NCCCCNCCCSc3c4c(nc5ccccc35)CCCC4)c3c(nc2c1)CCCC3,2.67,0.0,0.0,1,0,Ki (nM),50871619
CC1=C[C@@H]2Cc3nc4cc(Cl)ccc4c(NCCCCCCCCCNC(=O)c4cc(O)c5c(c4)C(=O)c4cccc(O)c4C5=O)c3[C@H](C1)C2,3.05,0.34999999999999987,0.24748737341529153,2,0,Ki (nM),50085911;50085912
O=C(c1ccc(O)cc1)c1cc(O)c(Br)cc1O,2.78,0.0,0.0,1,0,Ki (nM),293110
CCN(CCCNc1c2c(nc3ccccc13)CCCC2)CCCNc1c2c(nc3ccccc13)CCCC2,2.8,0.0,0.0,1,0,Ki (nM),15305
Fc1cccc(CNCCCCCCCCNc2ccnc3cc(Cl)ccc23)c1,3.2,0.0,0.0,1,0,Ki (nM),51631782
O=C(c1ccccc1)c1cc(O)c(Br)cc1O,3.24,0.0,0.0,1,0,Ki (nM),293111
COc1ccc(OC)c(C2CC(c3cc(F)ccc3F)=NN2c2ccc(S(N)(=O)=O)cc2)c1,3.3,0.0,0.0,1,0,Ki (nM),51530458
COc1ccc(C2CC(c3cc(F)ccc3F)=NN2c2ccc(S(N)(=O)=O)cc2)cc1OC,3.3,0.0,0.0,1,0,Ki (nM),51530459
COc1cccc(C2CC(c3cc(F)ccc3F)=NN2c2ccc(S(N)(=O)=O)cc2)c1OC,3.3,0.0,0.0,1,0,Ki (nM),51530456
COc1ccc(C2CC(c3cc(F)ccc3F)=NN2c2ccc(S(N)(=O)=O)cc2)c(OC)c1,3.3,0.0,0.0,1,0,Ki (nM),51530457
COc1ccc(OC)c(C2CC(c3cc(F)cc(F)c3)=NN2c2ccc(S(N)(=O)=O)cc2)c1,3.3,0.0,0.0,1,0,Ki (nM),51530462
COc1ccc(C2CC(c3cc(F)cc(F)c3)=NN2c2ccc(S(N)(=O)=O)cc2)cc1OC,3.3,0.0,0.0,1,0,Ki (nM),51530463
COc1cccc(C2CC(c3cc(F)cc(F)c3)=NN2c2ccc(S(N)(=O)=O)cc2)c1OC,3.3,0.0,0.0,1,0,Ki (nM),51530460
COc1ccc(C2CC(c3cc(F)cc(F)c3)=NN2c2ccc(S(N)(=O)=O)cc2)c(OC)c1,3.3,0.0,0.0,1,0,Ki (nM),51530461
O=C(c1c2ccccc2cc2ccccc12)N1c2ccccc2Sc2ccccc21,3.5,0.0,0.0,2,0,Ki (nM),50645471;50645481
COc1ccc(C(=O)c2ccc(OC)c(OC)c2)c(Br)c1,3.53,0.0,0.0,1,0,Ki (nM),293101
COc1ccc(C(=O)c2cc(Br)c(OC)cc2OC)cc1,3.65,0.0,0.0,1,0,Ki (nM),293107
CCOc1ccc(Cc2nc3cc(C(=O)NCCCNc4c5c(nc6ccccc46)CCCC5)ccc3n2CCC(C)C)cc1,5.45,1.75,1.2374368670764582,2,0,Ki (nM),51257779;51257803
O=C(c1ccc(O)cc1Br)c1cccc(O)c1O,3.75,0.0,0.0,1,0,Ki (nM),293109
COc1ccc(C(=O)c2cc(OC)c(Br)cc2OC)cc1,3.77,0.0,0.0,1,0,Ki (nM),293104
O=C(c1ccc(O)c(O)c1)c1ccc(O)cc1Br,4.06,0.0,0.0,1,0,Ki (nM),293108
O=C(Cc1cc(=O)oc2cc(O)ccc12)NCCCCNc1c2c(nc3ccccc13)CCCC2,13.55,9.450000000000001,6.682159082212874,2,0,Ki (nM),50287096;50287103
O=C1C2=C(C3=NCCc4c[nH]c1c43)C1(C=CN2)C=C(Br)C(O)C(Br)=C1,98000.0,0.0,0.0,1,0,Ki (nM),50991355
O=c1c(O)c(-c2ccc(O)c(O)c2)oc2cc(O)ccc12,100200.0,0.0,0.0,1,0,Ki (nM),50903930
NC(=O)c1cc[n+](CCCC[n+]2ccc(/C=N/O)cc2)cc1,110000.0,0.0,0.0,2,0,Ki (nM),51135940;51466784
C[N+](C)(C)CCOC(=O)Nc1ccncc1Br,115900.0,0.0,0.0,1,0,Ki (nM),50853450
COc1cccc(CN2CCC(/C=C3\Cc4ccc(OC)cc4C3=O)CC2)c1,119490.0,0.0,0.0,1,0,Ki (nM),50502637
CC(C)=CCC/C(C)=C/Cc1c(O)cc2c(c1O)C(=O)C[C@@H](c1ccc(O)cc1)O2,120500.0,0.0,0.0,1,0,Ki (nM),50927089
O=c1cc(-c2ccc(O)cc2)oc2cc(O)cc(O)c12,121600.0,0.0,0.0,1,0,Ki (nM),50903926
O=C(/C=N/O)c1ccc(OCC2CCN(Cc3ccccc3)C2)nc1,137400.0,0.0,0.0,1,0,Ki (nM),50089110
CN(C)CCOC(=O)Nc1cc(Cl)nc(Cl)c1,140200.0,0.0,0.0,1,0,Ki (nM),50853451
O=C(/C=N/O)c1ccnc(OCC2CCN(Cc3ccccc3)CC2)c1,144000.0,0.0,0.0,1,0,Ki (nM),50089055
COc1cc([C@@H]2CC(=O)c3c(cc(O)c(C/C=C(\C)CCC=C(C)C)c3O)O2)ccc1O,149500.0,0.0,0.0,1,0,Ki (nM),50927107
C[N+](C)(C)CCOC(=O)Nc1ccnc(Cl)c1,150900.0,0.0,0.0,1,0,Ki (nM),50853446
O=C(/C=N/O)c1ccc(OCC2CCN(Cc3ccc(F)c(F)c3)CC2)nc1,158800.0,0.0,0.0,1,0,Ki (nM),50089085
C[N+](C)(C)CCOC(=O)Nc1ccncc1,159000.0,0.0,0.0,1,0,Ki (nM),50853441
C[n+]1ccccc1/C=N/O,180000.0,0.0,0.0,1,0,Ki (nM),51135948
O/N=C/c1cnc(OCC2CCN(Cc3ccccc3)CC2)nc1,198500.0,0.0,0.0,1,0,Ki (nM),50089126
O=C(/C=N/O)c1cccc(OCC2CCN(Cc3ccccc3)CC2)n1,199100.0,0.0,0.0,1,0,Ki (nM),50089070
CN(C)CCOC(=O)Nc1ccnc(Cl)c1,207700.0,0.0,0.0,1,0,Ki (nM),50853452
CN(C)CCCN1C(=O)CSC1c1ccccc1Cl,231000.0,0.0,0.0,1,0,Ki (nM),51573569
COc1ccc(CN2CCCCC2COc2ccc(C(=O)/C=N/O)cn2)cc1OC,232600.0,0.0,0.0,1,0,Ki (nM),50089105
CC(=O)/C(=N\O)C(=O)NC1CCN(Cc2ccccc2)CC1,233800.0,0.0,0.0,1,0,Ki (nM),50089026
O/N=C/c1ccc(OCC2CCN(Cc3ccccc3)CC2)nc1,266000.0,0.0,0.0,1,0,Ki (nM),50089124
O=C(/C=N/O)c1ccc(NCC2CCN(Cc3ccccc3)CC2)nc1,285600.0,0.0,0.0,1,0,Ki (nM),50089102
O=C(/C=N/O)c1ccc(OCC2CCN(Cc3cccc(Cl)c3)CC2)nc1,298300.0,0.0,0.0,1,0,Ki (nM),50089092
COC(=O)C1=C(C)O[PH](O)(OC)C=C1,310000.0,0.0,0.0,1,0,Ki (nM),50554045
CN(C)CCOC(=O)Nc1ccncc1,313700.0,0.0,0.0,1,0,Ki (nM),50853455
CN(C)CCOC(=O)Nc1ccncc1Br,316400.0,0.0,0.0,1,0,Ki (nM),50853447
COc1ccc(CN2CCCC(COc3ccc(C(=O)/C=N/O)cn3)C2)cc1OC,344800.0,0.0,0.0,1,0,Ki (nM),50089104
CN(C)C(=O)N1c2ccccc2Sc2ccccc21,400000.0,0.0,0.0,1,0,Ki (nM),50553654
O=C(/C=N/O)c1ccc(OCC2CCCCN2Cc2ccccc2)nc1,550600.0,0.0,0.0,1,0,Ki (nM),50089109
COc1cc2c(cc1OC)C(c1ccccc1)N(CCCNC(=O)/C=N/O)CC2,595100.0,0.0,0.0,1,0,Ki (nM),50089035
CC(C)NC(=O)N1c2ccccc2Sc2ccccc21,691000.0,0.0,0.0,1,0,Ki (nM),50553681
N#C/C(=N\O)C(=O)NC1CCN(Cc2ccccc2)CC1,732500.0,0.0,0.0,1,0,Ki (nM),50089029
CCNC(=O)N1c2ccccc2Sc2ccccc21,1450000.0,0.0,0.0,1,0,Ki (nM),50553678
N#Cc1ccc(CN2CCC(COc3ccc(C(=O)/C=N/O)cn3)CC2)cc1,1608000.0,0.0,0.0,1,0,Ki (nM),50089089
COc1ccc(CN2CCC(CNC(=O)/C(=N/O)C(C)=O)CC2)cc1OC,1625000.0,0.0,0.0,1,0,Ki (nM),50089033
COc1cc2c(cc1OC)C(c1ccccc1)N(CCCNC(=O)/C(=N/O)C(C)=O)CC2,1926000.0,0.0,0.0,1,0,Ki (nM),50089036
COc1ccc(CN2CCC(COc3ccc(C(=O)/C=N/O)cn3)CC2)cc1OC,1930000.0,0.0,0.0,1,0,Ki (nM),50089077
O=C(/C=N/O)NC1CCN(Cc2ccccc2)CC1,2430000.0,0.0,0.0,1,0,Ki (nM),50089020
COc1ccc(CN2CCC(COc3ccc(C(=O)/C=N/O)cn3)C2)cc1OC,2517000.0,0.0,0.0,1,0,Ki (nM),50089111
COc1cc2c(cc1OC)CN(CCCNC(=O)/C(=N/O)C(C)=O)CC2,2671000.0,0.0,0.0,1,0,Ki (nM),50089044
O=C(/C=N/O)NCC1CCN(Cc2ccccc2)CC1,3178000.0,0.0,0.0,1,0,Ki (nM),50089023
C[N+](C)(C)CCCCCCCCCC[N+](C)(C)C,6000000.0,0.0,0.0,1,0,Ki (nM),50871596
N#C/C(=N\O)C(=O)NCC1CCN(Cc2ccccc2)CC1,94963000.0,0.0,0.0,1,0,Ki (nM),50089032
COc1ccc(C(=O)c2cccc(OC)c2OC)c(Br)c1,4.34,0.0,0.0,1,0,Ki (nM),293102
COc1ccc(OC)c(Br)c1,4.25,0.0,0.0,1,0,Ki (nM),293103
COc1cc(C(=O)c2ccccc2)c(OC)cc1Br,5.28,0.0,0.0,1,0,Ki (nM),293105
O=C(c1ccc(O)cc1)c1cc(Br)c(O)cc1O,5.72,0.0,0.0,1,0,Ki (nM),293112
C[N+](C)(CCNC(=O)C(=O)NCC[N+](C)(C)Cc1ccccc1Cl)Cc1ccccc1Cl,5.5,0.5,0.25,4,0,Ki (nM),50077035;50077040;50621522;50621528
CN(CCCCNc1c2c(nc3ccccc13)CCCC2)CCCNc1c2c(nc3c(NC(=O)CNC(=O)CC[C@H](NC(=O)CNC(=O)OCc4ccccc4)C(=O)N[C@@H](Cc4ccccc4)C(=O)OCc4ccccc4)cccc13)CCCC2,5.0,0.0,0.0,1,0,Ki (nM),50077147
COc1ccc(C(=O)c2ccc(OC)cc2OC)cc1,5.88,0.0,0.0,1,0,Ki (nM),293106
CCN(CCCCCC(=O)N1CCC(C2CCN(C(=O)CCCCCN(CC)Cc3ccccc3OC)CC2)CC1)Cc1ccccc1OC,5.67,0.0,0.0,1,0,Ki (nM),50289508
Clc1cc(Cl)c2c(NCCCCCCCNc3c4c(nc5ccccc35)CCCC4)c3c(nc2c1)CCCC3,6.0,0.0,0.0,1,0,Ki (nM),17518
N[C@@H](CCC(=O)NCCNc1c2c(nc3ccccc13)CCCC2)C(=O)NCCNc1c2c(nc3ccccc13)CCCC2,6.21,0.0,0.0,1,0,Ki (nM),50431870
C/C=C1\C2C=C(C)CC1(C(=O)OC)CC(NCCCCCCCNc1c3c(nc4ccccc14)CCCC3)C2,6.4,0.0,0.0,1,0,Ki (nM),17710
CC(=O)c1ccccc1NC(=O)c1ccc(OCCCCC[n+]2cccc3ccccc32)cc1,6.5,0.0,0.0,1,0,Ki (nM),50961484
O=C(NCCCCCNc1c2c(nc3ccccc13)CCCC2)[C@@H]1CCCN1CCNc1c2c(nc3ccccc13)CCCC2,6.75,0.0,0.0,1,0,Ki (nM),50431872
Fc1cccc(NCCCCCCCCNc2ccnc3cc(C(F)(F)F)ccc23)c1,7.1,0.0,0.0,1,0,Ki (nM),51631761
Oc1ccc([C@@H]2CC(c3c4ccccc4cc4ccccc34)N=N2)c(O)c1,7.2,0.0,0.0,1,0,Ki (nM),51042064
Cc1cc(CCNc2c3c(nc4ccccc24)CCCC3)cc(CCNc2c3c(nc4ccccc24)CCCC3)c1,7.45,0.0,0.0,1,0,Ki (nM),50871607
FC(F)(F)c1ccc2c(NCCCCCCCCNc3ccccc3)ccnc2c1,8.0,0.0,0.0,1,0,Ki (nM),51631747
CCOC(=O)c1c(C)nc(N2CCN(S(=O)(=O)c3ccc(NC(C)=O)c(Cl)c3)CC2)nc1-c1ccc(OC)c(OC)c1,8.0,0.0,0.0,1,0,Ki (nM),51394094
Fc1ccc(F)c(CNCCCCCCCCNc2ccnc3cc(Cl)ccc23)c1,8.2,0.0,0.0,1,0,Ki (nM),51631783
CN(CCCNc1c2c(nc3ccccc13)CCCC2)CCCSc1c2c(nc3ccccc13)CCCC2,9.1,0.0,0.0,1,0,Ki (nM),15313
CC(=O)c1ccccc1NC(=O)c1ccc(OCCCCCC[n+]2ccc3ccccc3c2)cc1,9.4,0.0,0.0,1,0,Ki (nM),50961485
O=C(CNCc1cc(F)cc(F)c1)Nc1ccc2nc3n(c(=O)c2c1)CCC3,12.95,3.05,2.1566756826189697,2,0,Ki (nM),51118323;51118348
c1cc[n+](CCCCCCCCCCCC[n+]2cccc3ccccc32)cc1,15.0,5.0,3.5355339059327373,2,0,Ki (nM),50077032;50077037
FC(F)(F)c1ccc2c(NCCCCCCCCNc3cccc(Cl)c3)ccnc2c1,11.0,0.0,0.0,1,0,Ki (nM),51631762
CCN(Cc1ccccc1)Cc1ccc(-c2cc3cc(OC)c(OC)cc3oc2=O)cc1,11.0,0.0,0.0,1,0,Ki (nM),51525254
COc1cc2cc(-c3ccc(CN(CCO)Cc4ccccc4)cc3)c(=O)oc2cc1OC,11.0,0.0,0.0,1,0,Ki (nM),51525255
O=C(NCCCC1CCN(Cc2ccccc2)CC1)c1cc(=O)c2cc(O)ccc2o1,11.0,0.0,0.0,1,0,Ki (nM),51143962
COc1cc2cc(-c3ccc(C[N+](C)(C)Cc4ccccc4)cc3)c(=O)oc2cc1OC,11.0,0.0,0.0,1,0,Ki (nM),51525256
COc1cc2oc(C(=O)OCCC3CCN(Cc4ccccc4)CC3)cc(=O)c2cc1OC,11.0,0.0,0.0,1,0,Ki (nM),51143959
O=C(NCCC1CCN(Cc2ccccc2)CC1)c1cc(=O)c2cc([N+](=O)[O-])ccc2o1,12.0,0.0,0.0,1,0,Ki (nM),51143960
Fc1ccc(NCCCCCCCCNc2ccnc3cc(C(F)(F)F)ccc23)cc1,12.0,0.0,0.0,1,0,Ki (nM),51631748
CCN(CCCCCC(=O)N(C)CCCCCCCCN(C)C(=O)CCCCCN(CC)Cc1ccccc1OC)Cc1ccccc1OC,12.2,0.0,0.0,2,0,Ki (nM),50225820;50289510
FC(F)(F)c1ccc2c(NCCCCCCCCNc3ccccc3Cl)ccnc2c1,13.0,0.0,0.0,1,0,Ki (nM),51631763
c1ccc2c(NCCc3cocc3CCNc3c4c(nc5ccccc35)CCCC4)c3c(nc2c1)CCCC3,13.3,0.0,0.0,1,0,Ki (nM),50871608
COc1cccc2cc[n+](-c3ccc(Br)cc3)cc12,14.8,0.0,0.0,1,0,Ki (nM),51398035
C#CCN(Cc1ccc2cccc(O)c2n1)C(C#N)CCC1CCN(Cc2ccccc2)CC1,15.0,0.0,0.0,2,0,Ki (nM),50523773;50523801
CC(C)(C)OC(=O)N[C@@H](CCC(=O)NCCNc1c2c(nc3ccccc13)CCCC2)C(=O)NCCNc1c2c(nc3ccccc13)CCCC2,15.4,0.0,0.0,1,0,Ki (nM),50431868
C/C=C1\C2C=C(C)CC1(N)CC(NCCCCCCCNc1c3c(nc4ccccc14)CCCC3)C2,15.7,0.0,0.0,1,0,Ki (nM),17709
COc1cc(N)c(Cl)cc1C(=O)CCC1CCN(CC2CCCCC2)CC1,16.0,0.0,0.0,1,0,Ki (nM),51239543
Fc1ccc(Br)c(CNCCCCCCCCNc2ccnc3cc(Cl)ccc23)c1,16.0,0.0,0.0,1,0,Ki (nM),51631784
C/C=C1\C2C=C(C)CC1(N)CC(NCCCCCCCNc1c3c(nc4ccccc14)CCCC3)C2(C)C,16.5,0.0,0.0,1,0,Ki (nM),17708
O=C(NCCCCCCNc1c2c(nc3ccccc13)CCCC2)c1cc2ccccc2oc1=O,17.0,0.0,0.0,1,0,Ki (nM),50287016
CCOc1ccc(Cc2nc3cc(C(=O)NCCSSCCNc4c5c(nc6ccccc46)CCCC5)ccc3n2CCC(C)C)cc1,22.5,5.5,3.8890872965260113,2,0,Ki (nM),51257745;51257764
COc1cc2cc(NC(=O)[C@@H]3CCC[C@H](NCc4ccccc4)C3)c(=O)oc2cc1OC,19.0,0.0,0.0,1,0,Ki (nM),51336043
c1cc[n+](CCCCCCCCCCC[n+]2ccccc2)cc1,25.0,5.0,3.5355339059327373,2,0,Ki (nM),50564485;50564486
CC(=O)N(CCCCNc1c2c(nc3ccccc13)CCCC2)CCCSc1c2c(nc3ccccc13)CCCC2,24.45,3.5500000000000007,2.510229073212244,2,0,Ki (nM),50211438;50871676
COc1cc2oc(C(=O)NCCCC3CCN(Cc4ccccc4)CC3)cc(=O)c2cc1OC,21.0,0.0,0.0,1,0,Ki (nM),51144044
Cc1c(S(=O)(=O)c2ccc(Cl)cc2)csc1C(=O)NC1CCN(Cc2ccccc2)CC1,21.0,0.0,0.0,1,0,Ki (nM),51188815
O=[N+]([O-])c1cccc([C@@H]2CC(c3c4ccccc4cc4ccccc34)N=N2)c1,21.0,0.0,0.0,1,0,Ki (nM),51042062
Fc1ccc(CNCCCCCCCCNc2ccnc3cc(Cl)ccc23)c(F)c1,21.0,0.0,0.0,1,0,Ki (nM),51631786
NS(=O)(=O)c1ccc(NCc2cccc(Cl)c2O)cc1,21.0,0.0,0.0,1,0,Ki (nM),51475821
NS(=O)(=O)c1ccc(/N=C/c2cc(Br)cc(Cl)c2O)cc1,21.0,0.0,0.0,1,0,Ki (nM),51475820
COc1cc2c(cc1OC)C(=O)C(Cc1cccc(CN3CCCC3)c1)C2,22.0,0.0,0.0,1,0,Ki (nM),51188749
CCN(CC)Cc1cccc(CC2Cc3cc(OC)c(OC)cc3C2=O)c1,22.0,0.0,0.0,1,0,Ki (nM),51188818
CC1=CC2Cc3nc4cc(Cl)ccc4c(NCCCCCCNC(=O)[C@@H](N)Cc4c[nH]c5ccccc45)c3C(C1)C2,23.0,0.0,0.0,1,0,Ki (nM),51414180
FC(F)(F)Oc1ccc(CNC2CCN(Cc3ccccc3)C2)cc1,23.0,0.0,0.0,1,0,Ki (nM),51370679
O=C(Nc1ccc(OC(F)(F)F)cc1)OC1CN(C(c2ccccc2)c2ccccc2)C1,23.0,0.0,0.0,1,0,Ki (nM),51188833
CCOC(=O)c1cc2c(N)c3c(nc2nc1C)CCCC3,24.0,0.0,0.0,1,0,Ki (nM),50913360
COc1ccc2oc(=O)c(C(=O)NCCCCCCNc3c4c(nc5ccccc35)CCCC4)cc2c1,24.0,0.0,0.0,1,0,Ki (nM),50287014
Fc1ccc(Br)cc1CNCCCCCCCCNc1ccnc2cc(Cl)ccc12,24.0,0.0,0.0,1,0,Ki (nM),51631785
Oc1ccccc1[C@@H]1CC(c2c3ccccc3cc3ccccc23)N=N1,24.0,0.0,0.0,1,0,Ki (nM),51042065
COc1ccc([C@@H]2CC(c3c4ccccc4cc4ccccc34)N=N2)cc1,25.0,0.0,0.0,1,0,Ki (nM),51042061
Cc1ccc(S(=O)(=O)SCc2ccc(C(C)C)cc2)cc1,26.0,0.0,0.0,1,0,Ki (nM),51414133
COc1ccc2c(c1)C/C(=C\C1CCN(Cc3ccccc3)CC1)C2=O,29.0,0.0,0.0,1,0,Ki (nM),50502635
c1ccc2c(CCCCCCCCNc3c4c(nc5ccccc35)CCCC4)c3c(nc2c1)CCCC3,30.0,0.0,0.0,1,0,Ki (nM),15312
c1ccc([C@@H]2CC(c3c4ccccc4cc4ccccc34)N=N2)cc1,30.0,0.0,0.0,1,0,Ki (nM),51042066
Fc1ccc(-c2nnc(N3CCN(c4ccccn4)CC3)o2)c(F)c1,30.0,0.0,0.0,1,0,Ki (nM),51350199
Cc1ccc2oc(=O)c(C(=O)NCCCCCCNc3c4c(nc5ccccc35)CCCC4)cc2c1,30.0,0.0,0.0,1,0,Ki (nM),50287013
Clc1ccc([C@@H]2CC(c3c4ccccc4cc4ccccc34)N=N2)cc1,30.0,0.0,0.0,1,0,Ki (nM),51042070
COc1ccc2cc(C(=O)NCCCCCCNc3c4c(nc5ccccc35)CCCC4)c(=O)oc2c1,31.0,0.0,0.0,1,0,Ki (nM),50287015
O=C(/C=N\O)c1ccc(OCC2CCN(Cc3ccccc3)CC2)nc1,31.0,0.0,0.0,1,0,Ki (nM),335099
O=C(NCCCCCNc1c2c(nc3ccccc13)CCCC2)c1cc2ccccc2oc1=O,34.0,0.0,0.0,1,0,Ki (nM),50287052
COc1cc2c(cc1OC)C(=O)/C(=C/C1CCN(Cc3ccccc3)CC1)C2,35.0,0.0,0.0,1,0,Ki (nM),50502632
Cc1ccc2oc(=O)c(C(=O)NCCCCCNc3c4c(nc5ccccc35)CCCC4)cc2c1,36.0,0.0,0.0,1,0,Ki (nM),50287023
Clc1ccc(CNCCCCCCCCNc2ccnc3cc(Cl)ccc23)c(Cl)c1,36.0,0.0,0.0,1,0,Ki (nM),51631790
Cc1cc(=O)oc2cc(OCCCCSC(=S)N3CCCCC3)ccc12,37.0,0.0,0.0,1,0,Ki (nM),51030331
COc1cc2c(cc1OC)C(=O)C(Oc1cccc(C(C)N3CCCCC3)c1)C2,38.0,0.0,0.0,1,0,Ki (nM),51188761
COc1ccc(C2CC(c3ccc(F)cc3)=NN2c2ccc(S(N)(=O)=O)cc2)c(OC)c1,38.0,0.0,0.0,1,0,Ki (nM),51530506
COc1ccc(C2CC(c3ccc(F)cc3)=NN2c2ccc(S(N)(=O)=O)cc2)cc1OC,38.0,0.0,0.0,1,0,Ki (nM),51530507
COc1ccc(C2CC(c3ccccc3)=NN2c2ccc(S(N)(=O)=O)cc2)c(OC)c1,38.0,0.0,0.0,1,0,Ki (nM),51530504
COc1ccc(C2CC(c3ccccc3)=NN2c2ccc(S(N)(=O)=O)cc2)cc1OC,38.0,0.0,0.0,1,0,Ki (nM),51530505
COc1ccc(C2CC(c3ccc(Br)cc3)=NN2c2ccc(S(N)(=O)=O)cc2)c(OC)c1,38.0,0.0,0.0,1,0,Ki (nM),51530510
COc1ccc(C2CC(c3ccc(Br)cc3)=NN2c2ccc(S(N)(=O)=O)cc2)cc1OC,38.0,0.0,0.0,1,0,Ki (nM),51530511
COc1ccc(C2CC(c3ccc(Cl)cc3)=NN2c2ccc(S(N)(=O)=O)cc2)c(OC)c1,38.0,0.0,0.0,1,0,Ki (nM),51530508
COc1ccc(C2CC(c3ccc(Cl)cc3)=NN2c2ccc(S(N)(=O)=O)cc2)cc1OC,38.0,0.0,0.0,1,0,Ki (nM),51530509
COc1ccc2oc(=O)c(C(=O)NCCCCCNc3c4c(nc5ccccc35)CCCC4)cc2c1,39.0,0.0,0.0,1,0,Ki (nM),50287050
COc1cc2oc(C(=O)NCCC3CCN(Cc4ccccc4)CC3)cc(=O)c2cc1OC,39.0,0.0,0.0,1,0,Ki (nM),51144016
Clc1cc(Cl)c2c(NCCCCCCCSc3c4c(nc5ccccc35)CCCC4)c3c(nc2c1)CCCC3,41.0,0.0,0.0,1,0,Ki (nM),17522
c1ccc([C@@H]2CC(c3c4ccccc4cc4ccccc34)N=N2)nc1,41.0,0.0,0.0,1,0,Ki (nM),51042063
O=C(NCCCCCCCNc1c2c(nc3ccccc13)CCCC2)c1cc2ccccc2oc1=O,42.0,0.0,0.0,1,0,Ki (nM),50286998
COc1ccc2cc(C(=O)NCCCCCNc3c4c(nc5ccccc35)CCCC4)c(=O)oc2c1,44.0,0.0,0.0,1,0,Ki (nM),50287051
CC(=O)c1ccccc1NC(=O)c1ccc(OCCCCC[n+]2ccc3ccccc3c2)cc1,45.0,0.0,0.0,1,0,Ki (nM),50961486
CC(=O)c1ccccc1NC(=O)c1ccc(OCCCC[n+]2ccc3ccccc3c2)cc1,46.0,0.0,0.0,1,0,Ki (nM),50961487
CC(=O)c1ccccc1NC(=O)c1ccc(OCCCCCC[n+]2ccccc2)cc1,47.0,0.0,0.0,1,0,Ki (nM),50961482
O=C(CN1CCN(Cc2ccccc2)CC1)Nc1ccc(C(F)(F)F)cc1Cl,47.0,0.0,0.0,1,0,Ki (nM),51188744
COc1ccc2nc3cc(Cl)ccc3c(N)c2c1,49.0,0.0,0.0,1,0,Ki (nM),44784
Cc1c(C)c2c(c(C)c1O)CCC(C)(C(=O)NCCCCCCCCNc1c3c(nc4cc(Cl)ccc14)CCCC3)O2,50.0,0.0,0.0,1,0,Ki (nM),50439103
COc1ccc2oc(=O)c(C(=O)NCCCCCCCNc3c4c(nc5ccccc35)CCCC4)cc2c1,51.0,0.0,0.0,1,0,Ki (nM),50286991
CCc1c2c(nc3ccc(OC(=O)N4CCC(N5CCCCC5)CC4)cc13)-c1cc3c(c(=O)n1C2)COC(=O)[C@]3(O)CC,51.0,0.0,0.0,1,0,Ki (nM),50871586
CC(=O)c1ccccc1NC(=O)c1ccc(OCCCC[n+]2cccc3ccccc32)cc1,53.0,0.0,0.0,1,0,Ki (nM),50961488
COc1ccc(C(=O)NC2CCN(Cc3c(F)cccc3Cl)CC2)cc1OC,55.0,0.0,0.0,1,0,Ki (nM),51188705
COc1ccc2cc(C(=O)NCCCCCCCNc3c4c(nc5ccccc35)CCCC4)c(=O)oc2c1,55.0,0.0,0.0,1,0,Ki (nM),50286995
COc1cc2cc(C(=O)NCCCCCCNc3c4c(nc5ccccc35)CCCC4)c(=O)oc2cc1OC,56.0,0.0,0.0,1,0,Ki (nM),50287005
O=C(NCCC1CCN(Cc2ccccc2)CC1)c1cc(=O)c2ccccc2o1,57.0,0.0,0.0,1,0,Ki (nM),51144040
COc1cc2c(cc1OC)C(=O)C(Cc1cccc(CN3CCCCC3)c1)C2,59.0,0.0,0.0,1,0,Ki (nM),51188706
COc1cc2[nH]c(C(=O)NCCC3CCN(Cc4ccccc4)CC3)cc(=O)c2cc1OC,60.0,0.0,0.0,1,0,Ki (nM),51144012
O=C(NCCCCCCNc1c2c(nc3ccccc13)CCCC2)c1cc2cc(OC(F)(F)F)ccc2oc1=O,60.0,0.0,0.0,1,0,Ki (nM),50287004
NS(=O)(=O)c1ccc(C(=O)n2[nH]c(=O)c3ccc(C(=O)O)cc3c2=O)cc1,61.0,0.0,0.0,1,0,Ki (nM),51257164
NS(=O)(=O)c1ccc(C(=O)n2[nH]c(=O)c3c(F)cccc3c2=O)cc1,61.0,0.0,0.0,1,0,Ki (nM),51257162
NS(=O)(=O)c1ccc(C(=O)n2[nH]c(=O)c3cc([N+](=O)[O-])ccc3c2=O)cc1,61.0,0.0,0.0,1,0,Ki (nM),51257163
CC(CN1CCN(Cc2ccccc2)CC1)N(C(=O)c1cccc([N+](=O)[O-])c1)c1ccccn1,61.0,0.0,0.0,1,0,Ki (nM),51188746
NS(=O)(=O)c1ccc(C(=O)n2[nH]c(=O)c3cc(F)ccc3c2=O)cc1,61.0,0.0,0.0,1,0,Ki (nM),51257143
NS(=O)(=O)c1ccc(C(=O)n2[nH]c(=O)c3c([N+](=O)[O-])cccc3c2=O)cc1,61.0,0.0,0.0,1,0,Ki (nM),51257171
CN(Cc1ccccc1)Cc1ccc(/C=C2\CCc3cc(OCCCCCN4CCCCC4)ccc3C2=O)cc1,61.1,0.0,0.0,1,0,Ki (nM),50553462
Nc1ccc2oc(C(=O)NCCC3CCN(Cc4ccccc4)CC3)cc(=O)c2c1,62.0,0.0,0.0,1,0,Ki (nM),51143961
COc1cc2c(cc1OC)C(=O)/C(=C/c1cccc(CN(C)C)c1)C2,62.0,0.0,0.0,1,0,Ki (nM),51188820
COc1cc2c(cc1OC)C(=O)C(Oc1cccc(CN3CCN(C)CC3)c1)C2,62.0,0.0,0.0,1,0,Ki (nM),51188759
Cc1ccc2oc(=O)c(C(=O)NCCCCCCCNc3c4c(nc5ccccc35)CCCC4)cc2c1,66.0,0.0,0.0,1,0,Ki (nM),50286988
COc1cc2c(cc1OC)C(=O)C(Oc1ccc(CN3CCN(C)CC3)cc1)C2,69.0,0.0,0.0,1,0,Ki (nM),51188757
COc1cc2cc(C(=O)NCCCCCNc3c4c(nc5ccccc35)CCCC4)c(=O)oc2cc1OC,70.0,0.0,0.0,1,0,Ki (nM),50287022
FC(F)(F)c1ccc2c(NCCCCCCCCNc3cc4ccccc4s3)ccnc2c1,70.0,0.0,0.0,1,0,Ki (nM),51631764
FC(F)(F)c1ccc2c(NCCCCCCCCNc3ccc(Cl)cc3)ccnc2c1,70.0,0.0,0.0,1,0,Ki (nM),51631759
COc1cc2c(cc1OC)C(=O)/C(=C/c1cccc(CN3CCCCC3)c1)C2,71.0,0.0,0.0,1,0,Ki (nM),51188845
COc1cc2c(cc1OC)C(=O)C(Cc1ccc(CN3CCCCC3)cc1)C2,74.0,0.0,0.0,1,0,Ki (nM),51188817
Clc1ccc2c(NCCCCCCCCNC34CC5CC(CC(C5)C3)C4)ccnc2c1,75.0,0.0,0.0,1,0,Ki (nM),51655617
