smiles,bindingdb_id,exp_mean [nM],class
COc1ccc(C(C)NS(N)(=O)=O)cc1OC,50352562,0.005,True
COc1ccc(C(C)NS(=O)(=O)NC(=O)OCc2ccccc2)cc1,50352536,0.005,True
COc1ccc(C(C)NS(=O)(=O)NC(=O)OCc2ccccc2)cc1OC,50352538,0.005,True
COc1ccc(OC)c(C(C)NS(N)(=O)=O)c1,50352552,0.006,True
COc1ccccc1C(C)NS(=O)(=O)NC(=O)OCc1ccccc1,50352539,0.006,True
COc1ccc(C(C)NS(N)(=O)=O)cc1,50352559,0.006,True
COc1cccc(OC)c1C(C)NS(N)(=O)=O,50352556,0.008,True
COc1cccc(OC)c1C(C)NS(=O)(=O)NC(=O)OCc1ccccc1,50352564,0.011,True
CN(CCCCNc1c2c(nc3ccccc13)CCCC2)CCCNc1c2c(nc3ccccc13)CCCC2,50077151;50871617,0.012,True
CC[N+](CC)(CCCCCn1c(C)cc(=O)n(CCCCC[N+](CC)(CC)Cc2ccccc2)c1=O)Cc1ccccc1,51553657;51553658,0.081,True
COc1ccc(OC)c(C(C)NS(=O)(=O)NC(=O)OCc2ccccc2)c1,50352569,0.023,True
CCC1=C[C@@H]2Cc3nc4cc(Cl)ccc4c(N)c3[C@H](C1)C2,17713;248227,0.026,True
CCC1=CC2Cc3nc4cc(Cl)ccc4c(N)c3[C@@H](C1)C2,50811196;50871666,0.348,True
CC1=CC2Cc3nc4cc(Cl)ccc4c(N)c3C(C1)C2,50840667,0.033,True
COc1ccccc1C(C)NS(N)(=O)=O,50352567,0.038,True
C[Si](C)(C)c1cccc(C(=O)C(F)(F)F)c1,51655731,0.047,True
CN(CCCNc1c2c(nc3ccccc13)CCCC2)CCCNc1c2c(nc3ccccc13)CCCC2,15304;50871625,0.3,True
C=CCN(CCCCNc1c2c(nc3ccccc13)CCCC2)CCCNc1c2c(nc3ccccc13)CCCC2,50871623,0.085,True
COc1ccccc1CN(C)CCCCCC(=O)N(C)CCCCCCCCN(C)C(=O)CCCCCN(C)Cc1ccccc1OC,50225822;50289509;50828045,104.0,False
OCCN(CCCCNc1c2c(nc3ccccc13)CCCC2)CCCNc1c2c(nc3ccccc13)CCCC2,50871615,0.119,True
CC[N+](CC)(CCNC(=O)C(=O)NCC[N+](CC)(CC)Cc1ccccc1Cl)Cc1ccccc1Cl,248237;50630029;50630035,3.706666666666667,True
COc1cc2c(cc1O)CCC(C)(CCNCCCCCCCCNc1c3c(nc4cc(Cl)ccc14)CCCC3)O2,51386491;51386492,0.195,True
c1ccc2c(NCCCN3CCN(CCCNc4c5c(nc6ccccc46)CCCC5)CC3)c3c(nc2c1)CCCC3,50871614,0.136,True
CC[N+](CC)(CCCCCn1c(=O)cc(C)n(CCCCCCn2c(C)cc(=O)n(C)c2=O)c1=O)Cc1ccccc1C(F)(F)F,51553672;51553673,0.29,True
CCN(CCCCNc1c2c(nc3ccccc13)CCCC2)CCCNc1c2c(nc3ccccc13)CCCC2,50871616,0.162,True
CC(=O)N(CCCCNc1c2c(nc3ccccc13)CCCC2)CCCNc1c2c(nc3ccccc13)CCCC2,50871618,0.223,True
Nc1cccc2c(NCCCCCCCCNc3c4c(nc5ccccc35)CCCC4)c3c(nc12)CCCC3,50077149,0.23,True
O=C(CCCCC1CCSS1)NCCCNc1c2c(nc3cc(Cl)ccc13)CCCC2,17498,155.0,False
COc1cc2c(c(OC)c1)CC(NC(=O)OCc1ccccc1)C2,51506262,0.261,True
COc1cccc2c1CCC(NC(=O)OCc1ccccc1)C2,51506342,0.264,True
CN(CCC(=O)N1CCN(CCNc2c3c(nc4ccccc24)CCCC3)CC1)C1CCCCC1,50949139;50949147,0.349,True
O=C(NCCCCCNc1c2c(nc3ccccc13)CCCC2)c1cc2cc(OC(F)(F)F)ccc2oc1=O,50287021,76.0,True
O=C(NCCCCCCCNc1c2c(nc3ccccc13)CCCC2)c1cc2cc(OC(F)(F)F)ccc2oc1=O,50286984,78.0,True
NS(=O)(=O)c1ccc(NCc2cccc(Br)c2O)cc1,51475819,78.0,True
COc1cc2c(cc1OC)C(=O)C(Oc1cccc(C(C)N3CCN(C)CC3)c1)C2,51188758,78.0,True
CCN(CCC(=O)NCCCNc1c2c(nc3ccccc13)CCCC2)C1CCCCC1,50287094;50287101,79.5,True
CC(=O)c1ccccc1NC(=O)c1ccc(OCCCCC[n+]2ccccc2)cc1,50961483,81.0,True
NS(=O)(=O)c1ccc(N2N=C(c3cccs3)CC2c2ccc(Br)cc2)cc1,51458872,81.0,True
COc1cccc2c1C=[N+](c1ccc(Br)cc1)CC2,51398036,88.6,True
CC(C)(C)c1cc[n+](CCCCCCCC[n+]2ccc(C(C)(C)C)cc2)cc1,50919601,90.0,True
COc1cc2cc(C(=O)NCCCCCCCNc3c4c(nc5ccccc35)CCCC4)c(=O)oc2cc1OC,50286987,91.0,True
COc1cc2cc(NC(=O)[C@H]3CCC[C@@H](NCc4ccccc4)C3)c(=O)oc2cc1OC,51336044;51336045,93.2,True
O=C(NC1CCN(Cc2ccccc2)CC1)c1ccc2c(c1)OCCCO2,51188743,95.0,True
COc1cc2c(cc1OC)C(=O)/C(=C/c1ccc(CN3CCCCC3)cc1)C2,51188752,95.0,True
c1ccc2c(NCCCCCCSc3c4c(nc5ccccc35)CCCC4)c3c(nc2c1)CCCC3,17524,100.0,False
CCCCCCCNC(=O)Oc1ccc2c(c1)[C@]1(C)CCN(C)[C@@H]1N2C,51506183,100.0,False
CC(C)(C)c1cc[n+](/C=C2\C=CC3=CC/C(=C\[n+]4ccc(C(C)(C)C)cc4)C=C3C2)cc1,50919602,100.0,False
FC(F)(F)c1ccc(CNC2CCN(Cc3ccccc3)CC2)cc1,51322853,100.0,False
COc1cc2c(cc1OC)C(=O)C(Oc1ccc(C(C)N3CCCCC3)cc1)C2,51188760,106.0,False
CN(C)c1ccc2nc3ccc(=[N+](C)C)cc-3sc2c1,248230,110.0,False
Fc1cc(Br)ccc1CNCCCCCCCCNc1ccnc2cc(Cl)ccc12,51631787,110.0,False
COc1cc2c(cc1OC)C(=O)C(Oc1cccc(C(C)N3CCOCC3)c1)C2,51188718,118.0,False
Clc1cc(Cl)c2c(SCCCCCCNc3c4c(nc5ccccc35)CCCC4)c3c(nc2c1)CCCC3,17523,120.0,False
c1ccc(CN2CCC(CCNc3cc4c(nn3)-c3ccccc3CCCC4)CC2)cc1,51428871,120.0,False
Cc1cc(F)c(CNCCCCCCCCNc2ccnc3cc(Cl)ccc23)cc1F,51631789,120.0,False
CC(C)(C)OC(=O)Nc1ccc(O)c(C(=O)NCCCN2CCCCC2)c1,51506318,120.0,False
O=C1CC2CCc3ccsc3C2=NN1CCN1CCN(Cc2ccccc2)CC1,51526341,123.0,False
O=C(NCCc1c[nH]c2ccccc12)c1ccc(OCCCC[n+]2cccc3ccccc32)cc1,50961489,124.0,False
COc1cc2c(cc1OC)C(=O)/C(=C/c1cccc(CN3CCCC3)c1)C2,51188753,127.0,False
Cc1ccc2oc(-c3ccc(OCCCCCCN4CCCCC4)cc3)cc(=O)c2c1,51271859;51271860,129.0,False
CCCCNC(=O)OCCCCCCCCCCCCCCCCO,50294858,130.0,False
CC(C)(C)OC(=O)N[C@@H](Cc1c[nH]c2ccccc12)C(=O)NCCNc1c2c(nc3ccccc13)CCCC2,50431864,130.0,False
CSc1cccc(/N=C2\NC(=O)C(CC(=O)Nc3ccc(F)c(F)c3)S2)c1,51188742,130.0,False
COc1cc2c(cc1OC)C(=O)C(Oc1cccc(C(C)N3CCCC3)c1)C2,51188822,138.0,False
c1cc[n+](Cc2ccc3ccc(C[n+]4ccccc4)cc3c2)cc1,50564487;50564488,140.0,False
O=[N+]([O-])c1ccc(NCCCCCCCCNc2ccnc3cc(C(F)(F)F)ccc23)cc1,51631750,140.0,False
CO[P@]1(=O)OC[C@H]2COC(=O)C2=C(C)O1,51215280,140.0,False
Nc1c2c(nc3c1C(c1cccc(Br)c1)NC(=S)N3)CCCC2,51102542,147.0,False
Cc1ccc(S(=O)(=O)SCc2ccc(C(F)(F)F)cc2)cc1,51414130,148.0,False
CCCCNC(=O)OCCCCCCCCOC(=O)NCCCC,50294857,150.0,False
Clc1cc(Cl)c2c(NCCCCCCCNc3c4c(nc5cc(Cl)cc(Cl)c35)CCCC4)c3c(nc2c1)CCCC3,17517,150.0,False
Fc1cc(C(F)(F)F)ccc1CNCCCCCCCCNc1ccnc2cc(Cl)ccc12,51631788,150.0,False
Cc1ccc(S(=O)(=O)SCc2ccc(C(C)(C)C)cc2)cc1,51414134,157.0,False
CC(C)(C)c1ccc(NCCCCCCCCNc2ccnc3cc(C(F)(F)F)ccc23)cc1,51631749,160.0,False
CCCCNC(=O)OCCCCCCCCCCCCCCOC(=O)NCCCC,50294856,160.0,False
CCCCNC(=O)OCCCCCCCCCCOC(=O)NCCCC,50294852,160.0,False
CCCCNC(=O)OCCCCCCCCCCCCOC(=O)NCCCC,50294849,160.0,False
COc1cc2c(cc1OC)C(=O)C(Cc1ccc(CN(C)C)cc1)C2,51188836,161.0,False
O=C1C(Cl)=C(Cl)C(=O)C(Cl)=C1Cl,41258,163.0,False
Cc1ccc(S(=O)(=O)SCc2ccc(C#N)cc2)cc1,51414129,166.0,False
c1cnc(Nc2nnc(-c3cccc4ccccc34)o2)nc1,51368495,170.0,False
CCCCNC(=O)OCCCCCCCCCCCCCCCCOC(=O)NCCCC,50294851,170.0,False
CC1CCCCN1CCCNC(=O)c1cc(NC(=O)OC(C)(C)C)ccc1O,51506319,170.0,False
Cc1ccc(NC(=O)c2cc(=O)c3cc(/C=C/C(=O)OCCN(C)C)ccc3o2)cc1,51140786,190.0,False
c1ccc2c(NCCCCCCCCCSc3c4c(nc5ccccc35)CCCC4)c3c(nc2c1)CCCC3,15311,195.0,False
COc1cc2c(cc1OC)C(=O)/C(=C/c1ccc(CN3CCCC3)cc1)C2,51188847,198.0,False
Cc1ccc(S(=O)(=O)SCc2ccc(OC(F)(F)F)cc2)cc1,51414131,198.0,False
C[N+](C)=c1ccn(CCCCOc2ccc(C(=O)NCCc3c[nH]c4ccccc34)cc2)cc1,50961490,198.0,False
CCCCNC(=O)OCCCCCCCCCCO,50294847,200.0,False
FC(F)(F)c1ccc2c(NCCCCCCCCNC3NCCN3)ccnc2c1,51631751,200.0,False
CCCCNC(=O)OCCCCCCCCCCCCCCO,50294848,200.0,False
COc1cc2c(cc1OC)C(=O)C(Oc1ccc(CN(C)C)cc1)C2,51188765,209.0,False
Nc1c2c(nc3ccccc13)-c1ccccc1C2,15540,210.0,False
c1ccc2c(NCCCCCNc3c4c(nc5ccccc35)CCCC4)c3c(nc2c1)CCCC3,15301,210.0,False
COc1ccc2cc(C(=O)NCCC3CCN(Cc4ccccc4)CC3)ccc2c1,51375817,210.0,False
COc1cc2c(cc1OC)C(=O)C(Oc1ccc(C(C)N3CCOCC3)cc1)C2,51188821,217.0,False
COc1ccc(CSS(=O)(=O)c2ccc(C)cc2)cc1,51414132,219.0,False
NS(=O)(=O)c1cccc(NC(=S)N/N=C2\C(=O)N(Cc3ccccc3)c3ccc([N+](=O)[O-])cc32)c1,51555769,220.0,False
COc1cc2c(cc1OC)C(=O)C(Oc1ccc(C(C)N3CCN(C)CC3)cc1)C2,51188823,228.0,False
COc1ccc(CN2CCCCC2COc2ccc(C(=O)/C=N\O)cn2)cc1OC,335097,233.0,False
CCN(C)Cc1cccc(/C=C2\Cc3cc(OC)c(OC)cc3C2=O)c1,51188709,236.0,False
CCN(CC)Cc1cccc(/C=C2\Cc3cc(OC)c(OC)cc3C2=O)c1,51188819,237.0,False
O=C(Nc1ccc(OC(F)(F)F)cc1)N1CCCN(CCc2ccccc2)CC1,51188846,241.0,False
CCCCNC(=O)OCCCCCOC(=O)NCCCC,50294855,250.0,False
c1ccc2c(NCCCCCCCCSc3c4c(nc5ccccc35)CCCC4)c3c(nc2c1)CCCC3,50077152;50431876;50871626,27.933333333333334,True
Cc1ccc(S(=O)(=O)SCc2ccc([N+](=O)[O-])cc2)cc1,51414128,251.0,False
COc1cc2c(cc1OC)C(=O)C(Oc1ccc(CN3CCCC3)cc1)C2,51188704,257.0,False
COc1cc2cc(C(=O)NCCC3CCN(Cc4ccccc4)CC3)[nH]c2cc1OC,51579974,260.0,False
COc1ccc2c(c1)C(=O)/C(=C/C1CCN(Cc3ccccc3)CC1)C2,50502633,260.0,False
Fc1ccc(F)c(CN(CCCCCCCCNc2ccnc3cc(Cl)ccc23)c2cc(F)ccc2F)c1,51631791,260.0,False
O=[N+]([O-])c1ccc(OCC(O)CN2CCCN(c3nc4ccc(Cl)cc4s3)CC2)cc1,51188747,263.0,False
COc1cc2c(cc1OC)C(=O)C(Oc1cccc(CN3CCCCC3)c1)C2,51188721,266.0,False
N[C@@H](Cc1c[nH]c2ccccc12)C(=O)NCCNc1c2c(nc3ccccc13)CCCC2,50431866,280.0,False
Clc1cc(Cl)c2c(SCCCCCCCNc3c4c(nc5ccccc35)CCCC4)c3c(nc2c1)CCCC3,17521,290.0,False
CCCCNC(=O)OCCCCCCCCCCCCO,50294845,300.0,False
O=C1C=Cc2ccccc2C1=O,41692,320.0,False
Cc1ccc(S(=O)(=O)SCc2ccc(F)cc2)cc1,51414126,327.0,False
c1ccc2c(NCCCCCCCSc3c4c(nc5ccccc35)CCCC4)c3c(nc2c1)CCCC3,15309;17520,340.0,False
CC(=O)O[C@H]1[C@H]2c3cc4c(cc3CN3CCC(=C[C@@H]1O[Si](C)(C)C(C)(C)C)[C@H]23)OCO4,50592217,340.0,False
O=C1/C(=C/C2CCN(Cc3ccccc3)CC2)Cc2cccc(O)c21,50502630,355.0,False
CCCCNC(=O)OCCOC(=O)NCCCC,50294854,360.0,False
CCCCNC(=O)OCCCCCCCCO,50294853,360.0,False
CC(C)(C)[Si](C)(C)O[C@H]1C=C2CCN3Cc4cc5c(cc4[C@H]([C@@H]1OC(=O)c1ccccc1)[C@@H]23)OCO5,50592219,390.0,False
Cc1ccc(S(=O)(=O)SCc2ccccc2)cc1,51414125,390.0,False
CCN(CCCCOc1ccc(-c2cc(=O)c3c(O)cc(OCCCCN(CC)Cc4ccccc4)cc3o2)cc1)Cc1ccccc1,51396796,394.0,False
c1cc[n+](CCCCCCCCCC[n+]2cccc3ccccc32)cc1,50077033;50077038,400.0,False
COc1cc2c(cc1OC)C(=O)C(Oc1cccc(C(C)N(C)C)c1)C2,51188727,400.0,False
COc1cc2c(cc1OC)C(=O)C(Oc1ccc(CN3CCCCC3)cc1)C2,51188702,403.0,False
COc1cc2c(cc1OC)C(=O)C(Oc1ccc(C(C)N3CCCC3)cc1)C2,51188762,403.0,False
CC(=O)O[C@H]1[C@H]2c3cc4c(cc3CN3CCC(=C[C@@H]1O)[C@H]23)OCO4,50592218,430.0,False
CCN(CC)Cc1ccc(/C=C2\Cc3cc(OC)c(OC)cc3C2=O)cc1,51188754,453.0,False
CCOc1ccc2nc3cc(N)ccc3c(N)c2c1,44783,490.0,False
COc1cc2c(cc1OC)C(=O)C(=Cc1ccc(N3CC[N+](C)(Cc4ccccc4)CC3)cc1)C2,51396717,500.0,False
COc1cc2c(cc1OC)C(=O)C(Oc1cccc(CN3CCCC3)c1)C2,51188824,505.0,False
CCN(C)Cc1cccc(CC2Cc3cc(OC)c(OC)cc3C2=O)c1,51188751,507.0,False
COc1cc2c(cc1OC)C(=O)C(Oc1ccc(CN3CCOCC3)cc1)C2,51188703,514.0,False
CN(C)C(=O)Oc1cccc(C(=O)/C=C/c2ccc(O)cc2)c1,50533637,520.0,False
Cc1cc(Cl)cc2c1N(C)C(=O)/C2=N\NC(=S)Nc1cccc(S(N)(=O)=O)c1,51555768,520.0,False
CC(C)(C)c1ccc(/C(N)=N/OC(=O)c2cnn(-c3ccc([N+](=O)[O-])cc3)c2C(F)(F)F)cc1,51188816,521.0,False
COc1cc2c(cc1OC)C(=O)C(Cc1cccc(CN(C)C)c1)C2,51188707,525.0,False
FC(F)(F)c1ccc2c(NCCCCCCCCNc3cc4ccccc4o3)ccnc2c1,51631760,540.0,False
O=C(O[C@H]1[C@H]2c3cc4c(cc3CN3CCC(=C[C@@H]1O)[C@H]23)OCO4)c1ccccc1,50592220,540.0,False
COc1cc2c(cc1OC)C(=O)C(Oc1ccc(C(C)N(C)C)cc1)C2,51188837,543.0,False
COc1cccc(CN2CCC(/C=C3\Cc4cc(OC)ccc4C3=O)CC2)c1,50502636,554.0,False
O=C(/C=N/O)NCCCCCCNc1c2c(nc3ccccc13)CCCC2,50089052,588.0,False
COc1cc2c(cc1OC)C(=O)/C(=C/c1ccc(CN(C)C)cc1)C2,51188756,617.0,False
O=C(NCCN1CCCCC1)N1c2ccccc2Sc2ccccc21,50553668,620.0,False
c1ccc2c(NCCCCSc3c4c(nc5ccccc35)CCCC4)c3c(nc2c1)CCCC3,17525,650.0,False
Fc1cc(C(F)(F)F)ccc1CN(CCCCCCCCNc1ccnc2cc(Cl)ccc12)c1ccc(C(F)(F)F)cc1F,51631792,700.0,False
CCN(C)C(=O)Oc1cccc([C@H](C)N(C)C)c1,51510777,700.0,False
Cc1ccc(S(=O)(=O)SCc2ccc(Cl)cc2)cc1,51414127,714.0,False
Clc1ccc2c(NCCCNCC34CC5CC(CC(C5)C3)C4)ccnc2c1,51655616,770.0,False
COc1cc2c(cc1OC)C(=O)C(Cc1ccc(CN3CCCC3)cc1)C2,51188748,773.0,False
COc1cc2c(cc1OC)C(=O)C(Oc1cccc(CN3CCOCC3)c1)C2,51188848,793.0,False
O=C1C(=O)c2cc([N+](=O)[O-])ccc2-c2ccccc21,41699,850.0,False
CC(C)(C)[Si](C)(C)O[C@H]1C=C2CCN3Cc4cc5c(cc4[C@H]([C@@H]1O)[C@@H]23)OCO5,50592216,860.0,False
CCN(CC)C(C)c1cccc(OC2Cc3cc(OC)c(OC)cc3C2=O)c1,51188825,865.0,False
COc1cccc(C2c3ccc4cccnc4c3Oc3nc4c(c(N)c32)CCCC4)c1,50712917,870.0,False
COc1cc(NCc2ccc(Oc3c(N)cccc3Cl)cc2)cc(OC)c1OC,51253596,879.0,False
COc1ccccc1CN(C)CCCN(C)CCCNCCCn1c2cc(=N)ccc-2c2ccc(N)cc2c1-c1ccccc1,50828050,894.0,False
O=C(Cc1sc(Nc2ccc(C3CCCCC3)cc2)nc1O)Nc1ccc(OC(F)(F)F)cc1,51188741,897.0,False
O=C1C(=O)c2ccc([N+](=O)[O-])c3c([N+](=O)[O-])ccc1c23,41695,903.0,False
CCN(C)Cc1ccc(CC2Cc3cc(OC)c(OC)cc3C2=O)cc1,51188717,918.0,False
CCN(C)Cc1ccc(/C=C2\Cc3cc(OC)c(OC)cc3C2=O)cc1,51188755,920.0,False
COc1ccc2[nH]cc(C(=O)NCCC3CCN(Cc4ccccc4)CC3)c2c1,51579975,930.0,False
O=C1C=CC(=O)C=C1,41255,955.0,False
CC(=O)O[C@H]1C=C2CCN3Cc4cc5c(cc4[C@H]([C@@H]1OC(=O)c1ccccc1)[C@@H]23)OCO5,50592221,970.0,False
O=C1/C(=C/C2CCN(Cc3ccccc3)CC2)Cc2cc3c(cc21)OCO3,50502624,980.0,False
COc1cc2c(cc1OC)C(=O)C(=Cc1ccc(N3CC[N+](C)(Cc4cccc(Cl)c4)CC3)cc1)C2,51396720,1000.0,False
O=C(Nc1ccccc1)OC1CN2CCC1CC2,51506352,1000.0,False
CCN(CC)CCNC(=O)c1ccc(N)cc1,50048005;50048013,1000.0,False
COc1cc2c(cc1OC)C(=O)C(Oc1cccc(CN(C)C)c1)C2,51188841,1004.0,False
CCN(CC)Cc1ccc(CC2Cc3cc(OC)c(OC)cc3C2=O)cc1,51188750,1040.0,False
O=c1oc2ccccc2cc1-c1csc(N=NCc2cccc(Br)c2)n1,200769,1050.0,False
CC(=O)/C(=N\O)C(=O)Nc1cnc2c(c1)CC(N(C)CCc1ccccc1)CC2,335096,1108.0,False
CCCC[C@@H](O)/C=C/C=C/C(=O)O,50350065,1170.0,False
COc1ccc(CN=Nc2nc(-c3cc4ccccc4oc3=O)cs2)cc1,200765,1250.0,False
CCN(CC)C(C)c1ccc(OC2Cc3cc(OC)c(OC)cc3C2=O)cc1,51188763,1330.0,False
CCN(CC)Cc1ccc(OC2Cc3cc(OC)c(OC)cc3C2=O)cc1,51188764,1340.0,False
CC(C)(C)c1cc(/C=C/C(=O)NCCC2CCN(Cc3ccccc3F)CC2)cc(C(C)(C)C)c1O,51144772,1400.0,False
CCCCNC(=O)OCCCCCO,50294850,1400.0,False
O=C(NCCc1c[nH]c2ccccc12)c1ccc(OCCCCn2c3ccccc3c3ccccc32)cc1,50961495,1437.0,False
O=C(/C=N/O)NCCCCNc1c2c(nc3ccccc13)CCCC2,50089049,1492.0,False
CCCCNC(=O)OCCO,50294846,1500.0,False
CC(=O)N(CCCNc1c2c(nc3ccccc13)CCCC2)CCCNc1c2c(nc3ccccc13)CCCC2,15308,1500.0,False
COc1cc(CN=Nc2nc(-c3cc4ccccc4oc3=O)cs2)cc(OC)c1O,200774,1550.0,False
CCN(CC)Cc1cccc(OC2Cc3cc(OC)c(OC)cc3C2=O)c1,51188710,1590.0,False
Clc1ccc2c(NCCNC34CC5CC(CC(C5)C3)C4)ccnc2c1,51655618,1600.0,False
O=c1oc2ccccc2cc1-c1csc(N=NCc2ccc(Cl)cc2)n1,200768,1620.0,False
O=C1C(=O)C(Cl)=C(Cl)C(Cl)=C1Cl,41257,1670.0,False
O=c1oc2ccccc2cc1-c1csc(N=NCc2ccc([N+](=O)[O-])cc2)n1,200771,1810.0,False
COc1cccc2c1C(=O)/C(=C/C1CCN(Cc3ccccc3)CC1)C2,50502634,1835.0,False
CC(CCNCCC12CC3CC(CC(C3)C1)C2)Nc1ccnc2cc(Cl)ccc12,51655619,1900.0,False
N[C@@H](Cc1ccccc1)C(=O)NCC(=O)Nc1c2c(nc3ccccc13)CCCC2,50431848,1908.0,False
O=C1/C(=C/C2CCN(Cc3ccccc3)CC2)Cc2cc(O)ccc21,50502631,1980.0,False
CN(CCCC(F)F)Cc1ccc(COc2ccc3c(CO)cc(=O)oc3c2)cc1,51451310,2000.0,False
CCOC(=O)C1=C(Nc2ccc(F)cc2)CC(c2ccc(F)cc2)N(c2ccc(F)cc2)C1c1ccc(F)cc1,51606003,2050.0,False
N/C(=N\OC(=O)c1cnn(-c2ccc([N+](=O)[O-])cc2)c1C(F)(F)F)c1ccc(C(F)(F)F)cc1,51188720,2070.0,False
N[C@@H](Cc1c[nH]c2ccccc12)C(=O)NCC(=O)Nc1c2c(nc3ccccc13)CCCC2,50431856,2214.0,False
COc1ccc(-c2cc3c(c(=O)o2)C[C@@]2(O)[C@@]4(C)CCC(=O)OC(C)(C)[C@@]4(O)CC[C@@]2(C)O3)cc1,50289963,2300.0,False
N/C(=N\OC(=O)c1cnn(-c2ccc([N+](=O)[O-])cc2)c1C(F)(F)F)c1ccc(Cl)cc1,51188745,2350.0,False
O=c1oc2ccccc2cc1-c1csc(N=NCc2ccc(Br)cc2)n1,200770,2470.0,False
CC(=O)O[C@H]1CC[C@@]2(C)[C@@H](CC[C@@]3(C)C[C@@]4(O)CC[C@H]5C(C)(C)[C@@H](OC(C)=O)CC[C@]5(C)[C@H]4CC[C@@H]32)C1(C)C,50350061,2490.0,False
C[n+]1c2ccccc2c(-c2ccc(N)cc2)c2ccccc21,50856234,2660.0,False
COc1cc2c(cc1O)C(=O)/C(=C/C1CCN(Cc3ccccc3)CC1)C2,50502627,2822.0,False
COc1cc2c(cc1O)C/C(=C\C1CCN(Cc3ccccc3)CC1)C2=O,50502628,2822.0,False
O=c1c(Cl)c(N2CCN(c3ccc(C(F)(F)F)cn3)CC2)cnn1-c1c(Cl)cc(C(F)(F)F)cc1Cl,51188832,2870.0,False
N#C/C(=N\O)C(=O)NCCCNc1c2c(nc3ccccc13)CCCC2,50089051,3077.0,False
O=c1oc2ccccc2cc1-c1csc(N=NCc2cccc(Cl)c2)n1,200767,3090.0,False
CC(C)=CCC/C(C)=C/Cc1cc(-c2cc(=O)c3c(O)cc(O)cc3o2)c(O)cc1O,51189277,3100.0,False
COc1cc(O)c(C2CC(=O)c3c(O)cc(O)cc3O2)cc1C/C=C(\C)CCC=C(C)C,51189263,3100.0,False
CC(C)=CC1Oc2cc(O)ccc2-c2oc3c4c(cc(O)c3c(=O)c21)OC(C)(C)C=C4,51189262,3100.0,False
COc1cccc2c1CCC(NS(=O)(=O)N(C)C)C2,50489455,0.45,True
COc1ccc2cc3[n+](cc2c1OCc1ccc(C(F)(F)F)cc1)CCc1cc2c(cc1-3)OCO2,51374496,0.456,True
OCCN(CCCNc1c2c(nc3ccccc13)CCCC2)CCCNc1c2c(nc3ccccc13)CCCC2,15307,0.65,True
COc1ccc2c(c1)CCC(NC(=O)N(C)C)C2,50489532,0.67,True
COc1cc(CNC(=O)CCCCCCNc2c3c(nc4cc(Cl)ccc24)CC2C=C(C)CC3C2)ccc1O,51377536;51377537,0.81,True
CN(C)S(=O)(=O)NC1CCc2ccc(O)cc2C1,50489463,0.72,True
c1ccc2oc(CNCCCCCCCNc3c4c(nc5ccccc35)CCCC4)cc2c1,50452606;50452607,0.86,True
c1cc(CCNc2c3c(nc4ccccc24)CCCC3)nc(CCNc2c3c(nc4ccccc24)CCCC3)c1,50871612,0.768,True
O=[N+]([O-])c1cccc2c(NCCCCCCCCNc3c4c(nc5ccccc35)CCCC4)c3c(nc12)CCCC3,50077150,0.78,True
COc1ccc2c(c1)CC(NS(=O)(=O)N(C)C)CC2,50489457,0.83,True
COc1cccc2c1CC[C@H](NC(=O)N(C)C)C2,50489531,0.98,True
Nc1c2c(nc3cc(Cl)cc(Cl)c13)CCCC2,17515,1.0,True
Clc1ccc2c(NCCCCCCCNc3c4c(nc5ccccc35)-c3ccccc3C4)c3c(nc2c1)CCCC3,50175745,1.0,True
COc1ccc2c(c1)CCC(NS(=O)(=O)N(C)C)C2,50489456,1.1,True
COc1ccc2c(c1)C[C@@H](NC(=O)N(C)C)CC2,50489533,1.1,True
CN(C)S(=O)(=O)N[C@H]1CCc2cc(O)ccc2C1,50489462,1.2,True
CN(C)C(=O)NC1CCc2cc(O)ccc2C1,50489459,1.3,True
c1ccc2c(NCCCCCCCNc3c4c(nc5ccccc35)CCCC4)c3c(nc2c1)CCCC3,15302;17516,1.3,True
CN(C)S(=O)(=O)NC1CCc2c(O)cccc2C1,50489461,1.3,True
CCN(CCC(=O)N1CCN(CCNc2c3c(nc4ccccc24)CCCC3)CC1)C1CCCCC1,50949138;50949146,2.54,True
N=c1ccc2c3ccc(N)cc3c(-c3ccccc3)n(CCCNCCCNCCCNc3c4c(nc5ccccc35)CCCC4)c-2c1,50828053,1.49,True
CC1=C[C@@H]2Cc3nc4cc(Cl)ccc4c(NCCCCCCCNc4c5c(nc6cc(Cl)ccc46)CCCC5)c3[C@H](C1)C2,50214923,1.5,True
CN(CCCCNc1c2c(nc3c(NC(=O)CNC(=O)CC[C@H](NC(=O)CNC(=O)OCc4ccccc4)C(=O)N[C@@H](Cc4ccccc4)C(=O)OCc4ccccc4)cccc13)CCCC2)CCCNc1c2c(nc3ccccc13)CCCC2,50077146,1.5,True
CN(C)C(=O)N[C@H]1CCc2c(O)cccc2C1,50489458,1.6,True
C=CCN(CCCNc1c2c(nc3ccccc13)CCCC2)CCCNc1c2c(nc3ccccc13)CCCC2,15306,1.6,True
COc1ccc(Cn2cc(C(=O)NCCCNc3c4c(nc5cc(Cl)ccc35)CCCC4)c(=O)c3ccccc32)cc1,51057699;51058870,2.45,True
c1ccc2c(NCCc3ccc(CCNc4c5c(nc6ccccc46)CCCC5)cc3)c3c(nc2c1)CCCC3,50871606,1.63,True
CC(C)=CCc1c(-c2ccc(O)cc2O)oc2c(CC=C(C)C)c(O)cc(O)c2c1=O,51189285,3100.0,False
CC1(C)C=Cc2c(cc(O)c3c(=O)c4c(oc23)-c2ccc(O)cc2OC(C(C)(C)O)C4)O1,51189287,3100.0,False
CC(C)=CCC/C(C)=C/Cc1cc(C2CC(=O)c3c(O)cc(O)cc3O2)c(O)cc1O,51189280,3100.0,False
CC(C)=CCc1c(-c2ccc(O)cc2O)oc2c3c(cc(O)c2c1=O)OC(C)(C)C=C3,51189250,3100.0,False
COc1cc(O)c(-c2cc(=O)c3c(O)cc(O)cc3o2)cc1C/C=C(\C)CCC=C(C)C,51189266,3100.0,False
CC(C)(O)CCc1c(-c2ccc(O)cc2O)oc2c3c(cc(O)c2c1=O)OC(C)(C)C=C3,51189282,3100.0,False
CC(C)(C)c1cc(/C=C/C(=O)NCCC2CCN(Cc3ccccc3)CC2)cc(C(C)(C)C)c1O,51144807,3200.0,False
O=C1C(=O)N(Cc2ccc(Cc3ccc(CN4C(=O)C(=O)c5ccccc54)cc3)cc2)c2ccccc21,41643,3280.0,False
CN[C@@H](Cc1c[nH]c2ccccc12)C(=O)NCC(=O)Nc1c2c(nc3ccccc13)CCCC2,50431858,3330.0,False
CN1c2ccccc2C(n2cncn2)c2ccccc21,50856209,3340.0,False
CCN(CC)C(=O)OC1C[N+]2(C)CCC1CC2,51506351,3500.0,False
CN1c2ccccc2C(N2CCSCC2)c2ccccc21,50856359,3750.0,False
Clc1ccc2c(Nc3cccc4c(NCCC56CC7CC(CC(C7)C5)C6)cccc34)ccnc2c1,51655620,3800.0,False
COc1cccc(C2NC(=S)Nc3nc4c(c(N)c32)CCCC4)c1,51102558,3880.0,False
CN1c2ccccc2C(N2CCOCC2)c2ccccc21,50856217,4010.0,False
O=C(CNC(=O)[C@@H]1Cc2ccccc2CN1)Nc1c2c(nc3ccccc13)CCCC2,50431854,4130.0,False
O=C1/C(=C/C2CCN(Cc3ccccc3)CC2)Cc2ccc(O)cc21,50502629,4224.0,False
O=C(CCCCCCCCc1ccc(O)cc1)c1c(O)cccc1O,50502665,4330.0,False
COCC1=C=C(c2ccc(OC)cc2)c2cc(OC)c(OC)cc2CCN(C)C=C1C(=O)OC,51340262,4900.0,False
O=c1oc2ccccc2cc1-c1csc(N=NCc2ccccc2Cl)n1,200766,5410.0,False
O=C1Nc2ccccc2C12NNC(Nc1cccc(Cl)c1)=C2[N+](=O)[O-],51555788,5590.0,False
COc1cc(CN=Nc2nc(-c3cc4ccccc4oc3=O)cs2)cc(OC)c1OC,200773,5610.0,False
O=C(CCCCCCCCc1ccc(O)c(O)c1)c1c(O)cccc1O,50502666,5860.0,False
CC(C)OP(=O)(F)OC(C)C,50554049,6000.0,False
O=C(/C=N/O)NCCCNc1c2c(nc3ccccc13)CCCC2,50089048,6219.0,False
COc1cc2c(c3c1OCOC3)C[C@H]1c3c(cc4c(c3OC)OCO4)CC[N+]1=C2,51441245,6300.0,False
CN[C@@H](Cc1ccccc1)C(=O)NCC(=O)Nc1c2c(nc3ccccc13)CCCC2,50431850,6320.0,False
C=CCN1C(=O)/C(=C2/Sc3ccccc3N2CC)SC1=S,51051484,6410.0,False
CN1c2ccccc2C(n2nnc3ccccc32)c2ccccc21,50856210,6430.0,False
O=C(Oc1cc(OC(=O)N2CCCCC2)cc(C(O)CN2CCCCC2)c1)N1CCCCC1,51604128,6930.0,False
c1ccc(CNc2c3c(nc4ccccc24)-c2ccccc2C3)cc1,15554,7500.0,False
COc1cccc(CN=Nc2nc(-c3cc4ccccc4oc3=O)cs2)c1,200764,7170.0,False
CC1(C)C=Cc2c(ccc(C(=O)C=Cc3ccc(O)cc3)c2O)O1,51233057,7390.0,False
O=c1oc2ccccc2cc1-c1csc(N=NCc2ccccc2OCc2ccccc2)n1,200775,7470.0,False
CC(C)(C)OC(=O)N[C@@H](Cc1c[nH]c2ccccc12)C(=O)NCCC(=O)Nc1c2c(nc3ccccc13)CCCC2,50431860,7970.0,False
C[C@@]12CC[C@@H]3[C@](C)(CC[C@H](OC(=O)CCc4ccc(O)cc4)[C@]3(C)C(=O)O)[C@H]1CC[C@H]1C(=CC[C@@H]3[C@]1(C)CC[C@@H](O)[C@]3(C)CO)C2,50350063,7970.0,False
CC(C)=CCC/C(C)=C/Cc1c(O)cc2c(c1O)C(=O)C[C@@H](c1ccc(O)c(O)c1)O2,50927109,8400.0,False
CCO[P@](=O)(SCC)c1ccccc1,50760421,8900.0,False
CNC(=O)N1c2ccccc2Sc2ccccc21,50553676,9360.0,False
CN(C)c1ccc(CN=Nc2nc(-c3cc4ccccc4oc3=O)cs2)cc1,200772,9960.0,False
COC(=O)/C(=N\Nc1ccc(C)cc1)C(=O)C(F)(F)F,51412376,10100.0,False
N[C@@H](Cc1ccc2ccccc2c1)C(=O)NCC(=O)Nc1c2c(nc3ccccc13)CCCC2,50431852,11190.0,False
O=C1SCc2cccc([N+](=O)[O-])c21,50973672,11800.0,False
NC(=O)c1cc[n+](CCCC[n+]2cc(Cl)c(C=NO)c(Cl)c2)cc1,51135946,12000.0,False
CCN(CC)c1ccc(-c2c3ccccc3[n+](C)c3ccccc23)cc1,50856207,13200.0,False
COc1cc2c[n+]3c(cc2c(CO)c1OC)-c1c(cc2c(c1OC)OCO2)CC3,51441247,13200.0,False
COc1cc2c(c3c1OCOC3)C[C@H]1c3c(cc4c(c3OC)OCO4)CCN1C2,51441249,13700.0,False
CC(=O)Nc1nc(Cl)c2ncn(C3O[C@H](CC(=O)NCc4ccccc4)[C@H](OC(C)=O)[C@H]3OC(C)=O)c2n1,51510799,14780.0,False
CCN(CC)CCNC(=O)N1c2ccccc2Sc2ccccc21,50553662,16300.0,False
COc1c(O)cc(C2Oc3cc(O)c(C/C=C(\C)CCC=C(C)C)c(O)c3C(=O)[C@@H]2O)cc1O,50927105,16900.0,False
COc1cccc(CN2CCC(/C=C3\Cc4cccc(OC)c4C3=O)CC2)c1,50502638,17230.0,False
COc1cccc2c1C(=O)/C(=C/C1CCN(Cc3ccc4c(c3)OCO4)CC1)C2,50502626,18200.0,False
CC(=O)Nc1nc(Cl)c2c(ncn2C2O[C@H](C(=O)NCc3ccccc3)[C@@H](OC(C)=O)[C@@H](OC(C)=O)[C@H]2OC(C)=O)n1,51510801,18720.0,False
COc1ccc(/C=N/NC(=O)CN2CCC(Cc3ccccc3)CC2)cc1,51046011,19500.0,False
NC(=O)c1cc[n+](CCC[n+]2cc(Cl)c(C=NO)c(Cl)c2)cc1,51135943,21000.0,False
NC(=O)c1cc[n+](CC=CC[n+]2cc(Cl)c(C=NO)c(Cl)c2)cc1,51135947,22000.0,False
O=C1C=C2S[C@H]3C[C@]2(C=C1Br)C1=C(N3)C(=O)c2[nH]cc3c2C1=NCC3,50991333,22800.0,False
CN(C)C(=O)Oc1cccc([N+](C)(C)C)c1,200776,23000.0,False
CC(=O)Nc1nc(Cl)c2ncn(C3O[C@H]4[C@H](OC(=O)[C@@H]4O)[C@H]3OC(C)=O)c2n1,51510798,23670.0,False
NC(=O)c1cc[n+](CC=CC[n+]2ccc(C=NO)c(Cl)c2)cc1,51135958,24000.0,False
NC(=O)c1cc[n+](COC[n+]2ccccc2CN=O)cc1,51135944,25000.0,False
CC(=O)Nc1nc(Cl)c2ncn(C3O[C@H](C(=O)O)[C@@H](OC(C)=O)[C@@H](OC(C)=O)[C@H]3OC(C)=O)c2n1,51510804,26870.0,False
COc1cc2c(c3oc(=O)c4c(c13)CCC4=O)[C@@H]1C=CO[C@@H]1O2,248231,28000.0,False
NC(=O)c1cc[n+](CCC[n+]2cc(F)c(C=NO)c(F)c2)cc1,51466778,28000.0,False
O=C(NCCN1CCCC1)N1c2ccccc2Sc2ccccc21,50553666,29400.0,False
COc1c(O)cc(C2CC(=O)c3c(cc(O)c(C/C=C(\C)CCC=C(C)C)c3O)O2)cc1O,50927108,30100.0,False
CC(=O)Nc1nc(Cl)c2ncn(C3O[C@H](C(=O)NCc4ccccc4)[C@@H](OC(C)=O)[C@@H](OC(C)=O)[C@H]3OC(C)=O)c2n1,51510802,30980.0,False
COc1cc2c(c(CO)c1OC)C[C@H]1c3c(cc4c(c3OC)OCO4)CC[N+]1=C2,51441243,31000.0,False
O=C(/C=N/O)c1ccc(OCC2CCN(Cc3ccccc3)CC2)nc1,50089059,31220.0,False
C[C@@H](c1cccc(O)c1)N(C)C,17786,33000.0,False
N[C@@H](Cc1c[nH]c2ccccc12)C(=O)NCCC(=O)Nc1c2c(nc3ccccc13)CCCC2,50431862,34030.0,False
COc1ccc([C@H]2Oc3cc(O)c(C/C=C(\C)CCC=C(C)C)c(O)c3C(=O)[C@@H]2O)cc1O,50927103,34300.0,False
NC(=O)c1cc[n+](CCC[n+]2ccc(C=NO)c(F)c2)cc1,51466777,35000.0,False
NC(=O)c1cc[n+](CC=CC[n+]2ccc(C=NO)c(F)c2)cc1,51466781,36000.0,False
NC(=O)c1cc[n+](CCCC[n+]2ccc(C=NO)c(Cl)c2)cc1,51135954,36000.0,False
CC[N+](CC)(CC)CCOc1cccc(OCC[N+](CC)(CC)CC)c1OCC[N+](CC)(CC)CC,50871603,37000.0,False
O=c1c(O)c(-c2cc(O)c(O)c(O)c2)oc2cc(O)cc(O)c12,50903929,37800.0,False
CC(=O)Nc1nc(Cl)c2c(ncn2C2O[C@H](C(=O)O)[C@@H](OC(C)=O)[C@@H](OC(C)=O)[C@H]2OC(C)=O)n1,51510803,37870.0,False
O=c1c(O)c(-c2ccc(O)c(O)c2)oc2cc(O)cc(O)c12,50903928,38300.0,False
COc1ccc2c(c1)C(=O)/C(=C/C1CCN(Cc3ccc4c(c3)OCO4)CC1)C2,50502625,39670.0,False
NC(=O)c1cc[n+](CCC[n+]2ccc(C=NO)c(Cl)c2)cc1,51135939,42000.0,False
NC(=O)c1cc[n+](CCCC[n+]2ccc(C=NO)c(F)c2)cc1,51466779,44000.0,False
O=C1C(=O)N(Cc2ccc(Cl)c(Cl)c2)c2ccccc21,41519,48200.0,False
CC(=O)Nc1nc(NCc2ccccc2)c2ncn(C3O[C@H](CC(=O)NCc4ccccc4)[C@H](OC(C)=O)[C@H]3OC(C)=O)c2n1,51510800,50530.0,False
CN1CCCC[C@H]1c1ccc(-c2cccnc2)nc1,51356903,51000.0,False
COc1cc(O)c2c(=O)c3cccc(O)c3oc2c1,51525607,53000.0,False
O=C(/C=N/O)c1cnc(OCC2CCN(Cc3ccccc3)CC2)nc1,50089094,55180.0,False
O=C1CC[C@@]2(C=CNC3=C2C2=NCCc4c[nH]c(c42)C3=O)C=C1Br,50991354,56200.0,False
O=C1SCc2ccccc21,50973507,59800.0,False
NC(=O)c1cc[n+](CCCC[n+]2cc(F)c(C=NO)c(F)c2)cc1,51466780,63000.0,False
C[N+](C)(C)CCOC(=O)Nc1cc(Cl)nc(Cl)c1,50853449,64400.0,False
CN(C)CCCN1C(=O)CSC1c1ccc(Cl)cc1Cl,51573570,65000.0,False
O=c1cc(-c2ccc(O)c(O)c2)oc2cc(O)cc(O)c12,50903931,65800.0,False
NC(=O)c1cc[n+](CC=CC[n+]2cc(F)c(C=NO)c(F)c2)cc1,51466782,68000.0,False
COc1cc([C@H]2Oc3cc(O)c(C/C=C(\C)CCC=C(C)C)c(O)c3C(=O)[C@@H]2O)ccc1O,50927104,68200.0,False
NC(=O)c1cc[n+](CCC[n+]2ccc(CN=O)cc2)cc1,51135956;51466783,73000.0,False
COC(=O)C1=C(C)OP(=O)(OC)CCC1,50554042,76000.0,False
O=c1c(O)c(-c2ccccc2)oc2cc(O)cc(O)c12,50903925,85600.0,False
NC(=O)N1c2ccccc2Sc2ccccc21,50553674,89300.0,False
NC(=O)c1cc[n+](C/C=C/C[n+]2ccc(CN=O)cc2)cc1,51135957;51466785,90000.0,False
O=c1c(O)c(-c2ccc(O)cc2)oc2cc(O)cc(O)c12,50903927,92800.0,False
COc1ccc([C@@H]2CC(=O)c3c(cc(O)c(C/C=C(\C)CCC=C(C)C)c3O)O2)cc1O,50927106,94500.0,False
CN(C)C(=O)N[C@H]1CCc2ccc(O)cc2C1,50489460,1.7,True
COc1cc(-c2cc3c(c(=O)o2)C[C@]2(O)[C@@]4(C)C(=O)C=CC(C)(C)[C@]4(O)CC[C@@]2(C)O3)cc(OC)c1OC,248233;51202290,1.7,True
c1cc(CCNc2c3c(nc4ccccc24)CCCC3)cc(CCNc2c3c(nc4ccccc24)CCCC3)c1,50871613,1.72,True
O=C(CC[C@H](NC(=O)CNC(=O)OCc1ccccc1)C(=O)N[C@@H](Cc1ccccc1)C(=O)OCc1ccccc1)NCC(=O)Nc1cccc2c(NCCCCCCCCNc3c4c(nc5ccccc35)CCCC4)c3c(nc12)CCCC3,50077148,1.9,True
c1ccc2c(NCCCCCCCCNc3c4c(nc5ccccc35)CCCC4)c3c(nc2c1)CCCC3,15303,1.9,True
CCN(CCCCCC=Nc1cc(O)c(NCCCCCCN(CC)Cc2ccccc2OC)cc1O)Cc1ccccc1OC,50164265;50209106;51463178,2.6,True
c1ccc2c(NCCCCNCCCSc3c4c(nc5ccccc35)CCCC4)c3c(nc2c1)CCCC3,50871619,2.67,True
CC1=C[C@@H]2Cc3nc4cc(Cl)ccc4c(NCCCCCCCCCNC(=O)c4cc(O)c5c(c4)C(=O)c4cccc(O)c4C5=O)c3[C@H](C1)C2,50085911;50085912,3.05,True
O=C(c1ccc(O)cc1)c1cc(O)c(Br)cc1O,293110,2.78,True
CCN(CCCNc1c2c(nc3ccccc13)CCCC2)CCCNc1c2c(nc3ccccc13)CCCC2,15305,2.8,True
Fc1cccc(CNCCCCCCCCNc2ccnc3cc(Cl)ccc23)c1,51631782,3.2,True
O=C(c1ccccc1)c1cc(O)c(Br)cc1O,293111,3.24,True
COc1ccc(OC)c(C2CC(c3cc(F)ccc3F)=NN2c2ccc(S(N)(=O)=O)cc2)c1,51530458,3.3,True
COc1ccc(C2CC(c3cc(F)ccc3F)=NN2c2ccc(S(N)(=O)=O)cc2)cc1OC,51530459,3.3,True
COc1cccc(C2CC(c3cc(F)ccc3F)=NN2c2ccc(S(N)(=O)=O)cc2)c1OC,51530456,3.3,True
COc1ccc(C2CC(c3cc(F)ccc3F)=NN2c2ccc(S(N)(=O)=O)cc2)c(OC)c1,51530457,3.3,True
COc1ccc(OC)c(C2CC(c3cc(F)cc(F)c3)=NN2c2ccc(S(N)(=O)=O)cc2)c1,51530462,3.3,True
COc1ccc(C2CC(c3cc(F)cc(F)c3)=NN2c2ccc(S(N)(=O)=O)cc2)cc1OC,51530463,3.3,True
COc1cccc(C2CC(c3cc(F)cc(F)c3)=NN2c2ccc(S(N)(=O)=O)cc2)c1OC,51530460,3.3,True
COc1ccc(C2CC(c3cc(F)cc(F)c3)=NN2c2ccc(S(N)(=O)=O)cc2)c(OC)c1,51530461,3.3,True
O=C(c1c2ccccc2cc2ccccc12)N1c2ccccc2Sc2ccccc21,50645471;50645481,3.5,True
COc1ccc(C(=O)c2ccc(OC)c(OC)c2)c(Br)c1,293101,3.53,True
COc1ccc(C(=O)c2cc(Br)c(OC)cc2OC)cc1,293107,3.65,True
CCOc1ccc(Cc2nc3cc(C(=O)NCCCNc4c5c(nc6ccccc46)CCCC5)ccc3n2CCC(C)C)cc1,51257779;51257803,5.45,True
O=C(c1ccc(O)cc1Br)c1cccc(O)c1O,293109,3.75,True
COc1ccc(C(=O)c2cc(OC)c(Br)cc2OC)cc1,293104,3.77,True
O=C(c1ccc(O)c(O)c1)c1ccc(O)cc1Br,293108,4.06,True
O=C(Cc1cc(=O)oc2cc(O)ccc12)NCCCCNc1c2c(nc3ccccc13)CCCC2,50287096;50287103,13.55,True
O=C1C2=C(C3=NCCc4c[nH]c1c43)C1(C=CN2)C=C(Br)C(O)C(Br)=C1,50991355,98000.0,False
O=c1c(O)c(-c2ccc(O)c(O)c2)oc2cc(O)ccc12,50903930,100200.0,False
NC(=O)c1cc[n+](CCCC[n+]2ccc(/C=N/O)cc2)cc1,51135940;51466784,110000.0,False
C[N+](C)(C)CCOC(=O)Nc1ccncc1Br,50853450,115900.0,False
COc1cccc(CN2CCC(/C=C3\Cc4ccc(OC)cc4C3=O)CC2)c1,50502637,119490.0,False
CC(C)=CCC/C(C)=C/Cc1c(O)cc2c(c1O)C(=O)C[C@@H](c1ccc(O)cc1)O2,50927089,120500.0,False
O=c1cc(-c2ccc(O)cc2)oc2cc(O)cc(O)c12,50903926,121600.0,False
O=C(/C=N/O)c1ccc(OCC2CCN(Cc3ccccc3)C2)nc1,50089110,137400.0,False
CN(C)CCOC(=O)Nc1cc(Cl)nc(Cl)c1,50853451,140200.0,False
O=C(/C=N/O)c1ccnc(OCC2CCN(Cc3ccccc3)CC2)c1,50089055,144000.0,False
COc1cc([C@@H]2CC(=O)c3c(cc(O)c(C/C=C(\C)CCC=C(C)C)c3O)O2)ccc1O,50927107,149500.0,False
C[N+](C)(C)CCOC(=O)Nc1ccnc(Cl)c1,50853446,150900.0,False
O=C(/C=N/O)c1ccc(OCC2CCN(Cc3ccc(F)c(F)c3)CC2)nc1,50089085,158800.0,False
C[N+](C)(C)CCOC(=O)Nc1ccncc1,50853441,159000.0,False
C[n+]1ccccc1/C=N/O,51135948,180000.0,False
O/N=C/c1cnc(OCC2CCN(Cc3ccccc3)CC2)nc1,50089126,198500.0,False
O=C(/C=N/O)c1cccc(OCC2CCN(Cc3ccccc3)CC2)n1,50089070,199100.0,False
CN(C)CCOC(=O)Nc1ccnc(Cl)c1,50853452,207700.0,False
CN(C)CCCN1C(=O)CSC1c1ccccc1Cl,51573569,231000.0,False
COc1ccc(CN2CCCCC2COc2ccc(C(=O)/C=N/O)cn2)cc1OC,50089105,232600.0,False
CC(=O)/C(=N\O)C(=O)NC1CCN(Cc2ccccc2)CC1,50089026,233800.0,False
O/N=C/c1ccc(OCC2CCN(Cc3ccccc3)CC2)nc1,50089124,266000.0,False
O=C(/C=N/O)c1ccc(NCC2CCN(Cc3ccccc3)CC2)nc1,50089102,285600.0,False
O=C(/C=N/O)c1ccc(OCC2CCN(Cc3cccc(Cl)c3)CC2)nc1,50089092,298300.0,False
COC(=O)C1=C(C)O[PH](O)(OC)C=C1,50554045,310000.0,False
CN(C)CCOC(=O)Nc1ccncc1,50853455,313700.0,False
CN(C)CCOC(=O)Nc1ccncc1Br,50853447,316400.0,False
COc1ccc(CN2CCCC(COc3ccc(C(=O)/C=N/O)cn3)C2)cc1OC,50089104,344800.0,False
CN(C)C(=O)N1c2ccccc2Sc2ccccc21,50553654,400000.0,False
O=C(/C=N/O)c1ccc(OCC2CCCCN2Cc2ccccc2)nc1,50089109,550600.0,False
COc1cc2c(cc1OC)C(c1ccccc1)N(CCCNC(=O)/C=N/O)CC2,50089035,595100.0,False
CC(C)NC(=O)N1c2ccccc2Sc2ccccc21,50553681,691000.0,False
N#C/C(=N\O)C(=O)NC1CCN(Cc2ccccc2)CC1,50089029,732500.0,False
CCNC(=O)N1c2ccccc2Sc2ccccc21,50553678,1450000.0,False
N#Cc1ccc(CN2CCC(COc3ccc(C(=O)/C=N/O)cn3)CC2)cc1,50089089,1608000.0,False
COc1ccc(CN2CCC(CNC(=O)/C(=N/O)C(C)=O)CC2)cc1OC,50089033,1625000.0,False
COc1cc2c(cc1OC)C(c1ccccc1)N(CCCNC(=O)/C(=N/O)C(C)=O)CC2,50089036,1926000.0,False
COc1ccc(CN2CCC(COc3ccc(C(=O)/C=N/O)cn3)CC2)cc1OC,50089077,1930000.0,False
O=C(/C=N/O)NC1CCN(Cc2ccccc2)CC1,50089020,2430000.0,False
COc1ccc(CN2CCC(COc3ccc(C(=O)/C=N/O)cn3)C2)cc1OC,50089111,2517000.0,False
COc1cc2c(cc1OC)CN(CCCNC(=O)/C(=N/O)C(C)=O)CC2,50089044,2671000.0,False
O=C(/C=N/O)NCC1CCN(Cc2ccccc2)CC1,50089023,3178000.0,False
C[N+](C)(C)CCCCCCCCCC[N+](C)(C)C,50871596,6000000.0,False
N#C/C(=N\O)C(=O)NCC1CCN(Cc2ccccc2)CC1,50089032,94963000.0,False
COc1ccc(C(=O)c2cccc(OC)c2OC)c(Br)c1,293102,4.34,True
COc1ccc(OC)c(Br)c1,293103,4.25,True
COc1cc(C(=O)c2ccccc2)c(OC)cc1Br,293105,5.28,True
O=C(c1ccc(O)cc1)c1cc(Br)c(O)cc1O,293112,5.72,True
C[N+](C)(CCNC(=O)C(=O)NCC[N+](C)(C)Cc1ccccc1Cl)Cc1ccccc1Cl,50077035;50077040;50621522;50621528,5.5,True
CN(CCCCNc1c2c(nc3ccccc13)CCCC2)CCCNc1c2c(nc3c(NC(=O)CNC(=O)CC[C@H](NC(=O)CNC(=O)OCc4ccccc4)C(=O)N[C@@H](Cc4ccccc4)C(=O)OCc4ccccc4)cccc13)CCCC2,50077147,5.0,True
COc1ccc(C(=O)c2ccc(OC)cc2OC)cc1,293106,5.88,True
CCN(CCCCCC(=O)N1CCC(C2CCN(C(=O)CCCCCN(CC)Cc3ccccc3OC)CC2)CC1)Cc1ccccc1OC,50289508,5.67,True
Clc1cc(Cl)c2c(NCCCCCCCNc3c4c(nc5ccccc35)CCCC4)c3c(nc2c1)CCCC3,17518,6.0,True
N[C@@H](CCC(=O)NCCNc1c2c(nc3ccccc13)CCCC2)C(=O)NCCNc1c2c(nc3ccccc13)CCCC2,50431870,6.21,True
C/C=C1\C2C=C(C)CC1(C(=O)OC)CC(NCCCCCCCNc1c3c(nc4ccccc14)CCCC3)C2,17710,6.4,True
CC(=O)c1ccccc1NC(=O)c1ccc(OCCCCC[n+]2cccc3ccccc32)cc1,50961484,6.5,True
O=C(NCCCCCNc1c2c(nc3ccccc13)CCCC2)[C@@H]1CCCN1CCNc1c2c(nc3ccccc13)CCCC2,50431872,6.75,True
Fc1cccc(NCCCCCCCCNc2ccnc3cc(C(F)(F)F)ccc23)c1,51631761,7.1,True
Oc1ccc([C@@H]2CC(c3c4ccccc4cc4ccccc34)N=N2)c(O)c1,51042064,7.2,True
Cc1cc(CCNc2c3c(nc4ccccc24)CCCC3)cc(CCNc2c3c(nc4ccccc24)CCCC3)c1,50871607,7.45,True
FC(F)(F)c1ccc2c(NCCCCCCCCNc3ccccc3)ccnc2c1,51631747,8.0,True
CCOC(=O)c1c(C)nc(N2CCN(S(=O)(=O)c3ccc(NC(C)=O)c(Cl)c3)CC2)nc1-c1ccc(OC)c(OC)c1,51394094,8.0,True
Fc1ccc(F)c(CNCCCCCCCCNc2ccnc3cc(Cl)ccc23)c1,51631783,8.2,True
CN(CCCNc1c2c(nc3ccccc13)CCCC2)CCCSc1c2c(nc3ccccc13)CCCC2,15313,9.1,True
CC(=O)c1ccccc1NC(=O)c1ccc(OCCCCCC[n+]2ccc3ccccc3c2)cc1,50961485,9.4,True
O=C(CNCc1cc(F)cc(F)c1)Nc1ccc2nc3n(c(=O)c2c1)CCC3,51118323;51118348,12.95,True
c1cc[n+](CCCCCCCCCCCC[n+]2cccc3ccccc32)cc1,50077032;50077037,15.0,True
FC(F)(F)c1ccc2c(NCCCCCCCCNc3cccc(Cl)c3)ccnc2c1,51631762,11.0,True
CCN(Cc1ccccc1)Cc1ccc(-c2cc3cc(OC)c(OC)cc3oc2=O)cc1,51525254,11.0,True
COc1cc2cc(-c3ccc(CN(CCO)Cc4ccccc4)cc3)c(=O)oc2cc1OC,51525255,11.0,True
O=C(NCCCC1CCN(Cc2ccccc2)CC1)c1cc(=O)c2cc(O)ccc2o1,51143962,11.0,True
COc1cc2cc(-c3ccc(C[N+](C)(C)Cc4ccccc4)cc3)c(=O)oc2cc1OC,51525256,11.0,True
COc1cc2oc(C(=O)OCCC3CCN(Cc4ccccc4)CC3)cc(=O)c2cc1OC,51143959,11.0,True
O=C(NCCC1CCN(Cc2ccccc2)CC1)c1cc(=O)c2cc([N+](=O)[O-])ccc2o1,51143960,12.0,True
Fc1ccc(NCCCCCCCCNc2ccnc3cc(C(F)(F)F)ccc23)cc1,51631748,12.0,True
CCN(CCCCCC(=O)N(C)CCCCCCCCN(C)C(=O)CCCCCN(CC)Cc1ccccc1OC)Cc1ccccc1OC,50225820;50289510,12.2,True
FC(F)(F)c1ccc2c(NCCCCCCCCNc3ccccc3Cl)ccnc2c1,51631763,13.0,True
c1ccc2c(NCCc3cocc3CCNc3c4c(nc5ccccc35)CCCC4)c3c(nc2c1)CCCC3,50871608,13.3,True
COc1cccc2cc[n+](-c3ccc(Br)cc3)cc12,51398035,14.8,True
C#CCN(Cc1ccc2cccc(O)c2n1)C(C#N)CCC1CCN(Cc2ccccc2)CC1,50523773;50523801,15.0,True
CC(C)(C)OC(=O)N[C@@H](CCC(=O)NCCNc1c2c(nc3ccccc13)CCCC2)C(=O)NCCNc1c2c(nc3ccccc13)CCCC2,50431868,15.4,True
C/C=C1\C2C=C(C)CC1(N)CC(NCCCCCCCNc1c3c(nc4ccccc14)CCCC3)C2,17709,15.7,True
COc1cc(N)c(Cl)cc1C(=O)CCC1CCN(CC2CCCCC2)CC1,51239543,16.0,True
Fc1ccc(Br)c(CNCCCCCCCCNc2ccnc3cc(Cl)ccc23)c1,51631784,16.0,True
C/C=C1\C2C=C(C)CC1(N)CC(NCCCCCCCNc1c3c(nc4ccccc14)CCCC3)C2(C)C,17708,16.5,True
O=C(NCCCCCCNc1c2c(nc3ccccc13)CCCC2)c1cc2ccccc2oc1=O,50287016,17.0,True
CCOc1ccc(Cc2nc3cc(C(=O)NCCSSCCNc4c5c(nc6ccccc46)CCCC5)ccc3n2CCC(C)C)cc1,51257745;51257764,22.5,True
COc1cc2cc(NC(=O)[C@@H]3CCC[C@H](NCc4ccccc4)C3)c(=O)oc2cc1OC,51336043,19.0,True
c1cc[n+](CCCCCCCCCCC[n+]2ccccc2)cc1,50564485;50564486,25.0,True
CC(=O)N(CCCCNc1c2c(nc3ccccc13)CCCC2)CCCSc1c2c(nc3ccccc13)CCCC2,50211438;50871676,24.45,True
COc1cc2oc(C(=O)NCCCC3CCN(Cc4ccccc4)CC3)cc(=O)c2cc1OC,51144044,21.0,True
Cc1c(S(=O)(=O)c2ccc(Cl)cc2)csc1C(=O)NC1CCN(Cc2ccccc2)CC1,51188815,21.0,True
O=[N+]([O-])c1cccc([C@@H]2CC(c3c4ccccc4cc4ccccc34)N=N2)c1,51042062,21.0,True
Fc1ccc(CNCCCCCCCCNc2ccnc3cc(Cl)ccc23)c(F)c1,51631786,21.0,True
NS(=O)(=O)c1ccc(NCc2cccc(Cl)c2O)cc1,51475821,21.0,True
NS(=O)(=O)c1ccc(/N=C/c2cc(Br)cc(Cl)c2O)cc1,51475820,21.0,True
COc1cc2c(cc1OC)C(=O)C(Cc1cccc(CN3CCCC3)c1)C2,51188749,22.0,True
CCN(CC)Cc1cccc(CC2Cc3cc(OC)c(OC)cc3C2=O)c1,51188818,22.0,True
CC1=CC2Cc3nc4cc(Cl)ccc4c(NCCCCCCNC(=O)[C@@H](N)Cc4c[nH]c5ccccc45)c3C(C1)C2,51414180,23.0,True
FC(F)(F)Oc1ccc(CNC2CCN(Cc3ccccc3)C2)cc1,51370679,23.0,True
O=C(Nc1ccc(OC(F)(F)F)cc1)OC1CN(C(c2ccccc2)c2ccccc2)C1,51188833,23.0,True
CCOC(=O)c1cc2c(N)c3c(nc2nc1C)CCCC3,50913360,24.0,True
COc1ccc2oc(=O)c(C(=O)NCCCCCCNc3c4c(nc5ccccc35)CCCC4)cc2c1,50287014,24.0,True
Fc1ccc(Br)cc1CNCCCCCCCCNc1ccnc2cc(Cl)ccc12,51631785,24.0,True
Oc1ccccc1[C@@H]1CC(c2c3ccccc3cc3ccccc23)N=N1,51042065,24.0,True
COc1ccc([C@@H]2CC(c3c4ccccc4cc4ccccc34)N=N2)cc1,51042061,25.0,True
Cc1ccc(S(=O)(=O)SCc2ccc(C(C)C)cc2)cc1,51414133,26.0,True
COc1ccc2c(c1)C/C(=C\C1CCN(Cc3ccccc3)CC1)C2=O,50502635,29.0,True
c1ccc2c(CCCCCCCCNc3c4c(nc5ccccc35)CCCC4)c3c(nc2c1)CCCC3,15312,30.0,True
c1ccc([C@@H]2CC(c3c4ccccc4cc4ccccc34)N=N2)cc1,51042066,30.0,True
Fc1ccc(-c2nnc(N3CCN(c4ccccn4)CC3)o2)c(F)c1,51350199,30.0,True
Cc1ccc2oc(=O)c(C(=O)NCCCCCCNc3c4c(nc5ccccc35)CCCC4)cc2c1,50287013,30.0,True
Clc1ccc([C@@H]2CC(c3c4ccccc4cc4ccccc34)N=N2)cc1,51042070,30.0,True
COc1ccc2cc(C(=O)NCCCCCCNc3c4c(nc5ccccc35)CCCC4)c(=O)oc2c1,50287015,31.0,True
O=C(/C=N\O)c1ccc(OCC2CCN(Cc3ccccc3)CC2)nc1,335099,31.0,True
O=C(NCCCCCNc1c2c(nc3ccccc13)CCCC2)c1cc2ccccc2oc1=O,50287052,34.0,True
COc1cc2c(cc1OC)C(=O)/C(=C/C1CCN(Cc3ccccc3)CC1)C2,50502632,35.0,True
Cc1ccc2oc(=O)c(C(=O)NCCCCCNc3c4c(nc5ccccc35)CCCC4)cc2c1,50287023,36.0,True
Clc1ccc(CNCCCCCCCCNc2ccnc3cc(Cl)ccc23)c(Cl)c1,51631790,36.0,True
Cc1cc(=O)oc2cc(OCCCCSC(=S)N3CCCCC3)ccc12,51030331,37.0,True
COc1cc2c(cc1OC)C(=O)C(Oc1cccc(C(C)N3CCCCC3)c1)C2,51188761,38.0,True
COc1ccc(C2CC(c3ccc(F)cc3)=NN2c2ccc(S(N)(=O)=O)cc2)c(OC)c1,51530506,38.0,True
COc1ccc(C2CC(c3ccc(F)cc3)=NN2c2ccc(S(N)(=O)=O)cc2)cc1OC,51530507,38.0,True
COc1ccc(C2CC(c3ccccc3)=NN2c2ccc(S(N)(=O)=O)cc2)c(OC)c1,51530504,38.0,True
COc1ccc(C2CC(c3ccccc3)=NN2c2ccc(S(N)(=O)=O)cc2)cc1OC,51530505,38.0,True
COc1ccc(C2CC(c3ccc(Br)cc3)=NN2c2ccc(S(N)(=O)=O)cc2)c(OC)c1,51530510,38.0,True
COc1ccc(C2CC(c3ccc(Br)cc3)=NN2c2ccc(S(N)(=O)=O)cc2)cc1OC,51530511,38.0,True
COc1ccc(C2CC(c3ccc(Cl)cc3)=NN2c2ccc(S(N)(=O)=O)cc2)c(OC)c1,51530508,38.0,True
COc1ccc(C2CC(c3ccc(Cl)cc3)=NN2c2ccc(S(N)(=O)=O)cc2)cc1OC,51530509,38.0,True
COc1ccc2oc(=O)c(C(=O)NCCCCCNc3c4c(nc5ccccc35)CCCC4)cc2c1,50287050,39.0,True
COc1cc2oc(C(=O)NCCC3CCN(Cc4ccccc4)CC3)cc(=O)c2cc1OC,51144016,39.0,True
Clc1cc(Cl)c2c(NCCCCCCCSc3c4c(nc5ccccc35)CCCC4)c3c(nc2c1)CCCC3,17522,41.0,True
c1ccc([C@@H]2CC(c3c4ccccc4cc4ccccc34)N=N2)nc1,51042063,41.0,True
O=C(NCCCCCCCNc1c2c(nc3ccccc13)CCCC2)c1cc2ccccc2oc1=O,50286998,42.0,True
COc1ccc2cc(C(=O)NCCCCCNc3c4c(nc5ccccc35)CCCC4)c(=O)oc2c1,50287051,44.0,True
CC(=O)c1ccccc1NC(=O)c1ccc(OCCCCC[n+]2ccc3ccccc3c2)cc1,50961486,45.0,True
CC(=O)c1ccccc1NC(=O)c1ccc(OCCCC[n+]2ccc3ccccc3c2)cc1,50961487,46.0,True
CC(=O)c1ccccc1NC(=O)c1ccc(OCCCCCC[n+]2ccccc2)cc1,50961482,47.0,True
O=C(CN1CCN(Cc2ccccc2)CC1)Nc1ccc(C(F)(F)F)cc1Cl,51188744,47.0,True
COc1ccc2nc3cc(Cl)ccc3c(N)c2c1,44784,49.0,True
Cc1c(C)c2c(c(C)c1O)CCC(C)(C(=O)NCCCCCCCCNc1c3c(nc4cc(Cl)ccc14)CCCC3)O2,50439103,50.0,True
COc1ccc2oc(=O)c(C(=O)NCCCCCCCNc3c4c(nc5ccccc35)CCCC4)cc2c1,50286991,51.0,True
CCc1c2c(nc3ccc(OC(=O)N4CCC(N5CCCCC5)CC4)cc13)-c1cc3c(c(=O)n1C2)COC(=O)[C@]3(O)CC,50871586,51.0,True
CC(=O)c1ccccc1NC(=O)c1ccc(OCCCC[n+]2cccc3ccccc32)cc1,50961488,53.0,True
COc1ccc(C(=O)NC2CCN(Cc3c(F)cccc3Cl)CC2)cc1OC,51188705,55.0,True
COc1ccc2cc(C(=O)NCCCCCCCNc3c4c(nc5ccccc35)CCCC4)c(=O)oc2c1,50286995,55.0,True
COc1cc2cc(C(=O)NCCCCCCNc3c4c(nc5ccccc35)CCCC4)c(=O)oc2cc1OC,50287005,56.0,True
O=C(NCCC1CCN(Cc2ccccc2)CC1)c1cc(=O)c2ccccc2o1,51144040,57.0,True
COc1cc2c(cc1OC)C(=O)C(Cc1cccc(CN3CCCCC3)c1)C2,51188706,59.0,True
COc1cc2[nH]c(C(=O)NCCC3CCN(Cc4ccccc4)CC3)cc(=O)c2cc1OC,51144012,60.0,True
O=C(NCCCCCCNc1c2c(nc3ccccc13)CCCC2)c1cc2cc(OC(F)(F)F)ccc2oc1=O,50287004,60.0,True
NS(=O)(=O)c1ccc(C(=O)n2[nH]c(=O)c3ccc(C(=O)O)cc3c2=O)cc1,51257164,61.0,True
NS(=O)(=O)c1ccc(C(=O)n2[nH]c(=O)c3c(F)cccc3c2=O)cc1,51257162,61.0,True
NS(=O)(=O)c1ccc(C(=O)n2[nH]c(=O)c3cc([N+](=O)[O-])ccc3c2=O)cc1,51257163,61.0,True
CC(CN1CCN(Cc2ccccc2)CC1)N(C(=O)c1cccc([N+](=O)[O-])c1)c1ccccn1,51188746,61.0,True
NS(=O)(=O)c1ccc(C(=O)n2[nH]c(=O)c3cc(F)ccc3c2=O)cc1,51257143,61.0,True
NS(=O)(=O)c1ccc(C(=O)n2[nH]c(=O)c3c([N+](=O)[O-])cccc3c2=O)cc1,51257171,61.0,True
CN(Cc1ccccc1)Cc1ccc(/C=C2\CCc3cc(OCCCCCN4CCCCC4)ccc3C2=O)cc1,50553462,61.1,True
Nc1ccc2oc(C(=O)NCCC3CCN(Cc4ccccc4)CC3)cc(=O)c2c1,51143961,62.0,True
COc1cc2c(cc1OC)C(=O)/C(=C/c1cccc(CN(C)C)c1)C2,51188820,62.0,True
COc1cc2c(cc1OC)C(=O)C(Oc1cccc(CN3CCN(C)CC3)c1)C2,51188759,62.0,True
Cc1ccc2oc(=O)c(C(=O)NCCCCCCCNc3c4c(nc5ccccc35)CCCC4)cc2c1,50286988,66.0,True
COc1cc2c(cc1OC)C(=O)C(Oc1ccc(CN3CCN(C)CC3)cc1)C2,51188757,69.0,True
COc1cc2cc(C(=O)NCCCCCNc3c4c(nc5ccccc35)CCCC4)c(=O)oc2cc1OC,50287022,70.0,True
FC(F)(F)c1ccc2c(NCCCCCCCCNc3cc4ccccc4s3)ccnc2c1,51631764,70.0,True
FC(F)(F)c1ccc2c(NCCCCCCCCNc3ccc(Cl)cc3)ccnc2c1,51631759,70.0,True
COc1cc2c(cc1OC)C(=O)/C(=C/c1cccc(CN3CCCCC3)c1)C2,51188845,71.0,True
COc1cc2c(cc1OC)C(=O)C(Cc1ccc(CN3CCCCC3)cc1)C2,51188817,74.0,True
Clc1ccc2c(NCCCCCCCCNC34CC5CC(CC(C5)C3)C4)ccnc2c1,51655617,75.0,True
