target,descriptor,model,cv_rmse,cv_cliff_rmse,test_rmse,test_cliff_rmse,cv_stratified
5-HT7,ECFP,RF,0.6977539586633339,0.7633254601044005,0.6913860595907119,0.7458230762813587,True
5-HT7,ECFP,SVM,0.6905494644298611,0.7359813377233965,0.6669072142655025,0.7081613690668489,True
5-HT7,ECFP,GBM,0.7240444475357369,0.7912212426122082,0.7023909150896412,0.7548545529358484,True
5-HT7,ECFP,KNN,0.7366705833797443,0.7916987057505865,0.7229462186543011,0.7923846757009584,True
5-HT7,MACCS,RF,0.7722985122299836,0.8370991029434882,0.7608921529207454,0.8193745571336107,True
5-HT7,MACCS,SVM,0.7655571868407396,0.837791473493854,0.7696921894385995,0.841527262859207,True
5-HT7,MACCS,GBM,0.7571921730527538,0.8291706034118516,0.7418543113362646,0.7973242943097659,True
5-HT7,MACCS,KNN,0.843936061391928,0.9083297506465744,0.8156013700485972,0.8667917922968937,True
5-HT7,PHYSCHEM,RF,0.8755964190712284,0.9258499621729884,0.838977245350078,0.8944867392610552,True
5-HT7,PHYSCHEM,SVM,0.9677815970316358,0.9347954588009793,0.8972950691682919,0.8938365090478899,True
5-HT7,PHYSCHEM,GBM,0.8903526894309937,0.9360887171148136,0.8702802098189361,0.898854398004969,True
5-HT7,PHYSCHEM,KNN,0.9110663551348882,0.9535097015141852,0.8695949380794201,0.9032578122288664,True
5-HT7,WHIM,RF,0.9645928047878486,1.0206914106643064,0.9767186874418272,1.0704063218819484,True
5-HT7,WHIM,SVM,0.9792401034232472,1.0603755161718234,0.998888501116153,1.1160048439169756,True
5-HT7,WHIM,GBM,0.9801814133342548,1.034012439788365,0.999834396959846,1.0603326481110902,True
5-HT7,WHIM,KNN,1.0149493850412032,1.073255034897919,1.0305838411959032,1.0962530928285,True
AChE,ECFP,RF,1.0041742487825032,1.1388403706268388,1.0349933323436489,1.139770334663741,True
AChE,ECFP,SVM,0.960549485947089,1.1375179822433537,1.0737165819268872,1.0780095887479264,True
AChE,ECFP,GBM,0.9693825051995852,1.133276700987074,1.033648203529568,1.09012023840048,True
AChE,ECFP,KNN,1.1185794986784725,1.1721606067377677,1.047025832237675,1.3255666772655987,True
AChE,MACCS,RF,1.031938489829325,1.1839276967332917,1.0579028254322536,1.43468218036245,True
AChE,MACCS,SVM,0.9936504756977492,1.1857321229786844,1.0901361970293546,1.5100092638471028,True
AChE,MACCS,GBM,1.003814231316371,1.2210948793842007,1.1243833704510238,1.489622082088095,True
AChE,MACCS,KNN,1.1079228641279857,1.3152131852475133,1.0210891830425526,1.47315672035352,True
AChE,PHYSCHEM,RF,1.2452526796363512,1.277788539149459,1.1570336138737596,1.5402852837465482,True
AChE,PHYSCHEM,SVM,1.420629179798537,1.3394103849061354,1.2221964730499932,1.1707112138924542,True
AChE,PHYSCHEM,GBM,1.270751171594779,1.3174393875049664,1.152784399878133,1.4595652802647203,True
AChE,PHYSCHEM,KNN,1.2380019441086565,1.320010005048302,1.2031292376331224,1.680000228259415,True
AChE,WHIM,RF,1.4980234849747318,1.498299863184536,1.5308527126071994,1.7886984185488382,True
AChE,WHIM,SVM,1.5821463629537744,1.4754446508898351,1.620639679850355,1.7860708609388691,True
AChE,WHIM,GBM,1.5013042152904046,1.49016398041619,1.5464028182507927,1.761336950106767,True
AChE,WHIM,KNN,1.5826726759943934,1.504948448174285,1.5836595843567725,1.858858599282804,True
Bcl-2,ECFP,RF,0.7135266042050994,0.7504642235155449,0.7321509647832557,0.7578667391402293,True
Bcl-2,ECFP,SVM,0.657908847997602,0.694098814095413,0.699782957399881,0.7109784167224249,True
Bcl-2,ECFP,GBM,0.689600546446193,0.7257153747077554,0.7517229105412827,0.7798004395008239,True
Bcl-2,ECFP,KNN,0.7591677170635841,0.7980782042301918,0.8000910761364715,0.8901292847705892,True
Bcl-2,MACCS,RF,0.8236201966966097,0.8748081199664492,0.8781723548892462,0.9044086830050176,True
Bcl-2,MACCS,SVM,0.7938867912918021,0.8559526129770137,0.8423571972660383,0.85090088481908,True
Bcl-2,MACCS,GBM,0.8036232050529288,0.8594386498998486,0.8431947664525783,0.8391293215081275,True
Bcl-2,MACCS,KNN,0.89734927715501,0.969373910886292,0.9683579444714506,0.9994254694783226,True
Bcl-2,PHYSCHEM,RF,0.9039477209738356,0.9487254389440464,0.946734801463185,1.0189162888520034,True
Bcl-2,PHYSCHEM,SVM,0.9473176187822192,0.9708611872237516,0.9621819040892264,1.0246202902816233,True
Bcl-2,PHYSCHEM,GBM,0.9323922463292484,0.9810779763982994,0.932496865769478,0.9868267933976126,True
Bcl-2,PHYSCHEM,KNN,0.9750968346820929,1.0080861887793602,0.9490340422533612,1.0055297865936563,True
Bcl-2,WHIM,RF,1.025027998989703,1.0565080563800724,1.1063557861037838,1.1441540830495889,True
Bcl-2,WHIM,SVM,1.0897142619660012,1.1276286408375205,1.2215108049576628,1.2495481104556772,True
Bcl-2,WHIM,GBM,1.0421831531944392,1.0816861006481764,1.1308257622836768,1.1895349231489012,True
Bcl-2,WHIM,KNN,1.1740451228489497,1.1035301778337416,1.1920878441475615,1.1581902787950975,True
CHEMBL1827,ECFP,RF,0.6401848290932155,0.6742467723462737,1.0492411367217434,0.965884295173969,True
CHEMBL1827,ECFP,SVM,0.7318781135401226,0.569454847142824,0.8101074436696256,1.0100276110858992,True
CHEMBL1827,ECFP,GBM,0.7765471532560922,0.6255957381299266,0.8831464340685714,1.0631367296679315,True
CHEMBL1827,ECFP,KNN,0.8302780963819819,0.6246123246083829,0.9123148968808724,1.0377534925661234,True
CHEMBL1827,MACCS,RF,0.8157347458083873,0.5958133293006729,0.8466459138013052,1.026306169467715,True
CHEMBL1827,MACCS,SVM,0.8460229123156456,0.6385302636674225,0.7423864532993669,0.9504019978272892,True
CHEMBL1827,MACCS,GBM,0.7771149506952966,0.5704016703559398,0.7249036776563408,0.97257119739968,True
CHEMBL1827,MACCS,KNN,0.7761503091120442,0.7427469496033148,0.7634841530232357,0.9645296398732048,True
CHEMBL1827,PHYSCHEM,RF,0.8705588467934283,0.7294543104108641,0.8836189988574792,1.0558638504800455,True
CHEMBL1827,PHYSCHEM,SVM,1.0449552989233644,0.902276850611181,1.1074627729297093,1.407150867138105,True
CHEMBL1827,PHYSCHEM,GBM,0.9985286553893512,0.7508715547916813,0.8417860559843995,1.0823662103140963,True
CHEMBL1827,PHYSCHEM,KNN,0.9120327761741636,0.7742471518021412,0.8977381095207577,0.961979910961012,True
CHEMBL1827,WHIM,RF,1.2153661480300004,1.08099904644485,0.9853632479218104,0.8934497207147781,True
CHEMBL1827,WHIM,SVM,1.1839177251788455,0.9688281532405773,1.1893835289129469,1.001947571584184,True
CHEMBL1827,WHIM,GBM,1.203355178892625,1.081009996893735,0.9924030533719927,0.972856238806334,True
CHEMBL1827,WHIM,KNN,1.253537713927868,1.0352817377594798,1.21185956325901,1.0545529193818652,True
CHEMBL1862,ECFP,RF,0.7658464934149153,0.7345815537118949,0.7019447749576181,0.6680150933786756,True
CHEMBL1862,ECFP,SVM,0.7531805041177748,0.734034912655575,0.7391721893268389,0.6884291942268324,True
CHEMBL1862,ECFP,GBM,0.79173758133388,0.7606338462125412,0.7902195220735936,0.7451917651513406,True
CHEMBL1862,ECFP,KNN,0.8578799058787124,0.8018272776660247,0.8833059048752372,0.7442999726062232,True
CHEMBL1862,MACCS,RF,0.8239942276410003,0.8062540449633977,0.8637377111447826,0.814791063929045,True
CHEMBL1862,MACCS,SVM,0.8418421271223071,0.829854548960295,0.8984777056104671,0.9048839946749908,True
CHEMBL1862,MACCS,GBM,0.8528049069919994,0.8256275983861119,0.8753543525252953,0.8257529822915607,True
CHEMBL1862,MACCS,KNN,0.9862564281645756,0.8934241030875283,1.0144331005671003,0.9198526473397696,True
CHEMBL1862,PHYSCHEM,RF,0.9824081378443136,0.9337179619345412,1.0281664439603886,0.9591326115371954,True
CHEMBL1862,PHYSCHEM,SVM,1.1343146728740323,0.9358843843058504,1.0417807676645534,0.9187311147985264,True
CHEMBL1862,PHYSCHEM,GBM,1.0109217006799855,0.9718344751780718,1.0295941960292978,0.9076101743858176,True
CHEMBL1862,PHYSCHEM,KNN,1.0497559129069107,0.9429107753791696,1.0902797183838402,0.9600454228625676,True
CHEMBL1862,WHIM,RF,0.9161318799637036,0.910228187646736,0.919003268227132,0.920606422672394,True
CHEMBL1862,WHIM,SVM,0.9604412045503822,0.9441447029583836,1.006420714585144,1.0401469343667955,True
CHEMBL1862,WHIM,GBM,0.8964242230513416,0.914936842544399,0.938499584577651,0.9534882593050452,True
CHEMBL1862,WHIM,KNN,1.0169681815031428,0.9487994848978958,1.0019737653627885,0.9247600461488168,True
CHEMBL1907601,ECFP,RF,0.6540321940576947,0.7391274533115986,0.6169876588935308,0.7550697657822907,True
CHEMBL1907601,ECFP,SVM,0.6110227440059653,0.7151589384405446,0.6287989046728819,0.7052322783330459,True
CHEMBL1907601,ECFP,GBM,0.632567612646619,0.7284741700985342,0.681272282048593,0.7302272396317421,True
CHEMBL1907601,ECFP,KNN,0.6288628475922844,0.7690126620842206,0.7694664393414471,0.796055348474792,True
CHEMBL1907601,MACCS,RF,0.6828485874631497,0.7298408198190331,0.709397794269061,0.8712615658814306,True
CHEMBL1907601,MACCS,SVM,0.7091886884838812,0.7514349469912197,0.7431026009846587,0.947321834234818,True
CHEMBL1907601,MACCS,GBM,0.7247138384558632,0.7883879118956436,0.7732795618204061,1.0428459213248693,True
CHEMBL1907601,MACCS,KNN,0.7371452560146352,0.8101789969245689,0.815104729079547,0.947729184777307,True
CHEMBL1907601,PHYSCHEM,RF,0.7766536260043678,0.7967675666314885,0.6210225097612134,0.7736163588219728,True
CHEMBL1907601,PHYSCHEM,SVM,1.0277347608704277,1.0201210563528769,0.8577655924836811,0.8594171683294735,True
CHEMBL1907601,PHYSCHEM,GBM,0.7831699818755031,0.8059847792051563,0.6822710994392118,0.8533846154909505,True
CHEMBL1907601,PHYSCHEM,KNN,0.7849631688273551,0.7545211398295862,0.7066081265203847,0.8127578712155918,True
CHEMBL1907601,WHIM,RF,0.8466965427301021,0.8372800473508246,0.760950384322974,0.7904997694552675,True
CHEMBL1907601,WHIM,SVM,0.8882573979097564,0.8461895109681903,0.8043596557173135,0.7993402765224451,True
CHEMBL1907601,WHIM,GBM,0.8282182101191354,0.8113191806102237,0.7615054756984108,0.7838272790514876,True
CHEMBL1907601,WHIM,KNN,0.8625170897500328,0.8148085856888526,0.7480038142472399,0.7361916944834908,True
CHEMBL1936,ECFP,RF,0.50328403922223,0.641370627388118,0.5357628099970515,0.6644051917849698,True
CHEMBL1936,ECFP,SVM,0.5003456985046171,0.6596434054625413,0.5370209459286064,0.6908551803334718,True
CHEMBL1936,ECFP,GBM,0.5116376643841715,0.6603263214103737,0.5542158401514619,0.7107992982199329,True
CHEMBL1936,ECFP,KNN,0.5383344419361228,0.6646669974545374,0.5287396336755169,0.6706182190034091,True
CHEMBL1936,MACCS,RF,0.5337671208911993,0.6448620960826831,0.5525057902392904,0.6306486478437392,True
CHEMBL1936,MACCS,SVM,0.5589250338914504,0.697620474491899,0.5637223756791461,0.6787955237348401,True
CHEMBL1936,MACCS,GBM,0.5462121655175108,0.6743407777364178,0.5490222208281539,0.6632986808472107,True
CHEMBL1936,MACCS,KNN,0.6046817307315557,0.7224328778963308,0.5575149847763282,0.5982833824213233,True
CHEMBL1936,PHYSCHEM,RF,0.6083015159274193,0.7452474913220898,0.615579880638822,0.6277189273965408,True
CHEMBL1936,PHYSCHEM,SVM,0.7052277275226767,0.799927015332294,0.6588076503493908,0.7105242424962462,True
CHEMBL1936,PHYSCHEM,GBM,0.6284127497552265,0.7732477449356878,0.6325680520495959,0.7071428333714509,True
CHEMBL1936,PHYSCHEM,KNN,0.6164453487241849,0.7282398105313137,0.62967902829907,0.625809631303953,True
CHEMBL1936,WHIM,RF,0.6811221747930862,0.7848747430756642,0.6469638859551795,0.7230585260796775,True
CHEMBL1936,WHIM,SVM,0.7387890106564106,0.8613449496300025,0.6603767879218829,0.8256628465032171,True
CHEMBL1936,WHIM,GBM,0.6970134133923451,0.8027530319895966,0.6913598645732908,0.7625078531628099,True
CHEMBL1936,WHIM,KNN,0.7108003771147136,0.7704278300271209,0.7551761972386418,0.7343489501712973,True
CHEMBL1978,ECFP,RF,0.8509013402454599,0.763870676854452,0.9565486936309412,1.2662999451119477,True
CHEMBL1978,ECFP,SVM,0.7933191727232863,0.7221765364363549,0.9111647904515756,1.1614418639415816,True
CHEMBL1978,ECFP,GBM,0.7852243072122939,0.7154435968169133,0.8646072654576318,1.1387455780867286,True
CHEMBL1978,ECFP,KNN,0.9448493533777484,0.8146407271099642,0.944692159807072,1.3767860085454493,True
CHEMBL1978,MACCS,RF,0.9452440480622488,0.9733879033558196,1.034008494083387,1.3101835632615526,True
CHEMBL1978,MACCS,SVM,0.925548852449436,0.9502219719066496,1.0194520478386946,1.2738987121367669,True
CHEMBL1978,MACCS,GBM,0.9297520992378798,0.9584548783477482,1.0674877207661018,1.2260856612562554,True
CHEMBL1978,MACCS,KNN,0.9977007170913824,1.006532296397307,1.013523179354591,1.2884194229698271,True
CHEMBL1978,PHYSCHEM,RF,1.079116911320227,0.977657936672706,1.030788264535516,1.328319466840883,True
CHEMBL1978,PHYSCHEM,SVM,1.1399633405624725,1.13861428421019,0.8857213165349412,1.0913069311479628,True
CHEMBL1978,PHYSCHEM,GBM,1.1086314299021018,1.0322065136250311,1.0859045918582153,1.3768666774439344,True
CHEMBL1978,PHYSCHEM,KNN,1.0420161279561675,0.9582129398856049,1.0676642883196623,1.3926073721093046,True
CHEMBL1978,WHIM,RF,1.0554418919947377,1.0640859621992853,1.0798543377313414,1.4946245116094052,True
CHEMBL1978,WHIM,SVM,1.0762617347924155,1.0752810918363167,1.080983967835084,1.4584318740504487,True
CHEMBL1978,WHIM,GBM,1.0977764978835889,1.172224782351247,1.0771463143586688,1.4940650547442489,True
CHEMBL1978,WHIM,KNN,1.0877920985488585,1.0916281013353195,1.1534702846593152,1.6171676058969908,True
CHEMBL203,ECFP,RF,0.624635297086316,0.7915814369040434,0.6875430968681668,0.7990134226595983,True
CHEMBL203,ECFP,SVM,0.6119089121092475,0.8235614323908926,0.5331353424585378,0.7390407020638254,True
CHEMBL203,ECFP,GBM,0.6435267267961883,0.8529920125117681,0.6157479419675254,0.730991031689073,True
CHEMBL203,ECFP,KNN,0.6634254232724951,0.8147785806833222,0.627227571382356,0.8855329820795845,True
CHEMBL203,MACCS,RF,0.6673407528990465,0.8664551724197662,0.6117500326448533,0.8185038719516629,True
CHEMBL203,MACCS,SVM,0.698741894762669,0.8951756390348351,0.5876667661266257,0.744003232470515,True
CHEMBL203,MACCS,GBM,0.6974062137521646,0.9456847581333878,0.6100386452843606,0.8434941084155387,True
CHEMBL203,MACCS,KNN,0.7309939066185625,0.9460551938564532,0.6283604290707401,0.9408107876190086,True
CHEMBL203,PHYSCHEM,RF,0.7999564393451051,0.939406692693774,0.5797567428062027,0.8622226073324525,True
CHEMBL203,PHYSCHEM,SVM,0.9536503284746762,0.9542002020440248,0.7700283339265221,0.9803792680763586,True
CHEMBL203,PHYSCHEM,GBM,0.827379999642834,0.95236409812687,0.6870204083576117,1.0114872396967054,True
CHEMBL203,PHYSCHEM,KNN,0.8006339872395236,0.9341679970378316,0.6764876876702669,0.9560717113417516,True
CHEMBL203,WHIM,RF,0.8249719432669262,0.8721669354256566,0.7629647521925874,0.8587826020674015,True
CHEMBL203,WHIM,SVM,0.8442967729225967,0.9261969199600047,0.7900985906168346,0.8278091301165271,True
CHEMBL203,WHIM,GBM,0.8114118882016268,0.8166237025641389,0.836747512214899,1.0086109414804902,True
CHEMBL203,WHIM,KNN,0.8440146564324827,0.8530725665551514,0.7230607668838215,0.8190552848884807,True
CHEMBL204,ECFP,RF,0.8042940825154898,0.9190210270998362,0.7634846990459597,0.9212150965508008,True
CHEMBL204,ECFP,SVM,0.7425793977189945,0.8479105831524706,0.6876172453641965,0.8280717891100291,True
CHEMBL204,ECFP,GBM,0.7989459032852646,0.9073594014193072,0.7669917179738869,0.9453908411432452,True
CHEMBL204,ECFP,KNN,0.8429597256513137,0.971932032634764,0.7796567993219569,0.9744594527502676,True
CHEMBL204,MACCS,RF,0.8732723628467665,0.950344525037839,0.817451706095941,0.956981124801098,True
CHEMBL204,MACCS,SVM,0.8457216940750142,0.9405095218093098,0.8127478162625863,0.984170077789084,True
CHEMBL204,MACCS,GBM,0.8338357394731782,0.9257324624657394,0.8132003782380604,0.966000331643027,True
CHEMBL204,MACCS,KNN,0.9196726268436192,1.0462102200448102,0.8761352450269536,1.0226457431735307,True
CHEMBL204,PHYSCHEM,RF,1.1340181787472887,1.1702007830466348,1.0952754077416236,1.1549034901243656,True
CHEMBL204,PHYSCHEM,SVM,1.1991260456711648,1.238786932269287,1.1897926247346302,1.3181367318906096,True
CHEMBL204,PHYSCHEM,GBM,1.1553481655226314,1.2007294996646063,1.1431236734056405,1.204086088106973,True
CHEMBL204,PHYSCHEM,KNN,1.1640036414147965,1.2088485467398289,1.1188405289168757,1.185348572009277,True
CHEMBL204,WHIM,RF,1.2828007347277195,1.3236584802743534,1.2845794705490916,1.4138568065892394,True
CHEMBL204,WHIM,SVM,1.3000828264549018,1.363869081359608,1.3296596825493023,1.4786966392082723,True
CHEMBL204,WHIM,GBM,1.2947469894252823,1.351439183848531,1.305313581103246,1.4173501145066223,True
CHEMBL204,WHIM,KNN,1.3522394817592691,1.4018489601772413,1.3438354176603926,1.5080582661523303,True
CHEMBL217,ECFP,RF,0.6200285347129265,0.706665115643855,0.5801445671019302,0.6806458508704577,True
CHEMBL217,ECFP,SVM,0.6048904647138582,0.6827290946513498,0.5667501590765882,0.6432386248531986,True
CHEMBL217,ECFP,GBM,0.6443068278663482,0.7181444431974358,0.6064484940725252,0.6815329958496439,True
CHEMBL217,ECFP,KNN,0.6274278877226518,0.7169838182125128,0.5871685130437414,0.6829283034618316,True
CHEMBL217,MACCS,RF,0.6807432750445133,0.7654066972152902,0.6469712589227947,0.740154149970946,True
CHEMBL217,MACCS,SVM,0.6910022534722013,0.7787170744337768,0.6590084312950871,0.7537070059327778,True
CHEMBL217,MACCS,GBM,0.684573622829419,0.7684420004474599,0.6481098432440546,0.7357549503722174,True
CHEMBL217,MACCS,KNN,0.7397193891466626,0.8237147902390384,0.6926377178739052,0.8040811326495458,True
CHEMBL217,PHYSCHEM,RF,0.8391331000671767,0.8960259945740097,0.8111500262530045,0.896746565072462,True
CHEMBL217,PHYSCHEM,SVM,0.9191886630273106,0.983165595333356,0.8966369986818041,0.9645854697824476,True
CHEMBL217,PHYSCHEM,GBM,0.8467968881949504,0.9087723129970936,0.8264864026441429,0.9080067430747067,True
CHEMBL217,PHYSCHEM,KNN,0.87983593485541,0.9420154872021692,0.8464262227252954,0.9243421016953276,True
CHEMBL217,WHIM,RF,0.938851812180969,1.0095681526415303,0.9360493482219512,1.0102728327701551,True
CHEMBL217,WHIM,SVM,0.9604830616277482,1.0415760472421312,0.9744698052628762,1.0633189422359852,True
CHEMBL217,WHIM,GBM,0.9623000945899576,1.026213475270651,0.9592766039438798,1.0287984712293992,True
CHEMBL217,WHIM,KNN,0.9730219579741564,1.0411706255516535,0.970995902834289,1.0589788226564572,True
CHEMBL2276,ECFP,RF,0.6981619914595819,0.6877954520823457,0.7666602101481418,1.0672519859123326,True
CHEMBL2276,ECFP,SVM,0.6919790360892784,0.7138231633862704,0.7731862160468325,0.966994140917678,True
CHEMBL2276,ECFP,GBM,0.7410015295488418,0.7664083141180665,0.8522680942434482,0.9806034283989352,True
CHEMBL2276,ECFP,KNN,0.7845857932672295,0.7422716779583582,0.8890643641516626,0.8218354714023312,True
CHEMBL2276,MACCS,RF,0.7244757080100452,0.7344485158618245,0.82041160559454,1.152361580150176,True
CHEMBL2276,MACCS,SVM,0.7673574082945812,0.8398232478436815,0.8246233474759942,1.0843249011703948,True
CHEMBL2276,MACCS,GBM,0.7438633432529107,0.8260752626372612,0.8140360103413017,1.2361935448448402,True
CHEMBL2276,MACCS,KNN,0.8379892717875538,0.8439097965328262,0.9480850341113056,1.0065951956407475,True
CHEMBL2276,PHYSCHEM,RF,0.7426183767320526,0.8275381663526905,0.7655665820665881,0.874486994516717,True
CHEMBL2276,PHYSCHEM,SVM,0.794450448007217,0.8156068786048699,0.9010426111993768,1.1445118317274456,True
CHEMBL2276,PHYSCHEM,GBM,0.7833181421028083,0.8077971122333588,0.7549814672542124,0.7764593811038139,True
CHEMBL2276,PHYSCHEM,KNN,0.687043688388083,0.755602746691336,0.8163686628158598,0.90333226390646,True
CHEMBL2276,WHIM,RF,0.7907222869374629,0.8506888885913438,0.8226648835639883,0.8701971221107033,True
CHEMBL2276,WHIM,SVM,0.8129256927038067,0.888861520915267,0.8835245702456077,0.9480962985499516,True
CHEMBL2276,WHIM,GBM,0.7977827113986187,0.8425093221474282,0.8417706518165267,0.8526916164993432,True
CHEMBL2276,WHIM,KNN,0.7897733349429338,0.8466125201357447,0.8555395764498912,0.7706513914725011,True
CHEMBL261,ECFP,RF,0.6597771492076833,0.7509326154892052,0.6452774177155904,0.725823413516626,True
CHEMBL261,ECFP,SVM,0.6513190435278948,0.7471712171669602,0.6446450349322503,0.7299798346680161,True
CHEMBL261,ECFP,GBM,0.6809171172242842,0.7693403870798853,0.6759847246677891,0.7504600752608583,True
CHEMBL261,ECFP,KNN,0.6779373748909644,0.7782154780513288,0.671916261356679,0.7736078214129057,True
CHEMBL261,MACCS,RF,0.6552861129077547,0.7593230190223635,0.6522303133945654,0.7480934032550024,True
CHEMBL261,MACCS,SVM,0.6808330437980092,0.7950578088976162,0.6734814916850499,0.7764487673957833,True
CHEMBL261,MACCS,GBM,0.6640877173999523,0.7706829264573917,0.6443950674113894,0.7439034584059951,True
CHEMBL261,MACCS,KNN,0.7266983586526662,0.8397608824755372,0.7208665279520943,0.8291289378045615,True
CHEMBL261,PHYSCHEM,RF,0.8456728742295466,0.8894783319419909,0.8093424545503068,0.8240939215876699,True
CHEMBL261,PHYSCHEM,SVM,0.9172953597965628,0.9442448385728676,0.8913016899629218,0.9026154012706412,True
CHEMBL261,PHYSCHEM,GBM,0.8450839863498866,0.888663990983145,0.8251293010713663,0.838168058668649,True
CHEMBL261,PHYSCHEM,KNN,0.8548409461063748,0.8928732373487583,0.831531746755774,0.8549642542962298,True
CHEMBL261,WHIM,RF,0.9159917303227344,0.9368203506753604,0.923070623451817,0.9095856178997618,True
CHEMBL261,WHIM,SVM,0.9589681043408462,0.977647769060932,0.9669028374355544,0.9334353391694608,True
CHEMBL261,WHIM,GBM,0.9359429573196288,0.9646257690647726,0.9374091012039204,0.9044718674394912,True
CHEMBL261,WHIM,KNN,0.9573856324167818,0.974196963026073,0.9507652149890756,0.9488701881166908,True
CHEMBL262,ECFP,RF,0.6874279908339483,0.7331033525472558,0.6221962666671667,0.6669177042194296,True
CHEMBL262,ECFP,SVM,0.6835106295085085,0.7041232992227041,0.6423565337430313,0.7259018006546717,True
CHEMBL262,ECFP,GBM,0.7139015182110959,0.7417934107924171,0.6289305525893449,0.6893078043969241,True
CHEMBL262,ECFP,KNN,0.7248814789555719,0.795438905745435,0.7162664391592938,0.8134820463446987,True
CHEMBL262,MACCS,RF,0.7787152921730305,0.8686596699365566,0.7462227655301642,0.8276079963369006,True
CHEMBL262,MACCS,SVM,0.7643336220913219,0.8525781361539829,0.7799235853188977,0.8656998793757104,True
CHEMBL262,MACCS,GBM,0.804051411487759,0.8714899139903657,0.7773752660784656,0.8857630384362883,True
CHEMBL262,MACCS,KNN,0.8465934048295455,0.9173705758476676,0.8378271553320249,0.8925831057307482,True
CHEMBL262,PHYSCHEM,RF,0.8126539496136126,0.8557355465881378,0.7636030977717722,0.8543565679266097,True
CHEMBL262,PHYSCHEM,SVM,1.0259740300434252,0.9368285419441056,0.9956132554871674,0.8668932322474077,True
CHEMBL262,PHYSCHEM,GBM,0.8303308273851081,0.9093774404423752,0.795200605229212,0.8918600094839825,True
CHEMBL262,PHYSCHEM,KNN,0.8420888700976128,0.9106323466453576,0.8462670026609878,0.8824954850342478,True
CHEMBL262,WHIM,RF,0.8463048722361354,0.9280066244685792,0.8585322451454815,0.8952972590751694,True
CHEMBL262,WHIM,SVM,0.8726236619938321,0.9646406594004464,0.8979807236839183,0.9200534628197696,True
CHEMBL262,WHIM,GBM,0.8627428815694304,0.9358807418689687,0.8581808281535996,0.9046370026572226,True
CHEMBL262,WHIM,KNN,0.8771438154588417,0.9260711108656562,0.9018193549335772,0.8340575301328639,True
CHEMBL267,ECFP,RF,0.6805711458252639,0.7618299048546401,0.6415214593760783,0.8232048213263403,True
CHEMBL267,ECFP,SVM,0.6667388643221671,0.741157567433153,0.6566868911711142,0.859853410941142,True
CHEMBL267,ECFP,GBM,0.7110441354093379,0.7894630429855638,0.6475535389387411,0.8388211430199787,True
CHEMBL267,ECFP,KNN,0.6683817588671181,0.7471661149524529,0.6415149039794417,0.8184281339524941,True
CHEMBL267,MACCS,RF,0.6762824074653725,0.7674051572701386,0.6653590450351253,0.8323537529450112,True
CHEMBL267,MACCS,SVM,0.6959396294436268,0.7506778646527615,0.6584224175400449,0.831827698309945,True
CHEMBL267,MACCS,GBM,0.7175473340595122,0.7780032765348973,0.6692853404601748,0.8910139850680191,True
CHEMBL267,MACCS,KNN,0.7053623374339791,0.788806327693572,0.7112363732607906,0.9334528771229368,True
CHEMBL267,PHYSCHEM,RF,0.7265886476111754,0.7209710276308858,0.641615472955459,0.82609597022459,True
CHEMBL267,PHYSCHEM,SVM,0.9206090092154416,0.7561295399797204,0.8298295047315183,0.919896057672152,True
CHEMBL267,PHYSCHEM,GBM,0.7363452539195825,0.7362334952794941,0.6746161024066495,0.8552828894259024,True
CHEMBL267,PHYSCHEM,KNN,0.7421995164654224,0.7800512165147914,0.7123218564839113,0.9347942066611128,True
CHEMBL267,WHIM,RF,0.8043204044856807,0.8668117960739676,0.8065617297820941,0.9248244908312464,True
CHEMBL267,WHIM,SVM,0.8106029384004316,0.8685086509661439,0.8204967573027464,0.9555644354932158,True
CHEMBL267,WHIM,GBM,0.818104491838799,0.8860788168538442,0.8697479991683582,1.0565357370603898,True
CHEMBL267,WHIM,KNN,0.8005935817517893,0.8652953091181955,0.8160882669978574,1.010292075518431,True
CHEMBL2695,ECFP,RF,0.8626825983544548,0.7304612788122443,1.0450287968410836,0.8155487061575004,True
CHEMBL2695,ECFP,SVM,0.7955540405104582,0.7453548864898228,0.9494728498912476,0.8223809405576821,True
CHEMBL2695,ECFP,GBM,0.8325503024463679,0.6717517128977433,0.990560188573952,0.752971863380693,True
CHEMBL2695,ECFP,KNN,1.037112802412917,0.8871273990323377,1.3568935155715205,0.6965476819165775,True
CHEMBL2695,MACCS,RF,0.770706318412862,0.7736339257616013,1.1316539923789406,0.8674035122088114,True
CHEMBL2695,MACCS,SVM,0.8863312308437082,0.8512180187337147,1.023187993250816,0.916301395980557,True
CHEMBL2695,MACCS,GBM,0.8011182406826831,0.8237705085877842,1.0814420043361226,0.8676074205540144,True
CHEMBL2695,MACCS,KNN,0.8431007325416892,0.9077555907723656,1.1968457478367225,0.7503858581587182,True
CHEMBL2695,PHYSCHEM,RF,0.8127508159173191,0.7017949888209786,0.909905496928103,0.9437481636114295,True
CHEMBL2695,PHYSCHEM,SVM,1.0557576229641912,1.0068240721889223,0.986364352369315,1.0989597338216743,True
CHEMBL2695,PHYSCHEM,GBM,0.8227755742568633,0.7292687417092552,0.9512014237749016,1.0674543334266633,True
CHEMBL2695,PHYSCHEM,KNN,0.7887676664598424,0.6455843888813548,1.0182137363107546,1.0816959806581232,True
CHEMBL2695,WHIM,RF,0.8364148221882932,0.93186460415483,1.024767731315775,1.5832493550189648,True
CHEMBL2695,WHIM,SVM,0.8859348814571559,0.9778637815278785,1.1830625547510276,2.370120062145007,True
CHEMBL2695,WHIM,GBM,0.8623138439999823,1.005523257337163,1.0285384822741994,1.5210291049699838,True
CHEMBL2695,WHIM,KNN,0.9070354161393512,0.9815229574978876,1.0791665533573818,1.844150535359792,True
CHEMBL279,ECFP,RF,0.7684138937460554,0.8329521361278949,0.6409760714326466,0.6060063374940879,True
CHEMBL279,ECFP,SVM,0.7581322469358376,0.8362206930173082,0.6250931233209508,0.6495181698972382,True
CHEMBL279,ECFP,GBM,0.7751505840341222,0.8072705534157566,0.6906316269843178,0.7385316770978386,True
CHEMBL279,ECFP,KNN,0.8187989311009344,0.8777920484614589,0.6780009532179346,0.669517363353638,True
CHEMBL279,MACCS,RF,0.8475774096274403,0.8831136189400806,0.8013631574927285,0.7294683056370684,True
CHEMBL279,MACCS,SVM,0.8607300547784027,0.878297757489759,0.7468725410369301,0.6899891687625955,True
CHEMBL279,MACCS,GBM,0.8502310042345637,0.8830765388091117,0.7489848613927381,0.6871653706157242,True
CHEMBL279,MACCS,KNN,0.9915180055340626,0.9547335664623292,0.9671487203671892,0.7465117557653099,True
CHEMBL279,PHYSCHEM,RF,0.9469940522429612,1.0560258381146927,0.9048698062605128,0.9131228586423378,True
CHEMBL279,PHYSCHEM,SVM,1.0666610525137008,1.1132041820614045,1.1285386526480043,0.966234688098942,True
CHEMBL279,PHYSCHEM,GBM,0.96334475525602,1.089123349278627,0.9428623931296234,0.8915042831391617,True
CHEMBL279,PHYSCHEM,KNN,0.9410017308838566,0.977732065401787,0.9021853995198112,0.8814378719093268,True
CHEMBL279,WHIM,RF,0.9500763416727922,1.073526597355543,0.8789562579234738,0.986157208458645,True
CHEMBL279,WHIM,SVM,1.0000855731021865,1.1081877642604607,0.9042018828388042,0.977254391801348,True
CHEMBL279,WHIM,GBM,0.9713359293123622,1.1051685013490482,0.8861946499033992,0.925343673822388,True
CHEMBL279,WHIM,KNN,0.999288550987642,1.0418848395418971,0.8956614619764657,0.970153260300009,True
CHEMBL2842,ECFP,RF,0.6364185531143726,0.688698097979777,0.6235277513728692,0.8283748970478,True
CHEMBL2842,ECFP,SVM,0.5832096735131338,0.6323214892479915,0.5685688384170609,0.7217240968966326,True
CHEMBL2842,ECFP,GBM,0.6186469108887821,0.6347480007669183,0.6588809108148205,0.8566017576849686,True
CHEMBL2842,ECFP,KNN,0.6385765099567235,0.6904034498255344,0.6701515917044587,0.8884385177326986,True
CHEMBL2842,MACCS,RF,0.6620455582070366,0.717795869660237,0.6810066136046752,0.8946249946762677,True
CHEMBL2842,MACCS,SVM,0.6584366720010073,0.72796562803417,0.680828758126288,0.89715630145081,True
CHEMBL2842,MACCS,GBM,0.6807044607903849,0.742683784967455,0.6881895056199915,0.8979813454340675,True
CHEMBL2842,MACCS,KNN,0.7174684825477711,0.8371439779982294,0.7651838413357335,0.945749304846256,True
CHEMBL2842,PHYSCHEM,RF,0.7007246230133009,0.7423007641691478,0.7961171900722225,0.9669622596013736,True
CHEMBL2842,PHYSCHEM,SVM,0.8815080353020845,0.9278432091500324,0.7991265545928591,0.9552632439769568,True
CHEMBL2842,PHYSCHEM,GBM,0.7307339895920655,0.7566383384156142,0.7587496416563377,0.960342135365223,True
CHEMBL2842,PHYSCHEM,KNN,0.7636110812486686,0.7709724113272627,0.7967634518184036,1.0303686646355772,True
CHEMBL2842,WHIM,RF,0.7850709762666926,0.8179420485580713,0.8442911344193685,1.006859006720242,True
CHEMBL2842,WHIM,SVM,0.7898880980385918,0.8505305272927253,0.7834457051880996,0.9923992078394556,True
CHEMBL2842,WHIM,GBM,0.8020517129127701,0.8343544525764869,0.8027888048113727,0.9514442632652044,True
CHEMBL2842,WHIM,KNN,0.8074586624166938,0.8679717836536119,0.8112767802686474,0.9955961662820682,True
CHEMBL299,ECFP,RF,0.872511589556585,0.91037757827739,0.8818237499175778,0.9151465776337572,True
CHEMBL299,ECFP,SVM,0.8523958347303405,0.924673344793628,0.873505842119107,0.9196198026210088,True
CHEMBL299,ECFP,GBM,0.8466858010940681,0.936831033827598,0.927655113658343,0.9536429173451948,True
CHEMBL299,ECFP,KNN,0.9339209132793072,1.0399924105518743,1.0076545737251374,1.014641092336659,True
CHEMBL299,MACCS,RF,0.888178905726559,0.944577108822316,0.8872723710352215,1.0166064691023713,True
CHEMBL299,MACCS,SVM,0.8676558760802324,0.9221071707458878,0.9159709482237974,0.958731348275344,True
CHEMBL299,MACCS,GBM,0.8950860225863669,0.9693770298980968,0.9195468228750652,1.0906912576867192,True
CHEMBL299,MACCS,KNN,1.0234588283729162,1.1087253572024098,0.9279571425931749,1.037056922615094,True
CHEMBL299,PHYSCHEM,RF,1.0019950428038416,0.9755926035812028,0.9460268991509202,0.4527517582370636,True
CHEMBL299,PHYSCHEM,SVM,1.0599301357278963,1.094477594584117,1.2537179607464737,0.6504556102279553,True
CHEMBL299,PHYSCHEM,GBM,1.0280232405698433,0.9854275180361094,1.0175649092092305,0.473288728434393,True
CHEMBL299,PHYSCHEM,KNN,0.9744925675881396,1.0284967132984746,0.9759007779797344,0.6830139954061614,True
CHEMBL299,WHIM,RF,1.063181900576958,1.1008137958681854,1.101924193388291,0.8285334886268433,True
CHEMBL299,WHIM,SVM,1.1078367309186732,1.0531054378855234,1.0376977538459626,0.95331592228415,True
CHEMBL299,WHIM,GBM,1.087181781788637,1.1121824124075934,1.0875572303210734,0.8273138609577108,True
CHEMBL299,WHIM,KNN,1.0951612770136312,1.065351368737267,1.0496968945280944,0.8972739706440597,True
CHEMBL301,ECFP,RF,0.6932800039848458,0.8073119807150524,0.6953287619244836,0.6543463103461818,True
CHEMBL301,ECFP,SVM,0.6939212883227608,0.8063125937077071,0.6978894175150626,0.6705308514568059,True
CHEMBL301,ECFP,GBM,0.699926213637895,0.8079675615909111,0.7519961452228647,0.7028152883322474,True
CHEMBL301,ECFP,KNN,0.7211389767739842,0.8318254886809495,0.7091202840825271,0.6985352862561538,True
CHEMBL301,MACCS,RF,0.7491135456953077,0.847760576081365,0.6779035615928224,0.6432648328899268,True
CHEMBL301,MACCS,SVM,0.7789589422841271,0.9068485054140312,0.6725944118591418,0.7025364387053032,True
CHEMBL301,MACCS,GBM,0.7789388535174624,0.9074174377827356,0.7151146714710358,0.7414431424459824,True
CHEMBL301,MACCS,KNN,0.8165498220528714,0.9344115453915524,0.7747378699092329,0.7514430546819597,True
CHEMBL301,PHYSCHEM,RF,0.8959540964540812,0.9777691549172168,0.7212984333659789,0.6368578392120059,True
CHEMBL301,PHYSCHEM,SVM,1.0438657936422706,0.9804000164184,0.9177568256018922,0.7386375928604721,True
CHEMBL301,PHYSCHEM,GBM,0.9346537854296604,1.04954586988505,0.7638790182973403,0.7614188741706942,True
CHEMBL301,PHYSCHEM,KNN,0.9248023185117538,1.0101704469907578,0.7448604684452712,0.7497780008651856,True
CHEMBL301,WHIM,RF,0.8742592555466783,0.9808159517738732,0.7173926640055911,0.6152567401545798,True
CHEMBL301,WHIM,SVM,0.9205717916144356,1.0419065825877791,0.7296626111338007,0.7027993579247164,True
CHEMBL301,WHIM,GBM,0.88761436363628,0.9940912856263828,0.7572162225974056,0.7218035802954306,True
CHEMBL301,WHIM,KNN,0.8921512160855791,0.958466109664867,0.7544676639549271,0.6537483062992288,True
CHEMBL331,ECFP,RF,0.8502792479542881,0.8308136621106681,0.699486475126647,0.81399912537714,True
CHEMBL331,ECFP,SVM,0.8676201325671871,0.7723773397031651,0.7043225902580922,0.8492436441317956,True
CHEMBL331,ECFP,GBM,0.8789843823911003,0.8409454101515577,0.8298249713780698,0.9018182319011672,True
CHEMBL331,ECFP,KNN,0.9169380122263942,0.8670148437134592,0.692094878814978,0.6648912280840289,True
CHEMBL331,MACCS,RF,0.8689585749726711,0.8683104566007219,0.6233888760656031,0.6101508566081965,True
CHEMBL331,MACCS,SVM,0.9430628317389848,0.9517858436264256,0.551191008269122,0.5958010656186226,True
CHEMBL331,MACCS,GBM,0.9566045678899204,0.9906658695548908,0.612389793816867,0.5911038503058519,True
CHEMBL331,MACCS,KNN,0.9164041677932286,0.989388103580536,0.6535939599174372,0.6759081236838205,True
CHEMBL331,PHYSCHEM,RF,0.8101353212716589,0.7755908163534322,0.667956314260569,0.7078940118118019,True
CHEMBL331,PHYSCHEM,SVM,0.9092586816727152,1.043752449088252,0.723937171246498,0.6853783524875103,True
CHEMBL331,PHYSCHEM,GBM,0.8041293237390941,0.8518097393503474,0.6323843530494334,0.6690981771316563,True
CHEMBL331,PHYSCHEM,KNN,0.830426900456018,0.7848438087779693,0.7601471348238836,0.7307536837837643,True
CHEMBL331,WHIM,RF,0.9165125537084702,0.8211596128092562,0.794209959839099,0.980148704149758,True
CHEMBL331,WHIM,SVM,0.996221273466496,0.8665304090759611,0.7864983302629359,0.9900523749171688,True
CHEMBL331,WHIM,GBM,0.910677873244196,0.9160515106026228,0.914221423181836,1.1506613127383725,True
CHEMBL331,WHIM,KNN,0.922368951170454,0.7939124373705337,0.7733427906588164,0.9024128818284504,True
CHEMBL3371,ECFP,RF,0.6772891043073603,0.7088401516384552,0.6739504890170483,0.7227320987371022,True
CHEMBL3371,ECFP,SVM,0.6440563704207897,0.6779046616683003,0.6090818447319296,0.6432934143088282,True
CHEMBL3371,ECFP,GBM,0.6764060120848436,0.7135769671068529,0.6479339876744844,0.7070782428948379,True
CHEMBL3371,ECFP,KNN,0.7057803653011518,0.7642660898589556,0.6490362998534325,0.7016903580749289,True
CHEMBL3371,MACCS,RF,0.7212097866649833,0.7712544853994521,0.7047719840831869,0.7992264940570685,True
CHEMBL3371,MACCS,SVM,0.7295143845208801,0.7731797997669311,0.7091082121272448,0.8181711593814937,True
CHEMBL3371,MACCS,GBM,0.719997347388827,0.7657880415498342,0.6775368664293999,0.7449907818913887,True
CHEMBL3371,MACCS,KNN,0.7885982572415893,0.8400926037171944,0.7987862899820145,0.8892025379105375,True
CHEMBL3371,PHYSCHEM,RF,0.863583716689674,0.8448810375236221,0.8659401967384972,0.9644081753861876,True
CHEMBL3371,PHYSCHEM,SVM,0.9391093946202222,0.8731793054584088,0.857584069453744,0.915875416793034,True
CHEMBL3371,PHYSCHEM,GBM,0.8735607321617405,0.8591243707032318,0.8431706963299174,0.9323081042124642,True
CHEMBL3371,PHYSCHEM,KNN,0.8981370674323976,0.8718273228075589,0.9083844621732317,0.9504177902161516,True
CHEMBL3371,WHIM,RF,0.918054241727175,0.9148729979679504,0.8893541218184027,0.8814192304640797,True
CHEMBL3371,WHIM,SVM,0.930968599338716,0.9391550109371144,0.9136432613078012,0.9162095164863572,True
CHEMBL3371,WHIM,GBM,0.9195085168376762,0.9111474040530037,0.8880136541562641,0.8717453635247473,True
CHEMBL3371,WHIM,KNN,0.9684366865460996,0.928430563394697,0.9464327331260594,0.9284254444609924,True
CHEMBL3587,ECFP,RF,0.8218585877212613,0.6660274360266341,0.6418781117873111,1.4076705286523077,True
CHEMBL3587,ECFP,SVM,0.8001005299205896,0.7925540770960762,0.5790828493370507,1.0307578552529622,True
CHEMBL3587,ECFP,GBM,0.8616422802243618,0.6218771529402167,0.7306321152195573,1.2689952296790876,True
CHEMBL3587,ECFP,KNN,1.096408080410303,0.865528864828549,0.9011775421840356,1.2420272956765053,True
CHEMBL3587,MACCS,RF,0.8258398637600034,1.129671968277922,0.6899738974566679,1.1139664233298396,True
CHEMBL3587,MACCS,SVM,0.7929763572767689,1.1049089392212574,0.6400854917320312,1.249577411369974,True
CHEMBL3587,MACCS,GBM,0.8183435880010773,1.0579570102892155,0.7053190884828232,1.253180383650954,True
CHEMBL3587,MACCS,KNN,0.8866673820452752,1.1511216282368015,0.7169014458417273,1.266119800072652,True
CHEMBL3587,PHYSCHEM,RF,0.7581342418461519,1.1310441509390885,0.5246240351783008,0.9039671807569968,True
CHEMBL3587,PHYSCHEM,SVM,1.0612616950662077,1.3483883464603,1.1728723407014712,0.6321028467490155,True
CHEMBL3587,PHYSCHEM,GBM,0.7836806152919616,1.2494913155663223,0.6027466052308313,0.9998959898554354,True
CHEMBL3587,PHYSCHEM,KNN,0.7259220211723392,0.9243984272386172,0.6216900930671898,0.7908050578593318,True
CHEMBL3587,WHIM,RF,0.776527670220518,1.0214120505774107,0.6208422708888305,0.8445673065166401,True
CHEMBL3587,WHIM,SVM,0.7664493052104095,0.8403485162533093,0.6936769786954092,0.359766936686992,True
CHEMBL3587,WHIM,GBM,0.8264063187890623,1.0783286523222717,0.6791499208767687,0.5834378154446926,True
CHEMBL3587,WHIM,KNN,0.7827415862829354,0.8910406368029957,0.6872453381488222,0.4015485114924857,True
CHEMBL4040,ECFP,RF,0.6763188475519096,0.6909359097404943,0.8789361186424934,1.0939281613749026,True
CHEMBL4040,ECFP,SVM,0.6663026041625302,0.6561516756539105,0.8212016131577705,1.0239857025756192,True
CHEMBL4040,ECFP,GBM,0.6805699440259266,0.7062594672576041,0.9134443190306164,0.9557873938990966,True
CHEMBL4040,ECFP,KNN,0.6874038554667946,0.7476839677931331,0.8260951520564199,1.1233053370452577,True
CHEMBL4040,MACCS,RF,0.8007484469228446,0.7879628986949978,0.9104121080111204,1.080593077806194,True
CHEMBL4040,MACCS,SVM,0.7290040632631537,0.8378736385728957,0.9771991967277064,1.3325020284833442,True
CHEMBL4040,MACCS,GBM,0.7427859441455091,0.7578666348083696,0.9475618546199404,1.275028856785441,True
CHEMBL4040,MACCS,KNN,0.7945152435935441,0.8519998550344229,0.983795762103159,1.236199974253064,True
CHEMBL4040,PHYSCHEM,RF,1.0095394862553793,1.1678505368531062,1.1308471138262697,1.1352373963781164,True
CHEMBL4040,PHYSCHEM,SVM,1.061589823191041,1.0687261384123128,1.2524357356350988,1.2380904197348954,True
CHEMBL4040,PHYSCHEM,GBM,1.0051424713174182,1.2024170628683324,1.1445198577301978,1.0520685921910966,True
CHEMBL4040,PHYSCHEM,KNN,0.9864242022667798,0.860496121238254,1.0076779305757169,1.2144971854439952,True
CHEMBL4040,WHIM,RF,0.9365445059743212,1.139197331209645,1.183907315840476,0.9186176720798452,True
CHEMBL4040,WHIM,SVM,0.9368199921058448,1.0792750367664108,1.0671080086835738,1.0457913613297,True
CHEMBL4040,WHIM,GBM,0.9481399463193896,1.0315802755290744,1.18047513473199,1.015339762737331,True
CHEMBL4040,WHIM,KNN,0.9765580664986178,0.9766470861159442,1.083262595649854,0.7614679089798583,True
CHEMBL4072,ECFP,RF,0.8523113912051894,0.8815181867963852,0.8669100004793018,0.9637036279926904,True
CHEMBL4072,ECFP,SVM,0.8861705505354182,0.9185009478657,0.9108411472753772,1.034277493962024,True
CHEMBL4072,ECFP,GBM,0.8805147377814452,0.9035521183010649,0.8572508236600193,0.9825296679485028,True
CHEMBL4072,ECFP,KNN,0.9461246164106818,0.9654938564077112,0.9089098003207852,0.9784646346091656,True
CHEMBL4072,MACCS,RF,0.9358486327148536,0.951482854953315,0.9973325655891312,1.0678226609461745,True
CHEMBL4072,MACCS,SVM,0.96148255959988,1.0075967094030656,0.9529771256537994,1.0802758395904009,True
CHEMBL4072,MACCS,GBM,0.973074715516232,1.0142010537381148,0.9834212347219684,1.0844565784428533,True
CHEMBL4072,MACCS,KNN,0.969665826636191,1.017089521784836,0.95430541414258,1.0847580188269732,True
CHEMBL4072,PHYSCHEM,RF,1.156024112108583,1.1493355274461845,1.092499594673101,1.0801779897140142,True
CHEMBL4072,PHYSCHEM,SVM,1.4271907977281133,1.3210014808226975,1.0442808102053416,0.9267785655572836,True
CHEMBL4072,PHYSCHEM,GBM,1.1894438060083503,1.2289259163228474,1.039534140063687,0.9592979490200204,True
CHEMBL4072,PHYSCHEM,KNN,1.1632742690287132,1.0685284081084776,1.05923493614975,0.9396997674332048,True
CHEMBL4072,WHIM,RF,1.2924609087990886,1.216288945529127,1.3155796739508874,1.3264621054753571,True
CHEMBL4072,WHIM,SVM,1.318754824258764,1.348350261353533,1.3210678336759072,1.2745931621033106,True
CHEMBL4072,WHIM,GBM,1.3245960844161075,1.2125173885168363,1.3762092388816038,1.436940782394696,True
CHEMBL4072,WHIM,KNN,1.2787873067189786,1.1984210805535112,1.265375720057944,1.1530699737746752,True
CHEMBL4282,ECFP,RF,0.8114655231324551,1.0768728170811597,0.6893121607231234,0.7550510187382535,True
CHEMBL4282,ECFP,SVM,0.8015755910291518,0.9817609251850384,0.6553804985379337,0.7400291276891987,True
CHEMBL4282,ECFP,GBM,0.8711054803950131,1.0666290683381636,0.6276090920920494,0.6832019859619709,True
CHEMBL4282,ECFP,KNN,0.8113158656076666,1.0309990250516254,0.7935634740022457,0.8591178372276153,True
CHEMBL4282,MACCS,RF,0.8474975719411861,1.0314047851029815,0.8592306230042207,0.9464423361095836,True
CHEMBL4282,MACCS,SVM,0.8189254633446403,0.9856457380570476,0.8436876818527488,1.0471448193277717,True
CHEMBL4282,MACCS,GBM,0.829228666062632,1.1027251271247085,0.842317504937408,1.0340604196950982,True
CHEMBL4282,MACCS,KNN,0.8525998038700365,1.109506162259048,0.9384912904765392,1.196159216096431,True
CHEMBL4282,PHYSCHEM,RF,0.9506732185616522,1.139206586012372,0.688422686153785,0.7392691369133543,True
CHEMBL4282,PHYSCHEM,SVM,1.0005105429872052,1.0889983808479309,0.8848853682179908,0.8511478336123246,True
CHEMBL4282,PHYSCHEM,GBM,0.9763672013620732,1.2838661317646152,0.6544059685355056,0.6820806999016933,True
CHEMBL4282,PHYSCHEM,KNN,1.0069576004205547,1.01964400803908,0.8663225878083001,0.7930859563010264,True
CHEMBL4282,WHIM,RF,1.1219448217322567,1.304743983628797,1.0399017900598329,1.2839608907311963,True
CHEMBL4282,WHIM,SVM,1.163067959283011,1.492207834934372,1.1700723290659525,1.6100026153534233,True
CHEMBL4282,WHIM,GBM,1.076843019671098,1.2040130033680465,0.973190320174898,1.1815545301180226,True
CHEMBL4282,WHIM,KNN,1.0982262886022165,1.2613464960211596,1.0776916833474102,1.254665360665098,True
CHEMBL4482,ECFP,RF,0.6705473280772034,0.6358033552628842,0.6844271686776422,0.8248681287414226,True
CHEMBL4482,ECFP,SVM,0.6587944217061577,0.6349966407009849,0.6405445225993293,0.7397322410965276,True
CHEMBL4482,ECFP,GBM,0.6991166961997071,0.6520246529697907,0.6861927214983361,0.7064428589300418,True
CHEMBL4482,ECFP,KNN,0.7852716798484899,0.670552631191177,0.8171513390707125,0.8387290660606153,True
CHEMBL4482,MACCS,RF,0.735804869007884,0.7573647996937167,0.7756824947261215,0.7813301764085676,True
CHEMBL4482,MACCS,SVM,0.7153374480760637,0.7350563300501552,0.7234965519689435,0.684530018413635,True
CHEMBL4482,MACCS,GBM,0.7355456730179061,0.7004618853709961,0.7884227793349088,0.7069610308655164,True
CHEMBL4482,MACCS,KNN,0.7915715417633302,0.7319666018384559,0.8344207221870975,0.7093371183677993,True
CHEMBL4482,PHYSCHEM,RF,0.792082947995225,0.7881744589460007,0.7602958938007,0.7350048272530136,True
CHEMBL4482,PHYSCHEM,SVM,1.0547566210811246,1.0743250802057704,0.8118629332554231,0.7643159910856349,True
CHEMBL4482,PHYSCHEM,GBM,0.8229893125305282,0.8055288804565092,0.7831688552870935,0.7723259436226441,True
CHEMBL4482,PHYSCHEM,KNN,0.7948940478477778,0.7587408922750085,0.809948943540433,0.892017709561239,True
CHEMBL4482,WHIM,RF,0.7688652607502453,0.898352657294649,0.7822130818154056,0.8713546458041462,True
CHEMBL4482,WHIM,SVM,0.7814285832265115,0.9322175137736992,0.7733055626757253,0.8382612746089131,True
CHEMBL4482,WHIM,GBM,0.7750829679825701,0.877270284897239,0.8121509484780259,0.9501666635647096,True
CHEMBL4482,WHIM,KNN,0.7966453035682433,0.8550958670322124,0.8193895923541415,0.8428489905960902,True
CHEMBL4501,ECFP,RF,0.685905288681149,0.8510095883000036,0.7142098719027555,0.7152348062039862,True
CHEMBL4501,ECFP,SVM,0.6687990264832047,0.8162286469569936,0.7439781048954194,0.6295481478266112,True
CHEMBL4501,ECFP,GBM,0.7307937498587831,0.873553644327728,0.7366960871199885,0.7210138670946399,True
CHEMBL4501,ECFP,KNN,0.7366737000285164,0.8900291367924296,0.723320784350331,0.763594362683271,True
CHEMBL4501,MACCS,RF,0.709117434395866,0.8281272080242454,0.745204679647854,0.6979786068308791,True
CHEMBL4501,MACCS,SVM,0.7104422238639551,0.8633110903626503,0.7590787315440167,0.6885208255164162,True
CHEMBL4501,MACCS,GBM,0.768508929860672,0.9517654121731132,0.7880098069384588,0.7351579726131017,True
CHEMBL4501,MACCS,KNN,0.7748842615930617,0.9920649206925374,0.8407316358636076,0.7372952381369711,True
CHEMBL4501,PHYSCHEM,RF,0.7433184655225157,0.783149591615257,0.737433043207575,0.6978048534604743,True
CHEMBL4501,PHYSCHEM,SVM,0.8822408128752763,0.9258324440793736,0.8932202030891809,0.6470958140223269,True
CHEMBL4501,PHYSCHEM,GBM,0.7858098401043754,0.860258159063745,0.7674673255001268,0.6952437558675507,True
CHEMBL4501,PHYSCHEM,KNN,0.7570018227852096,0.8026608029190697,0.8009493799619302,0.6607554006237502,True
CHEMBL4501,WHIM,RF,0.712545645412245,0.7218698866868648,0.7689340820494118,0.7615828246963947,True
CHEMBL4501,WHIM,SVM,0.716137360251697,0.7260097182794956,0.8428621432548777,0.8028707504979596,True
CHEMBL4501,WHIM,GBM,0.7058784159442559,0.7935089104641183,0.7607335630292973,0.7868630059235753,True
CHEMBL4501,WHIM,KNN,0.7138065277921423,0.7142862589645084,0.8276652396080802,0.7407321517313584,True
CHEMBL4792,ECFP,RF,0.666393678647538,0.706575043370501,0.6192018532203498,0.6733972950249263,True
CHEMBL4792,ECFP,SVM,0.6138644781168625,0.6496263157468309,0.5853830444623175,0.6043064239401648,True
CHEMBL4792,ECFP,GBM,0.6662593350480865,0.6938589689200159,0.6256732324162807,0.6461192926856067,True
CHEMBL4792,ECFP,KNN,0.7030169979046078,0.7564753514851955,0.7140131040662687,0.7429045216260358,True
CHEMBL4792,MACCS,RF,0.7573552211523658,0.7908585095447437,0.7506722221984733,0.7975653821248112,True
CHEMBL4792,MACCS,SVM,0.7389223629200604,0.7913790518960852,0.7609214090184226,0.815228710281372,True
CHEMBL4792,MACCS,GBM,0.7293121414385443,0.7854413764530447,0.7507609712949558,0.8326047350044403,True
CHEMBL4792,MACCS,KNN,0.8198904194924556,0.8762754468098171,0.8204278368392726,0.8451832417359517,True
CHEMBL4792,PHYSCHEM,RF,0.8301855301667663,0.8446360627802905,0.8302698559035445,0.867310674395433,True
CHEMBL4792,PHYSCHEM,SVM,0.871486887459113,0.9096493139114944,0.8621429071234727,0.8586640312668845,True
CHEMBL4792,PHYSCHEM,GBM,0.8422060129286596,0.8509123804840693,0.8219216322935663,0.8606499702200457,True
CHEMBL4792,PHYSCHEM,KNN,0.8824837250382014,0.9092218197071642,0.8587931584639779,0.9037461801139196,True
CHEMBL4792,WHIM,RF,1.0249501629251156,1.0494937372675188,1.013351213511131,0.9930016233121466,True
CHEMBL4792,WHIM,SVM,1.0507220332329097,1.0969327384285417,1.0178613975197703,0.9793880756421258,True
CHEMBL4792,WHIM,GBM,1.0233638006274668,1.0573782768722708,1.0143336974665536,0.994184730360526,True
CHEMBL4792,WHIM,KNN,1.055888660218534,1.095169150989635,1.0187770337048865,1.0080586807650402,True
CHEMBL4816,ECFP,RF,0.7895897379803485,0.4820478694140959,0.6429494328604306,1.0395963557214831,True
CHEMBL4816,ECFP,SVM,0.7797396029510684,0.5397836634122994,0.6125296145180932,0.8314612319979885,True
CHEMBL4816,ECFP,GBM,0.7930795263640426,0.6092874655721422,0.6837088284896748,1.0500873914443218,True
CHEMBL4816,ECFP,KNN,0.8438730399712208,0.5508362123449023,0.6498260129410077,0.859088527850554,True
CHEMBL4816,MACCS,RF,0.7835940152437568,0.5003639651282951,0.6804122760169867,0.69477741474449,True
CHEMBL4816,MACCS,SVM,0.7756505210669773,0.4363003293729732,0.6080434428498148,0.6942086772372228,True
CHEMBL4816,MACCS,GBM,0.8147615494722491,0.25105862619162,0.7808681709061781,0.7695444038083927,True
CHEMBL4816,MACCS,KNN,0.8963662565940718,0.4673969733769282,0.6875372840595878,1.3729044946216562,True
CHEMBL4816,PHYSCHEM,RF,0.8556099392419542,1.0737120919352603,0.7208377502228559,0.619559884678393,True
CHEMBL4816,PHYSCHEM,SVM,1.2109113162703522,0.7222010823718661,0.995216994178447,1.1335595624919024,True
CHEMBL4816,PHYSCHEM,GBM,0.9258598531882476,1.072394932495251,0.85861887638803,0.6396151669064031,True
CHEMBL4816,PHYSCHEM,KNN,0.8354426252485034,1.0001439923980284,0.7362118987365894,1.1418151471622768,True
CHEMBL4816,WHIM,RF,0.8421589061521273,1.1794562814134844,0.8671366104474665,0.9186250754432532,True
CHEMBL4816,WHIM,SVM,0.8676668456125783,1.234291564528213,0.9303347440294816,0.8148547916443806,True
CHEMBL4816,WHIM,GBM,0.8751868517686222,0.9355903130462254,0.900761102955,1.0642904466041223,True
CHEMBL4816,WHIM,KNN,0.8246133574564055,1.1298394569686363,0.7879632675897943,0.7959839503625723,True
CHEMBL5023,ECFP,RF,0.8281951762051207,0.8145755280550303,0.7666590617010186,0.8635370999211043,True
CHEMBL5023,ECFP,SVM,0.7799935281912997,0.8026510886526702,0.8057385335119894,0.8682912730682708,True
CHEMBL5023,ECFP,GBM,0.7903934778229458,0.7887933311295032,0.7870162229438371,0.8579969538251735,True
CHEMBL5023,ECFP,KNN,0.8894661965828032,0.8585856354388138,0.8183035176889023,0.9391771947994282,True
CHEMBL5023,MACCS,RF,0.8355218541957231,0.777014376677725,0.852983434430774,0.9794683862344306,True
CHEMBL5023,MACCS,SVM,0.7937190950938422,0.7733567569535094,0.8547478678689815,0.9722540152569163,True
CHEMBL5023,MACCS,GBM,0.8026575621014361,0.7859267967783138,0.863979912863784,1.0052445453564047,True
CHEMBL5023,MACCS,KNN,0.8572804057378811,0.8660026317208145,0.9149564794130872,1.0648802664112778,True
CHEMBL5023,PHYSCHEM,RF,0.937463336209398,0.913261201187516,0.9243765646983352,0.9984500379005086,True
CHEMBL5023,PHYSCHEM,SVM,1.0423491168331838,0.9219816411164016,0.9963493773167404,1.1356150247238015,True
CHEMBL5023,PHYSCHEM,GBM,0.9427034173127218,0.8996404965310885,0.954527457553773,1.036096390356993,True
CHEMBL5023,PHYSCHEM,KNN,1.0318647478576275,0.9302375357488556,0.9946685717571144,1.1254404995335483,True
CHEMBL5023,WHIM,RF,1.171538261039894,1.2182255744999095,1.1658469059839658,1.338139888249052,True
CHEMBL5023,WHIM,SVM,1.2142436805296628,1.298837962536477,1.276118055939153,1.4580918374580754,True
CHEMBL5023,WHIM,GBM,1.209794790444299,1.2157418747772035,1.1956304699162108,1.3211801863419037,True
CHEMBL5023,WHIM,KNN,1.247285595468907,1.2775982902770155,1.25706069137397,1.368041573651342,True
CHEMBL214,ECFP,RF,0.6695455022684208,0.7522810256596831,0.6906998406060862,0.764681572791873,True
CHEMBL214,ECFP,SVM,0.6394244153839697,0.7052302320199436,0.6663103446603632,0.7241756707608704,True
CHEMBL214,ECFP,GBM,0.6737369744059619,0.7459533706920787,0.7210176345390523,0.7991230412071111,True
CHEMBL214,ECFP,KNN,0.7009388150822183,0.7829738822999319,0.7355494897605208,0.8376127030181926,True
CHEMBL214,MACCS,RF,0.7707463027575174,0.8431721201089972,0.7864981037226676,0.8772916113865492,True
CHEMBL214,MACCS,SVM,0.7730348455900157,0.8589047678174413,0.7610687951456573,0.8645140601111565,True
CHEMBL214,MACCS,GBM,0.7685414504655648,0.8254229615682375,0.7634961804561827,0.847050660561281,True
CHEMBL214,MACCS,KNN,0.832714299872487,0.9111884637809708,0.8411282877722979,0.97013168769893,True
CHEMBL214,PHYSCHEM,RF,0.9453502887829714,0.9707450691051972,0.9021421166915982,0.9234693723492432,True
CHEMBL214,PHYSCHEM,SVM,1.0463220138878533,1.0673003276893025,0.9571751367832556,0.9505890351354824,True
CHEMBL214,PHYSCHEM,GBM,0.946806966635964,0.9876687463363496,0.9069595548750408,0.9170847220752686,True
CHEMBL214,PHYSCHEM,KNN,0.98957560434242,1.0116387039524348,0.9356330973126802,0.9345588587403708,True
CHEMBL214,WHIM,RF,1.0808926572867563,1.1101557536779314,1.044023380381626,1.0865646061617047,True
CHEMBL214,WHIM,SVM,1.1115246697249952,1.1372122218251632,1.0705352534444077,1.1224401010344425,True
CHEMBL214,WHIM,GBM,1.1007222672504238,1.1270648143640305,1.0641435523550686,1.112645608741719,True
CHEMBL214,WHIM,KNN,1.1315031738712265,1.1411495555264584,1.0836808848145203,1.1187318402020503,True
CHEMBL233,ECFP,RF,0.7209830854212803,0.7795645599188588,0.689597457521723,0.7143285505412168,True
CHEMBL233,ECFP,SVM,0.7032404970759393,0.7537655725667098,0.6855590841467869,0.7321773344918304,True
CHEMBL233,ECFP,GBM,0.7322864775524113,0.7917443185909133,0.7130074337694491,0.735154582203244,True
CHEMBL233,ECFP,KNN,0.7516621251993101,0.8186063465118874,0.7077736465839389,0.7643284177942773,True
CHEMBL233,MACCS,RF,0.7945551605169956,0.8291380723459252,0.7670160513130626,0.8123188085273635,True
CHEMBL233,MACCS,SVM,0.789462965435855,0.841358161278991,0.7745693135190019,0.8090218263553256,True
CHEMBL233,MACCS,GBM,0.7835045452764754,0.8364681949792263,0.7669731367857785,0.8007463145441754,True
CHEMBL233,MACCS,KNN,0.8511070087069847,0.8939509977104126,0.8334982398753372,0.8884889706758102,True
CHEMBL233,PHYSCHEM,RF,0.9635630932645208,0.9540405721326622,0.9352368554050894,0.958047210661106,True
CHEMBL233,PHYSCHEM,SVM,1.061115938699445,1.0514298767307626,0.9847474532206256,1.009986888645502,True
CHEMBL233,PHYSCHEM,GBM,0.9869395393867206,0.9829849906038172,0.961600134470498,0.9915172161744836,True
CHEMBL233,PHYSCHEM,KNN,1.0112532955143037,0.996084923434715,0.9408691038550252,0.9579456312969816,True
