smiles,exp_mean [nM],y,cliff_mol,split
c1cc2[nH]ncc2cc1-c1c[nH]nn1,69911.0,-4.844545514278569,0,train
Fc1ccccc1Cn1cc(-c2ccc3[nH]ncc3c2)nn1,13090.0,-4.1169396465507555,0,train
Clc1cccc(Cn2cc(-c3ccc4[nH]ncc4c3)nn2)c1Cl,67636.0,-4.830177915464808,0,train
Nc1n[nH]c2ccc(-c3cc(Cc4ccccc4)no3)cc12,3588.0,-3.5548524343720547,0,train
N#CCOc1ccc(Nc2nc(Nc3cccc(S(N)(=O)=O)c3)ncc2Br)cc1,15.85,-1.2000292665537702,0,train
CCCn1cc(-c2cnc(N)c3c(-c4ccc(NC(=O)Nc5cccc(F)c5)cc4)csc23)cn1,3981.07,-3.59999981394342,0,test
COc1cccc(C(=O)Nc2n[nH]c3ccc(-c4cn(Cc5ccccc5)nn4)cc23)c1,794.33,-2.9000009651534695,0,train
Cc1cc(N2CCOCC2)cc2[nH]c(-c3c(NCC(O)c4cccc(Cl)c4)cc[nH]c3=O)nc12,158.49,-2.200001865406602,0,train
NC(COc1cncc(-c2ccc3c(c2)C(=Cc2ccc[nH]2)C(=O)N3)c1)Cc1ccccc1,31.62,-1.4999618655961902,0,train
NC1CCC(Nc2nccc(-c3c[nH]c4ncccc34)n2)CC1,316.23,-2.500003068051693,0,train
NC1CCCCC1Nc1nccc(-c2c[nH]c3ncccc23)n1,100.0,-2.0,0,train
O=C(O)c1ccccc1Nc1ccnc(Nc2ccc3cn[nH]c3c2)n1,1258.93,-3.100001582801352,0,train
OC1CCC(Nc2nc(Cl)cc(-c3c[nH]c4ncccc34)n2)CC1,25.12,-1.4000196350651586,0,train
CC(C)(CNc1cc(-c2c[nH]c3ncccc23)cc(Cl)n1)CNS(C)(=O)=O,3162.28,-3.5000003213429354,0,train
CN1c2ccc(N)cc2C(c2ccccc2)c2cc(N)ccc21,1258.93,-3.100001582801352,0,train
Nc1n[nH]c2ncc(Br)cc12,63095.73,-4.799999969383821,0,train
CCCCN(CCC#N)C(=O)c1ccc2nc(-c3n[nH]c4ccccc34)[nH]c2c1,63.1,-1.8000293592441343,0,train
C=CCn1c(=O)c2cnc(Nc3ccc(N4CCN(C)CC4)cc3)nc2n1-c1cccc(C(C)(C)O)n1,2511.89,-3.4000006169763797,0,train
NS(=O)(=O)c1cccc(Nc2ncc3ccn(-c4ccccc4)c3n2)c1,501.19,-2.7000023971422538,0,train
CCOC(=O)Cc1nc2c3cc(Br)ccc3[nH]c(=O)n2n1,3981.07,-3.59999981394342,0,train
Nc1ncnc2c1C(=O)Nc1ccccc1N2,63095.73,-4.799999969383821,0,train
NC1CCC(Nc2cc(Cl)nc(-c3c[nH]c4ncccc34)n2)CC1,19.95,-1.299942900022767,0,train
O=C1NC(=O)C(c2c[nH]c3ccccc23)=C1c1nc(N2CCNCC2)nc2ccccc12,1995.26,-3.2999994961169836,0,train
CS(=O)(=O)NCCNc1cc(-c2c[nH]c3ncccc23)cc(Cl)n1,501.19,-2.7000023971422538,0,train
CCN1CCN(c2ccc(Nc3ncc(Cl)c(Nc4ccc5[nH]ncc5c4)n3)cc2)CC1,125.89,-2.0999912335446846,0,train
Cn1cc(-c2cc3nc(Br)cnc3[nH]2)c2cc(C#N)ccc21,3981.07,-3.59999981394342,0,train
Cc1ccnc2[nH]c3cc(C(C)C)ccc3c(=O)c12,1995.26,-3.2999994961169836,0,test
COc1ccc(CN(C)C)cc1Nc1nccc(-c2c(-c3cccc(NC(=O)Cc4ccccc4)c3)nc3sccn23)n1,3162.28,-3.5000003213429354,0,train
CC(O)Cn1cc(-c2cnc(N)c3c(-c4ccc(NC(=O)Nc5cccc(F)c5)cc4)csc23)cn1,1584.89,-3.1999991251967965,0,train
CC(C)(CN)CNc1cc(-c2c[nH]c3ncccc23)cc(F)n1,630.96,-2.800001827817969,0,test
Nc1n[nH]c2ccc(-c3nnn(Cc4ccccc4)c3I)cc12,1584.89,-3.1999991251967965,0,test
Cc1ccc(-c2cc3c(NCCN)ccc(C(N)=O)c3[nH]2)cc1,1000.0,-3.0,0,train
Nc1n[nH]c2cccc(-c3ccc(F)cc3)c12,50118.72,-4.699999970860911,0,test
COc1ccc(C2=NNc3cccc4c(OC)ccc2c34)cc1OC,1995.26,-3.2999994961169836,0,train
CNC(=O)COc1ccc(Nc2nc(Nc3ccc(C)c(S(N)(=O)=O)c3)ncc2F)cc1,5011.87,-3.6999997975545824,0,train
COC(=O)c1c(-c2ccc(NC(=O)Nc3ccccc3)cc2)c2c(N)ncnn2c1C,3162.28,-3.5000003213429354,0,test
CC(C)(CN)CNc1cc(-c2c[nH]c3ncccc23)cc(Cl)n1,316.23,-2.500003068051693,0,test
Cc1n[nH]c2cnc(-c3cncc(OCC(N)Cc4cccc(C(F)(F)F)c4)c3)cc12,398.11,-2.60000308662774,0,train
O=C1CCCN1Cc1ccc2c(c1)[nH]c(=O)c1cccn12,3981.07,-3.59999981394342,0,test
Cn1cc(-c2cnc(N)c3c(-c4ccc(NC(=O)Nc5ccc(OC(F)F)cc5)cc4)csc23)cn1,3162.28,-3.5000003213429354,0,train
N#Cc1cccc(C(=O)Nc2n[nH]c3ccc(-c4cn(Cc5ccccc5)nn4)cc23)c1,794.33,-2.9000009651534695,0,train
CN(C)C1CCCC(Nc2nc(Cl)cc(-c3c[nH]c4ncccc34)n2)C1,100.0,-2.0,0,train
CC(=O)N1CCN(C2CCC(n3nc(-c4ccc(NC(=O)c5cc6ccccc6n5C)cc4)c4c(N)ncnc43)CC2)CC1,1584.89,-3.1999991251967965,0,train
CC(N)C1CCC(C(=O)Nc2ccnc3[nH]ccc23)CC1,1584.89,-3.1999991251967965,0,train
CC(C)CNC1CCC(Nc2nc(Cl)cc(-c3c[nH]c4ncccc34)n2)CC1,79.43,-1.899984562549391,0,train
CCN(CC)CCCNC(=O)c1cnc(N)c2c(-c3ccc(NC(=O)Nc4cccc(C)c4)cc3)csc12,3981.07,-3.59999981394342,0,train
CCc1c(-c2ccc(C(C)=O)cc2)[nH]c2nccnc12,2511.89,-3.4000006169763797,0,train
NC(=O)c1cc2c(-c3ccc(Br)c(F)c3F)cncc2s1,3981.07,-3.59999981394342,0,train
c1ccc(CNc2nc(Nc3cc(C4CC4)[nH]n3)c3sccc3n2)cc1,50.12,-1.7000110623221123,0,train
CC(=O)NC1CCCC(Nc2nc(Cl)cc(-c3c[nH]c4ncccc34)n2)C1,158.49,-2.200001865406602,0,test
O=c1[nH]c2cc(Br)cnc2[nH]1,39810.72,-4.600000032123142,0,train
Cc1cc(Nc2nc(Cl)cc(NCc3ccccc3)n2)n[nH]1,1000.0,-3.0,0,train
NC(=O)c1cc2ccncc2s1,79432.82,-4.899999981014695,0,train
O=C(O)c1ccccc1Nc1ccnc(Nc2ccc([N+](=O)[O-])cc2)n1,5011.87,-3.6999997975545824,0,train
NCCCOc1cc2c(c(-c3ccc(Nc4nc5ccc(Cl)cc5o4)cc3)c1)CNC2=O,3162.28,-3.5000003213429354,0,train
Nc1nc2ncc(-c3ccccc3)cn2n1,25118.86,-4.399999925393822,0,train
Cc1cccc(NC(=O)Nc2ccc(-c3csc4c(C#CCCCCCCCCN)cnc(N)c34)cc2)c1,630.96,-2.800001827817969,0,train
Cc1cc(O)nc2[nH]nc(-c3cccc(-c4ccc(Cl)cc4)c3)c12,1584.89,-3.1999991251967965,0,train
COc1cc(Nc2ncnc(N3CCCc4cc(C)ccc43)n2)cc(OC)c1OC,630.96,-2.800001827817969,0,train
NCCNc1cc(-c2c[nH]c3ncccc23)cc(Cl)n1,25.12,-1.4000196350651586,1,train
CC(C)(C)c1ccc2nc(-c3n[nH]c4ccccc34)[nH]c2c1,1584.89,-3.1999991251967965,0,test
CNC1CC2OC(C)(C1OC)n1c3ccccc3c3c4c(c5c6ccccc6n2c5c31)C(=O)NC4,7.943,-0.899984562549391,0,train
Cn1cc(Nc2ncc(Cl)c(Nc3ccccc3C(N)=O)n2)cn1,10.0,-1.0,0,test
CCN(CC)CCNC(=O)C=Cc1cnc(N)c2c(-c3ccc(NC(=O)Nc4cccc(C)c4)cc3)csc12,1258.93,-3.100001582801352,0,train
Nc1nnc2cncc(Cl)n12,63095.73,-4.799999969383821,0,train
O=c1[nH]cnc2c(Cl)cccc12,15848.93,-4.199999947261554,0,train
Cc1n[nH]c2ccc(-c3nnn(Cc4ccccc4)c3-c3ccc(F)cc3)cc12,79.43,-1.899984562549391,0,train
CN(C)CC(O)COc1ccc(Nc2nccc(Nc3cc(Cl)ccc3Cl)n2)cc1,1258.93,-3.100001582801352,0,train
O=C(NNC(=S)Nc1ccc(Cl)cc1)C(O)(c1ccccc1)c1ccccc1,1995.26,-3.2999994961169836,0,train
O=C(Nc1n[nH]c2ccc(-c3cn(Cc4ccccc4)nn3)cc12)c1cccc(Cl)c1,794.33,-2.9000009651534695,0,train
Cc1cc(=O)n2ccc(CN(C)C)c(O)c2n1,158.49,-2.200001865406602,0,train
CCN(C(C)=O)c1ccc(Nc2nc(NC3CC3)c3nc[nH]c3n2)cc1,50.12,-1.7000110623221123,0,train
Clc1cc(-c2c[nH]c3ncccc23)nc(NC2CCOCC2)n1,125.89,-2.0999912335446846,0,train
CN1CCN(c2ccc3nc(-c4c(N)c5c(F)cccc5[nH]c4=O)[nH]c3c2)CC1,1995.26,-3.2999994961169836,0,train
CNCC(=O)NC1CCC(Nc2nc(Cl)cc(-c3c[nH]c4ncccc34)n2)CC1,39.81,-1.599992177584098,1,train
Cn1cc(Nc2ncc(Br)c(Nc3ccccc3C(N)=O)n2)cn1,7.943,-0.899984562549391,0,test
Cc1nc(N)sc1-c1ccnc(Nc2ccc(N3CCOCC3)cc2)n1,1258.93,-3.100001582801352,0,train
CNC(=O)c1ccccc1Nc1nc(Nc2ccc(N3CCOCC3)cc2OC)ncc1Cl,3162.28,-3.5000003213429354,0,test
Cc1n[nH]c2ccc(-c3cncc(OCC(N)Cc4cccc(OC(F)(F)F)c4)c3)cc12,50.12,-1.7000110623221123,0,train
NC(=O)c1cccc(-c2cnc3[nH]cc(-c4ccccc4)c3c2)c1,630.96,-2.800001827817969,0,train
CCN(CC)CCOc1ccc(Nc2ncc3cc(-c4c(Cl)cccc4Cl)c(=O)n(C)c3n2)cc1,630.96,-2.800001827817969,0,test
O=C(O)c1ccccc1Nc1ncnc(Nc2ccc(F)cc2)n1,3162.28,-3.5000003213429354,0,train
CC(=O)NCC(=O)N1C2CCC1c1cc(Nc3ncc(C(F)(F)F)c(NC4CCC4)n3)ccc12,100.0,-2.0,0,test
CCC(=O)Nc1ccc(C(=O)N2CCNCC2)c(O)c1,794.33,-2.9000009651534695,0,train
COc1ccc(C(=O)Nc2n[nH]c3ccc(-c4cn(Cc5ccccc5)nn4)cc23)cc1OC,501.19,-2.7000023971422538,0,test
CC(=NNC(=N)N)c1cc(NC(=O)c2cccc(C(=O)Nc3cc(C(C)=NNC(=N)N)cc(C(C)=NNC(=N)N)c3)c2)cc(C(C)=NNC(=N)N)c1,1000.0,-3.0,0,train
O=c1[nH][nH]c2ccc(Br)cc12,50118.72,-4.699999970860911,0,train
NC(=O)c1cc2c(-c3ccc(Nc4nc5ccccc5o4)cc3)cnc(N)c2s1,1995.26,-3.2999994961169836,0,train
NC1CCCCC1Nc1nc(Cl)cc(-c2c[nH]c3ncccc23)n1,31.62,-1.4999618655961902,0,train
Nc1ncnc2c1c(-c1cccc(OCc3ccccc3)c1)cn2C1CCC(N2CCCC2)CC1,3981.07,-3.59999981394342,0,test
Cc1n[nH]c2ccc(-c3cncc(OCC(CN)Cc4ccccc4)c3)cc12,1000.0,-3.0,0,train
Clc1cc(Nc2nc(NC3CC3)c3sccc3n2)ccc1N1CCOCC1,3981.07,-3.59999981394342,0,test
CN(C)c1cccc2c(S(=O)(=O)N(CCN)c3cncc(-c4ccc5cnccc5c4)c3)cccc12,3981.07,-3.59999981394342,0,train
CN(C)C1CCC(Nc2nc(Cl)cc(-c3c[nH]c4ncccc34)n2)CC1,50.12,-1.7000110623221123,0,train
Cn1cc(-c2cc3nc(Br)cnc3[nH]2)c2cc(F)ccc21,1258.93,-3.100001582801352,0,train
CC(C)NC1=NNC(=O)C1=Cc1cc2ccccc2[nH]1,3981.07,-3.59999981394342,0,test
Nc1nc(Cl)cc(-c2c[nH]c3ncccc23)n1,2511.89,-3.4000006169763797,0,test
NCCCn1cc(-c2cc(-c3cc4ccccc4s3)c3[nH]ncc3c2)c2nc(N)ncc21,2511.89,-3.4000006169763797,0,train
COc1cc(OC)cc(C(=O)Nc2n[nH]c3ccc(-c4cn(Cc5ccccc5)nn4)cc23)c1,2511.89,-3.4000006169763797,0,train
CCCNC(=O)c1ccc(Nc2nc(CC)c3cc[nH]c3n2)cc1,1584.89,-3.1999991251967965,0,train
COCCOC1CCC(n2nc(-c3ccc(Nc4nc5cc(C)cc(C)c5o4)cc3)c3c(N)ncnc32)CC1,1258.93,-3.100001582801352,0,train
NC1CCCC(Nc2nc(Cl)cc(-c3c[nH]c4ncccc34)n2)C1,100.0,-2.0,0,train
O=C(NC(CO)c1ccccc1)c1ccc(-c2ccncc2)cc1,2511.89,-3.4000006169763797,0,train
c1ccc(-c2ccnc3[nH]ccc23)cc1,79432.82,-4.899999981014695,0,train
Cc1ccc(C)c(NC(=O)c2cc(-c3ccco3)nc3ccccc23)c1,3981.07,-3.59999981394342,0,train
CC(=O)c1cccc(-c2cnc3[nH]ccc3c2)c1,3981.07,-3.59999981394342,0,train
Cc1ccc(NC(=O)Nc2ccc(-c3csc4ncnc(N)c34)cc2)cc1C,3981.07,-3.59999981394342,0,train
CN(c1ncccc1CNc1nc(Nc2ccc3c(c2)CC(=O)N3)ncc1C(F)(F)F)S(C)(=O)=O,199.53,-2.300008202553813,0,train
Cc1cccc(Nc2nc(NC3CCCCC3N)cnc2C(N)=O)c1,10.0,-1.0,0,train
COc1cc(N2CCC(N3CCN(C)CC3)CC2)ccc1Nc1ncc(Cl)c(Nc2ccccc2S(=O)(=O)C(C)C)n1,398.11,-2.60000308662774,0,train
O=C(Nc1n[nH]c2ccc(-c3cn(Cc4ccccc4)nn3)cc12)c1ccc(F)cc1,158.49,-2.200001865406602,1,train
COc1ccc(-n2ccc3cnc(Nc4cc(OC)c(OC)c(OC)c4)nc32)cc1,316.23,-2.500003068051693,0,test
CC(Nc1cncc(-n2cnc3ccc(C#N)cc32)n1)c1ccccc1F,794.33,-2.9000009651534695,0,train
COc1cc(Nc2ncc([N+](=O)[O-])c(Nc3ccccc3C(N)=O)n2)cc(OC)c1OC,31.62,-1.4999618655961902,0,train
c1nc(-c2ccc3c(c2)OCO3)c2cc[nH]c2n1,5011.87,-3.6999997975545824,0,test
Cc1ccccc1-c1c(C(=O)O)n(CCCOc2cccc3ccccc23)c2ccccc12,1995.26,-3.2999994961169836,0,train
COc1cc(-c2csc3c(C=CC(=O)NCCN(C)C)cnc(N)c23)ccc1NC(=O)c1cc2ccccc2n1C,3162.28,-3.5000003213429354,0,train
CCN(CC)CCNC(=O)c1cccc(-n2nc(C(C)(C)C)cc2NC(=O)Nc2cccc3ccccc23)c1,501.19,-2.7000023971422538,0,train
C#Cc1cn(C2CCCC2)c2ncnc(N)c12,501.19,-2.7000023971422538,0,train
COc1cccc(NC(=O)N2CCC(c3nc4c(C(N)=O)cccc4[nH]3)CC2)c1,3981.07,-3.59999981394342,0,train
COCc1nnn(-c2nonc2N)c1C(=O)NN=C(C)c1ccc(O)cc1O,1995.26,-3.2999994961169836,0,train
CCc1c(-c2ccc(C(C)(C)O)cc2)[nH]c2nccnc12,1584.89,-3.1999991251967965,0,train
N#Cc1ncc2nc1OCCCCCOc1cc(OCCO)c(Cl)cc1NC(=O)N2,3162.28,-3.5000003213429354,0,train
Cc1ccccc1-c1c(-c2ccc3[nH]nc(N)c3c2)nnn1Cc1ccccc1,3162.28,-3.5000003213429354,0,train
Oc1ccc2nc(-c3ccc(Sc4ccc(-c5nc6ccc(O)cc6[nH]5)cc4)cc3)[nH]c2c1,3981.07,-3.59999981394342,0,train
O=C(Nc1n[nH]c2ccc(-c3cn(Cc4ccccc4)nn3)cc12)c1ccc(Cl)cc1,1584.89,-3.1999991251967965,0,test
O=C1Nc2ccc3ncsc3c2C1=CNc1ccc(S(=O)(=O)Nc2ccccn2)cc1,199.53,-2.300008202553813,0,train
COc1ccc2c(c1)c(-c1cc3nc(Br)cnc3[nH]1)cn2C,2511.89,-3.4000006169763797,0,train
COc1cccc(OC)c1CNc1nc(NC2CCCCC2)nc2ccc(Cl)cc12,3162.28,-3.5000003213429354,0,train
CN(C)CC(=O)NC1CCCC(Nc2nc(Cl)cc(-c3c[nH]c4ncccc34)n2)C1,398.11,-2.60000308662774,1,test
CN(CCN)C(=O)c1cccc(-n2nc(C(C)(C)C)cc2NC(=O)Nc2cccc3ccccc23)c1,1584.89,-3.1999991251967965,0,test
COc1cc(-c2ccc3c(c2)Nc2ccc(C(=O)NCCCN(C)C)cc2NC3=O)ccc1O,630.96,-2.800001827817969,0,test
Cc1cc(Nc2cc(N3CCN(C)CC3)nc(Sc3ccc(NC(=O)C4CC4)cc3)n2)n[nH]1,3981.07,-3.59999981394342,0,train
COc1cc(Nc2ncc(F)c(Nc3ccc4c(n3)NC(=O)C(C)(C)O4)n2)cc(OC)c1OC,125.89,-2.0999912335446846,0,train
OC1CCC(Nc2cc(Cl)nc(-c3c[nH]c4ncccc34)n2)CC1,100.0,-2.0,0,train
Nc1ncnc2c1N=C(c1ccccc1)CCN2,100000.0,-5.0,0,train
CCc1nc(Nc2ccc(N3CCOCC3)c(Cl)c2)nc2[nH]ccc12,1995.26,-3.2999994961169836,0,train
O=C1Cc2c([nH]c3ccc([N+](=O)[O-])cc23)-c2ccccc2N1,794.33,-2.9000009651534695,0,test
CC(C)(C)Nc1ncnc2[nH]cc(-c3ccccc3)c12,1000.0,-3.0,0,train
Cc1cnc(Nc2cccc(S(N)(=O)=O)c2)nc1Nc1ccc(OCC(N)=O)cc1,630.96,-2.800001827817969,0,train
CCN1CCN(c2ccc(Nc3nccc(-c4c(-c5cccc(C(=O)Nc6ccccc6F)c5)nc5ccccn45)n3)cc2)CC1,398.11,-2.60000308662774,0,train
CS(=O)(=O)NC1CCC(Nc2nc(Cl)cc(-c3c[nH]c4ncccc34)n2)CC1,125.89,-2.0999912335446846,0,train
Nc1ncnc2c1c(-c1cnc3[nH]ccc3c1)nn2C1CCCC1,630.96,-2.800001827817969,0,train
CC(C)(O)c1cn(-c2ccc3[nH]ncc3c2)nn1,100000.0,-5.0,0,train
OC1CCCC(Nc2cc(Cl)nc(-c3c[nH]c4ncccc34)n2)C1,79.43,-1.899984562549391,0,test
Cc1ccc(-c2cc(-c3cc(Br)ccc3O)[nH]c(=O)c2C#N)s1,1995.26,-3.2999994961169836,0,train
CCNc1nc(C)c(-c2ccnc(Nc3ccc(N4CCN(C(C)=O)CC4)cc3)n2)s1,630.96,-2.800001827817969,0,test
Nc1cc(-c2c[nH]c3ncccc23)cc(Cl)n1,1000.0,-3.0,1,train
CS(=O)(=O)NC1CCC(Nc2cc(Cl)nc(-c3c[nH]c4ncccc34)n2)CC1,25.12,-1.4000196350651586,0,test
CC(C)Cc1nc(Nc2ccc(N3CCOCC3)c(Cl)c2)nc2[nH]ccc12,3162.28,-3.5000003213429354,0,train
NCCn1cc(-c2cc(-c3cc4ccccc4s3)c3[nH]ncc3c2)c2nc(N)ncc21,1258.93,-3.100001582801352,0,train
CC(=O)c1ccccc1-c1ncnc2[nH]ccc12,50118.72,-4.699999970860911,0,test
COc1cc(-c2nn(C3CCC(N4CCN(C(C)=O)CC4)CC3)c3ncnc(N)c23)ccc1NC(=O)c1cc2ccccc2n1C,501.19,-2.7000023971422538,0,test
Cc1n[nH]c2ccc(-c3cncc(OCC(N)Cc4cccc(Cl)c4)c3)cc12,31.62,-1.4999618655961902,1,test
Cc1n[nH]c2ccc(-c3cncc(OCC(N)Cc4c[nH]c5ccccc45)c3)cc12,1584.89,-3.1999991251967965,0,train
Fc1cccc(CNc2ncnc3[nH]cnc23)c1,19952.62,-4.29999993144297,0,train
NC1CCC(Nc2nc(Cl)cc(-c3c[nH]c4ncccc34)n2)CC1,39.81,-1.599992177584098,0,train
CCOc1ccccc1-c1cccc(-c2n[nH]c3nc(O)cc(C)c23)c1,501.19,-2.7000023971422538,0,train
NC(COc1cncc(-c2ccc3c(c2)C(=Cc2ccco2)C(=O)N3)c1)Cc1c[nH]c2ccccc12,1258.93,-3.100001582801352,0,train
CC(=O)Nc1ccc(-n2nc3ccc(N)nc3n2)cc1,3162.28,-3.5000003213429354,0,test
OC1CCN(c2ncnc3[nH]cc(-c4ccccc4)c23)CC1,3981.07,-3.59999981394342,0,test
O=S(=O)(Nc1ccc2c(c1)C(=NO)c1ccccc1-2)c1cccc(Br)c1,3981.07,-3.59999981394342,0,train
Clc1cc(-c2c[nH]c3ncccc23)cc(NCc2ccccc2)n1,1995.26,-3.2999994961169836,0,train
COc1cc(Nc2nccc(Nc3cc(C4CCCCC4)no3)n2)cc(OC)c1OC,1000.0,-3.0,0,train
Cc1cc(Nc2ncc(F)c(NC3C4C=CC(C4)C3C(N)=O)n2)ccc1N1CCN(C)CC1,794.33,-2.9000009651534695,0,train
CCC1CC(NS(=O)(=O)C2CC2)CC1c1ncc2cnc3[nH]ccc3n12,2511.89,-3.4000006169763797,0,train
CCCNC(=O)c1ccc(Nc2nc(NCC(F)(F)F)c3sccc3n2)cc1,501.19,-2.7000023971422538,1,train
O=c1[nH]c2cnc(-n3cnc4ccc(F)cc43)nc2n1C1CCOc2c(F)cccc21,5011.87,-3.6999997975545824,0,train
Nc1ncnc(Nc2cc(CNC(=O)C(F)(F)F)c(O)c(-c3ccc(Cl)cc3)c2)n1,1258.93,-3.100001582801352,0,train
CN(C)c1ccc(C(=O)Nc2n[nH]c3ccc(-c4cn(Cc5ccccc5)nn4)cc23)cc1,100.0,-2.0,0,train
CN(C)CC(=O)NC1CCC(Nc2nc(Cl)cc(-c3c[nH]c4ncccc34)n2)CC1,31.62,-1.4999618655961902,1,train
CC(=O)c1c(C)c2cnc(Nc3ccc(N4CCNCC4)cn3)nc2n(C2CCCC2)c1=O,3981.07,-3.59999981394342,0,train
O=C(O)c1ccccc1Nc1ccnc(Nc2ccc3[nH]ncc3c2)n1,3162.28,-3.5000003213429354,0,train
CNS(=O)(=O)c1ccccc1Nc1nc(Nc2cc(N3CCN(C(C)=O)CC3)ccc2OC)ncc1Br,19.95,-1.299942900022767,0,test
O=C1NC(=O)c2c1c(-c1ccccc1Cl)cc1[nH]c3ccc(O)cc3c21,1000.0,-3.0,0,train
c1cc2c(s1)CCc1cn[nH]c1-2,50118.72,-4.699999970860911,0,train
Cc1cc(-c2ncnc3[nH]ccc23)ccc1F,7943.28,-3.899999871665804,0,train
O=C(O)c1ccccc1Nc1ncnc(Nc2ccc3cn[nH]c3c2)n1,1000.0,-3.0,0,train
CNC(=O)c1ccccc1Sc1ccc2c(C=Cc3ccccn3)n[nH]c2c1,2511.89,-3.4000006169763797,0,test
NCCC(C(=O)Nc1ccc2[nH]ncc2c1)c1ccc(Cl)c(Cl)c1,1995.26,-3.2999994961169836,0,train
CCN(CC)CCCNC(=O)c1cnc(N)c2c(-c3ccc(NC(=O)Nc4cccc(F)c4)cc3)csc12,5011.87,-3.6999997975545824,0,train
CCCCOc1ncnc2[nH]cc(-c3ccccc3)c12,630.96,-2.800001827817969,0,train
Nc1nc(Nc2ccc(S(N)(=O)=O)cc2)nn1C(=O)c1c(F)cccc1F,1258.93,-3.100001582801352,0,train
NC(=O)c1ccc2nc(-c3ccc([N+](=O)[O-])o3)cn2c1,794.33,-2.9000009651534695,0,test
N#Cc1ccc(C(=O)Nc2n[nH]c3ccc(-c4cn(Cc5ccccc5)nn4)cc23)cc1,251.19,-2.400002345927956,0,train
CCNC(=O)NC1CCC(Nc2nc(Cl)cc(-c3c[nH]c4ncccc34)n2)CC1,25.12,-1.4000196350651586,0,train
CN1CCN(c2ccc(Nc3ncc(Cl)c(Nc4ccc5[nH]ncc5c4)n3)cc2)CC1,125.89,-2.0999912335446846,0,test
O=C(Nc1n[nH]c2ccc(-c3cn(Cc4ccccc4)nn3)cc12)c1ccccc1,316.23,-2.500003068051693,0,train
O=C(NN=Cc1cc(Br)c(O)c(Br)c1)Nc1ccccc1,158.49,-2.200001865406602,0,train
Cn1c2ccccc2c2c3c(c4c5ccccc5n(CCC#N)c4c21)CNC3=O,63.1,-1.8000293592441343,0,test
COC(C(=O)N1Cc2[nH]nc(NC(=O)c3ccc(N4CCN(C)CC4)cc3)c2C1)c1ccccc1,3162.28,-3.5000003213429354,0,train
Cc1n[nH]c2ccc(-c3cncc(OCC(N)Cc4ccc(Cl)c(Cl)c4)c3)cc12,79.43,-1.899984562549391,0,train
CS(=O)(=O)NC1CCCC(Nc2nc(Cl)cc(-c3c[nH]c4ncccc34)n2)C1,158.49,-2.200001865406602,0,train
Cc1n[nH]c2ccc(-c3cncc(OCC(N)Cc4ccccc4)c3)cc12,2511.89,-3.4000006169763797,1,train
COCCOC1CCC(n2nc(-c3ccc(Nc4nc5cc(C)cc(Cl)c5o4)cc3)c3c(N)ncnc32)CC1,3162.28,-3.5000003213429354,0,test
CCCC(=O)Nc1n[nH]c2ccc(-c3cn(Cc4ccccc4)nn3)cc12,3981.07,-3.59999981394342,0,train
Nc1cc(=O)[nH]n1-c1ccccn1,63095.73,-4.799999969383821,0,train
Clc1cc(NC2CCCCC2)nc(-c2c[nH]c3ncccc23)n1,794.33,-2.9000009651534695,0,train
CCCNC(=O)c1ccc(Nc2nc(CCC(F)(F)F)c3cc[nH]c3n2)cc1,630.96,-2.800001827817969,1,train
CC(=NNC(=N)N)c1cc(NC(=O)NCCCCCCNC(=O)Nc2cc(C(C)=NNC(=N)N)cc(C(C)=NNC(=N)N)c2)cc(C(C)=NNC(=N)N)c1,2511.89,-3.4000006169763797,0,train
O=C(Nc1n[nH]c2ccc(-c3cn(Cc4ccccc4)nn3)cc12)c1cc(F)ccc1F,3162.28,-3.5000003213429354,1,train
CC(C)(CN)CNc1nc(Cl)cc(-c2c[nH]c3ncccc23)n1,125.89,-2.0999912335446846,0,train
Cc1cc(Nc2cc(N3CCN(C)CC3)nc(C=Cc3ccccc3)n2)n[nH]1,398.11,-2.60000308662774,0,train
O=C(Nc1n[nH]c2ccc(-c3cn(Cc4ccccc4)nn3)cc12)c1cccc(F)c1,1000.0,-3.0,0,train
NC(COc1cncc(-c2cc3ccncc3s2)c1)Cc1c[nH]c2ccccc12,5011.87,-3.6999997975545824,0,train
Cc1n[nH]c2ccc(-c3cccnc3)cc12,79432.82,-4.899999981014695,0,test
CCN(CCN)C(=O)c1cccc(-n2nc(C(C)(C)C)cc2NC(=O)Nc2cccc3ccccc23)c1,794.33,-2.9000009651534695,0,train
CC(C)N(CCCN)C(=O)c1cccc(-n2nc(C(C)(C)C)cc2NC(=O)Nc2cccc3ccccc23)c1,2511.89,-3.4000006169763797,0,train
CC(C)(C(N)=O)n1cc(-c2cnc(N)c3c(-c4ccc(NC(=O)Nc5cccc(F)c5)cc4)csc23)cn1,1995.26,-3.2999994961169836,0,train
CNC(=O)NC1CCC(Nc2nc(Cl)cc(-c3c[nH]c4ncccc34)n2)CC1,31.62,-1.4999618655961902,0,train
COc1ccc(CNc2cc(-c3c[nH]c4ncccc34)cc(F)n2)cc1,50.12,-1.7000110623221123,0,train
CCCNC(=O)c1ccc(Nc2nc(NCC(F)(F)F)c3cc[nH]c3n2)cc1,39.81,-1.599992177584098,1,train
CN1CCN(C2CCC(n3cc(-c4ccc(Oc5ccccc5)cc4)c4c(N)ncnc43)CC2)CC1,199.53,-2.300008202553813,0,train
CCCCn1c(NC(=O)c2cccc(C#N)c2)nc2cc(N(C)C(=O)C3CCCCC3)ccc21,1995.26,-3.2999994961169836,0,train
O=C(Nc1nc2ccccc2s1)c1cccc2c1CN(c1nc(C(=O)O)c(-c3ccc(CO)cc3)s1)CC2,5011.87,-3.6999997975545824,0,train
CNc1nc(C)c(-c2ccnc(Nc3ccc(N4CCNCC4)cc3)n2)s1,501.19,-2.7000023971422538,0,train
O=C(O)c1ccccc1Nc1ccnc(Nc2cccc(O)c2)n1,3162.28,-3.5000003213429354,0,train
CNS(=O)(=O)c1ccccc1Nc1nc(Nc2cc(OC)c(OC)c(OC)c2)ncc1Cl,1.585,-0.2000292665537703,0,train
COc1cc2c(cc1F)C(c1ccccc1Cl)=Nc1c(n[nH]c1C)N2,79.43,-1.899984562549391,0,train
CN(C)C[C@@H](NC(=O)c1ccc2[nH]nc(-c3nc4ccccc4[nH]3)c2c1)c1ccccc1,6.0,-0.7781512503836436,0,train
CN(C)C[C@@H](NC(=O)c1ccc2[nH]nc(-c3nc4cc(NCc5ccc(-c6ccccn6)cc5)ccc4[nH]3)c2c1)c1ccccc1,2.8,-0.4471580313422192,0,train
CN1CCN(C(=O)N2Cc3c(NC(=O)c4cccc(Oc5ccccc5)c4)n[nH]c3C2(C)C)[C@@H](Cc2ccccc2)C1,64.0,-1.806179973983887,0,train
CN(C)C[C@@H](NC(=O)N1Cc2c(NC(=O)c3ccccc3)n[nH]c2C1(C)C)c1ccccc1,30.0,-1.4771212547196624,0,train
CN(C)C[C@H](c1ccccc1)N(C)C(=O)N1Cc2c(NC(=O)c3ccccc3)n[nH]c2C1(C)C,512.0,-2.709269960975831,0,train
CN1CCN(C(=O)N2Cc3c(NC(=O)c4ccccc4)n[nH]c3C2(C)C)C(c2ccccc2)C1,207.0,-2.315970345456918,0,train
CN(C)C[C@@H](OC(=O)N1Cc2c(NC(=O)c3ccccc3)n[nH]c2C1(C)C)c1ccccc1,12.0,-1.0791812460476249,0,train
CN(C)C[C@@H](OC(=O)N1Cc2c(NC(=O)c3ccc(F)cc3)n[nH]c2C1(C)C)c1ccccc1,13.0,-1.1139433523068367,0,train
CN(C)C[C@@H](NC(=O)N1Cc2c(NC(=O)c3ccccc3F)n[nH]c2C1(C)C)c1ccccc1,98.0,-1.9912260756924949,0,test
CN(C)C[C@@H](OC(=O)N1Cc2c(NC(=O)c3ccc(F)cc3F)n[nH]c2C1(C)C)c1ccccc1,68.0,-1.8325089127062364,0,train
CN(C)C[C@@H](OC(=O)N1Cc2c(NC(=O)c3ccccn3)n[nH]c2C1(C)C)c1ccccc1,31.0,-1.4913616938342726,0,train
Cc1nc(Nc2n[nH]c3c2CN(C(=O)N[C@H](CN(C)C)c2ccccc2)C3(C)C)c2sccc2n1,20.94,-1.3209766773428235,1,train
COCCNc1nc2ccc(C#CC3(O)CCCCC3)cc2n1-c1ccnc(N)n1,3.2999999999999994,-0.5185139398778874,0,test
COCCNc1nc2ccc(C#CC(C)(C)O)cc2n1-c1ccnc(N)n1,140.0,-2.146128035678238,0,train
CC(C)(O)C#Cc1ccc2cnn(-c3ccnc(N)n3)c2c1,120.0,-2.0791812460476247,1,train
CC(C)(O)C#Cc1ccc2cnn(-c3cc(N)ncn3)c2c1,1300.0,-3.113943352306837,1,test
CCNc1nc2ccc(C#CC(C)(C)O)cc2n1-c1ncnc(N)n1,60.0,-1.7781512503836436,0,train
Cc1nc2ccc(C#C[C@@](C)(O)c3nccs3)cc2n1-c1ncnc(N)n1,600.0,-2.7781512503836434,0,train
Cc1cc([C@](C)(O)C#Cc2ccc3nc(C)n(-c4ncnc(N)n4)c3c2)no1,32.0,-1.505149978319906,0,test
Cc1nc2ccc(C#C[C@@]3(O)C[C@@H]4CC[C@H]3C4)cc2n1-c1ncnc(N)n1,190.0,-2.278753600952829,0,train
Cc1nc2ccc(C#CC3(O)CCCCC3)cc2n1-c1ncnc(N)n1,68.0,-1.8325089127062364,1,train
Cc1nc2ccc(C#CC(C)(O)CC3CC3)cc2n1-c1ncnc(N)n1,670.0,-2.8260748027008264,0,train
Cc1nc2ccc(C#CC(C)(C)O)cc2n1-c1ncnc(N)n1,500.0,-2.6989700043360187,0,test
CCN(Cc1ccc2[nH]cnc2c1Cl)c1nccc(Nc2cc(C3CC3)[nH]n2)n1,547.0,-2.737987326333431,0,train
CN(Cc1ccc2[nH]cnc2c1Cl)c1nccc(Nc2cc(C3CC3)[nH]n2)n1,272.0,-2.4345689040341987,0,train
Clc1c(CNc2nccc(Nc3cc(C4CC4)[nH]n3)n2)ccc2[nH]cnc12,455.0,-2.6580113966571126,0,train
Fc1c(CNc2nccc(Nc3cc(C4CC4)[nH]n3)n2)ccc2[nH]cnc12,1109.0,-3.04493154614916,0,test
C[C@H](Nc1nccc(Nc2cc(C3CC3)[nH]n2)n1)c1ccc2[nH]cnc2c1,106.0,-2.0253058652647704,0,train
Cn1cnc2ccc(CNc3nccc(Nc4cc(C5CC5)[nH]n4)n3)cc21,1900.0,-3.278753600952829,0,train
Cn1cnc2cc(CNc3nccc(Nc4cc(C5CC5)[nH]n4)n3)ccc21,1660.0,-3.220108088040055,0,test
c1cc(Nc2cc(C3CC3)[nH]n2)nc(NCc2ccc3[nH]cnc3c2)n1,961.0,-2.9827233876685453,0,train
C[C@H](Nc1nccc(Nc2cc(C3CC3)[nH]n2)n1)c1ccc2[nH]ccc2c1,42.0,-1.6232492903979006,0,train
c1cc(Nc2cc(C3CC3)[nH]n2)nc(NCc2ccc3[nH]ccc3c2)n1,144.0,-2.1583624920952498,0,train
CN(C)c1ccc(CNc2nccc(Nc3cc(C4CC4)[nH]n3)n2)cn1,907.0,-2.957607287060095,0,test
CNc1ccc(CNc2nccc(Nc3cc(C4CC4)[nH]n3)n2)cn1,610.0,-2.785329835010767,0,train
Nc1ccc(CNc2nccc(Nc3cc(C4CC4)[nH]n3)n2)cn1,563.0,-2.7505083948513462,0,train
N[C@H]1CC[C@H](Nc2nccc(Nc3cc(C4CC4)[nH]n3)n2)CC1,100.0,-2.0,0,train
c1cc(Nc2cc(C3CC3)[nH]n2)nc(NCC2CCNCC2)n1,80.0,-1.9030899869919435,0,test
NC1CCN(c2cc(Nc3cc(C4CC4)[nH]n3)ccn2)CC1,1820.0,-3.2600713879850747,0,train
NC1CCN(c2cccc(Nc3cc(C4CC4)[nH]n3)n2)CC1,612.0,-2.7867514221455614,0,test
NC1CCN(c2nccc(Nc3cc(C4CC4)[nH]n3)n2)CC1,283.0,-2.45178643552429,0,train
NC1CCN(c2nc(Nc3cc(C4CC4)[nH]n3)c3occc3n2)CC1,45.0,-1.6532125137753437,0,test
NC1CCN(c2nc(Nc3cc(C4CC4)[nH]n3)c3sccc3n2)CC1,12.0,-1.0791812460476249,0,train
CC1CCN(c2nc(Nc3cc(C4CC4)[nH]n3)c3ccccc3n2)CC1,49.0,-1.6901960800285136,0,train
N[C@@H]1[C@H]2CN(c3nc(Nc4cc(C5CC5)[nH]n4)c4sccc4n3)C[C@@H]12,3.0,-0.47712125471966244,0,train
Clc1c(CNc2nccc(Nc3cc(C4CCCO4)[nH]n3)n2)ccc2[nH]cnc12,1300.0,-3.113943352306837,0,train
CN(Cc1ccc2[nH]cnc2c1Cl)c1nccc(Nc2cc(C3CCC(=O)C3)[nH]n2)n1,629.0,-2.798650645445269,0,train
COCC(C)c1cc(Nc2ccnc(N(C)Cc3ccc4[nH]cnc4c3Cl)n2)n[nH]1,617.0,-2.7902851640332416,0,test
CN1CC[C@H](c2cc(Nc3ccnc(N(C)Cc4ccc5[nH]cnc5c4Cl)n3)n[nH]2)C1=O,950.0,-2.9777236052888476,0,train
CN1CC[C@H](c2cc(Nc3ccnc(NC[C@H]4CC[C@H](N)CC4)n3)n[nH]2)C1=O,1270.0,-3.103803720955957,0,train
CN1CC[C@H](c2cc(Nc3ccnc(N(C)C[C@H]4CC[C@H](N)CC4)n3)n[nH]2)C1=O,344.0,-2.53655844257153,0,train
CCN(C[C@H]1CC[C@H](N)CC1)c1nccc(Nc2cc([C@H]3CCN(C)C3=O)[nH]n2)n1,621.0,-2.79309160017658,0,train
CN1CCCC(c2cc(Nc3ccnc(N(C)C[C@H]4CC[C@H](N)CC4)n3)n[nH]2)C1=O,2490.0,-3.3961993470957363,0,train
CCN1CC[C@H](c2cc(Nc3ccnc(N(C)C[C@H]4CC[C@H](N)CC4)n3)n[nH]2)C1=O,817.0,-2.9122220565324155,0,train
C[C@H]1CN(C)C(=O)[C@@H]1c1cc(Nc2ccnc(N(C)C[C@H]3CC[C@H](N)CC3)n2)n[nH]1,1020.0,-3.0086001717619175,0,train
c1cc(Nc2cc(C3CC3)[nH]n2)nc(NCc2ccc3[nH]ccc3n2)n1,505.0,-2.7032913781186614,0,train
CC1(C)c2n[nH]c(Nc3nc(Cl)nc4ccsc34)c2CN1C(=O)NC1CC1c1ccccc1,14.0,-1.146128035678238,1,train
CN1CCN(C(=O)N2Cc3c(n[nH]c3Nc3nc(Cl)nc4ccsc34)C2(C)C)[C@@H](Cc2ccccc2)C1,11.0,-1.0413926851582251,0,test
CC1(C)c2n[nH]c(Nc3cc(Cl)nc(Cl)n3)c2CN1C(=O)NC1C[C@@H]1c1ccccc1,110.0,-2.041392685158225,0,train
CN(C)C[C@@H](NC(=O)N1Cc2c(Nc3ncnc4ccsc34)n[nH]c2C1(C)C)c1ccccc1,220.0,-2.342422680822206,1,test
CN(C)C[C@@H](NC(=O)N1Cc2c(Nc3nc(Cl)nc4ccsc34)n[nH]c2C1(C)C)c1ccccc1,2.8,-0.4471580313422192,1,train
CCCOc1nc(Cl)nc(Nc2[nH]nc3c2CN(C(=O)NC2CC2c2ccccc2)C3(C)C)n1,87.0,-1.9395192526186185,0,train
CC1(C)c2n[nH]c(Nc3nc(N)nc(Cl)n3)c2CN1C(=O)NC1CC1c1ccccc1,610.0,-2.785329835010767,0,train
CC1(C)c2n[nH]c(Nc3nc(Cl)nc(Cl)n3)c2CN1C(=O)NC1CC1c1ccccc1,270.0,-2.4313637641589874,0,test
COc1nc(Cl)nc(Nc2[nH]nc3c2CN(C(=O)NC2CC2c2ccccc2)C3(C)C)n1,120.0,-2.0791812460476247,0,train
CSc1nc(Nc2[nH]nc3c2CN(C(=O)NC2CC2c2ccccc2)C3(C)C)cc(C(F)(F)F)n1,960.0,-2.9822712330395684,0,train
CC1(C)c2n[nH]c(Nc3nc(Cl)nc4ccccc34)c2CN1C(=O)NC1CC1c1ccccc1,38.0,-1.5797835966168101,0,train
COc1nc(Nc2[nH]nc3c2CN(C(=O)NC2C[C@@H]2c2ccccc2)C3(C)C)nc(OC)n1,270.0,-2.4313637641589874,0,test
CN(C)c1nc(Cl)nc(Nc2[nH]nc3c2CN(C(=O)NC2CC2c2ccccc2)C3(C)C)n1,90.0,-1.954242509439325,0,train
COc1nc(Nc2[nH]nc3c2CN(C(=O)NC2C[C@@H]2c2ccccc2)C3(C)C)nc(N2CCC[C@H]2CO)n1,76.0,-1.8808135922807914,0,test
CNC(=O)[C@@H]1CCCN1c1nc(Nc2[nH]nc3c2CN(C(=O)NC2CC2c2ccccc2)C3(C)C)nc(OC)n1,770.0,-2.886490725172482,0,train
COc1nc(Nc2n[nH]c3c2CN(C(=O)NC2CC2c2ccccc2)C3(C)C)nc(N2CC2C)n1,340.0,-2.531478917042255,0,test
COc1nc(Nc2n[nH]c3c2CN(C(=O)NC2CC2c2ccccc2)C3(C)C)nc(N2CCCC2)n1,190.0,-2.278753600952829,0,train
COc1nc(Nc2[nH]nc3c2CN(C(=O)NC2CC2c2ccccc2)C3(C)C)nc(N2CCCC2C#N)n1,90.0,-1.954242509439325,0,train
COc1nc(Nc2[nH]nc3c2CN(C(=O)NC2CC2c2ccccc2)C3(C)C)nc(N2CCC[C@H]2C(N)=O)n1,240.0,-2.380211241711606,0,train
CN(C)c1nc(Nc2[nH]nc3c2CN(C(=O)NC2C[C@@H]2c2ccccc2)C3(C)C)nc(N2CCC[C@H]2C(N)=O)n1,720.0,-2.8573324964312685,0,train
CN(C)c1nc(Nc2[nH]nc3c2CN(C(=O)NC2C[C@@H]2c2ccccc2)C3(C)C)nc(N2CCC[C@H]2CO)n1,140.0,-2.146128035678238,0,train
Cc1cc(C)nc(Nc2[nH]nc3c2CN(C(=O)NC2C[C@@H]2c2ccccc2)C3(C)C)n1,640.0,-2.806179973983887,0,test
CC1(C)c2[nH]nc(Nc3cc(C(F)(F)F)ccn3)c2CN1C(=O)NC1C[C@@H]1c1ccccc1,780.0,-2.8920946026904804,0,train
Cc1cc(C(F)(F)F)cc(Nc2n[nH]c3c2CN(C(=O)NC2C[C@@H]2c2ccccc2)C3(C)C)n1,220.0,-2.342422680822206,0,train
CC1(C)c2n[nH]c(Nc3cccc(C(F)(F)F)n3)c2CN1C(=O)NC1C[C@@H]1c1ccccc1,200.0,-2.3010299956639813,0,train
CC1(C)c2n[nH]c(Nc3nccc(C(F)(F)F)n3)c2CN1C(=O)NC1C[C@@H]1c1ccccc1,270.0,-2.4313637641589874,0,train
[C-]#[N+]c1ccnc(Nc2[nH]nc3c2CN(C(=O)NC2C[C@@H]2c2ccccc2)C3(C)C)c1,660.0,-2.8195439355418688,1,train
CC1(C)c2n[nH]c(Nc3ccnc(C(F)(F)F)n3)c2CN1C(=O)NC1C[C@@H]1c1ccccc1,80.0,-1.9030899869919435,0,train
Cc1nc(Nc2[nH]nc3c2CN(C(=O)N[C@@H]2C[C@H]2c2ccccc2)C3(C)C)c2ccsc2n1,13.6,-1.1335389083702174,1,train
CC1(C)c2n[nH]c(Nc3ccnc(C#N)n3)c2CN1C(=O)N[C@@H]1C[C@H]1c1ccccc1,47.0,-1.6720978579357175,1,test
Cc1nc(Nc2[nH]nc3c2CN(C(=O)N[C@@H]2C[C@H]2c2ccccc2)C3(C)C)cc(N2CCOCC2)n1,21.0,-1.3222192947339193,0,train
Cc1cc2c(Nc3[nH]nc4c3CN(C(=O)N[C@@H]3C[C@H]3c3ccccc3)C4(C)C)ncnc2s1,260.0,-2.4149733479708178,0,train
CCOc1ncc(F)c(Nc2[nH]nc3c2CN(C(=O)N[C@@H]2C[C@H]2c2ccccc2)C3(C)C)n1,270.0,-2.4313637641589874,0,train
Cc1nc(Nc2[nH]nc3c2CN(C(=O)N[C@@H]2C[C@H]2c2ccccc2)C3(C)C)cc(N(C)C)n1,96.0,-1.9822712330395684,0,train
CC1(C)c2n[nH]c(Nc3nc(C#N)nc4ccccc34)c2CN1C(=O)N[C@@H]1C[C@H]1c1ccccc1,18.0,-1.255272505103306,0,test
COc1ncc(F)c(Nc2[nH]nc3c2CN(C(=O)N[C@@H]2C[C@H]2c2ccccc2)C3(C)C)n1,450.0,-2.6532125137753435,0,train
Cc1ncc(F)c(Nc2[nH]nc3c2CN(C(=O)N[C@@H]2C[C@H]2c2ccccc2)C3(C)C)n1,230.0,-2.361727836017593,0,train
CC1(C)c2n[nH]c(Nc3nc(C(F)(F)F)nc4ccsc34)c2CN1C(=O)N[C@@H]1C[C@H]1c1ccccc1,25.0,-1.3979400086720377,0,train
Cc1nc(Nc2n[nH]c3c2CN(C(=O)N[C@H]2C[C@@H]2c2ccccc2)C3(C)C)c2ccsc2n1,370.0,-2.568201724066995,1,test
CC1(C)c2n[nH]c(Nc3ncncc3F)c2CN1C(=O)N[C@H]1C[C@@H]1c1ccccc1,1000.0,-3.0,0,test
Cc1csc2c(Nc3[nH]nc4c3CN(C(=O)N[C@H]3C[C@@H]3c3ccccc3)C4(C)C)ncnc12,160.0,-2.2041199826559246,0,train
CC1(C)c2[nH]nc(Nc3ncnc4ccoc34)c2CN1C(=O)N[C@H]1C[C@@H]1c1ccccc1,67.0,-1.8260748027008264,0,train
CCc1cc(Nc2[nH]nc3c2CN(C(=O)N[C@H](CN(C)C)c2ccccc2)C3(C)C)ncn1,140.0,-2.146128035678238,1,train
Cc1ncnc(Nc2[nH]nc3c2CN(C(=O)N[C@H](CN(C)C)c2ccccc2)C3(C)C)c1F,240.0,-2.380211241711606,0,train
CCOc1ncc(F)c(Nc2[nH]nc3c2CN(C(=O)N[C@H](CN(C)C)c2ccccc2)C3(C)C)n1,170.0,-2.230448921378274,1,train
CN(C)C[C@@H](NC(=O)N1Cc2c(n[nH]c2Nc2ccnc(C#N)n2)C1(C)C)c1ccccc1,40.0,-1.6020599913279623,0,train
CN(C)C[C@@H](NC(=O)N1Cc2c(n[nH]c2Nc2ncnc3sccc23)C1(C)C)c1ccccc1,22.0,-1.3424226808222062,1,train
Cc1cc2c(Nc3[nH]nc4c3CN(C(=O)N[C@H](CN(C)C)c3ccccc3)C4(C)C)ncnc2s1,15.0,-1.1760912590556813,0,train
CN(C)C[C@@H](NC(=O)N1Cc2c(n[nH]c2Nc2nc(C#N)nc3ccccc23)C1(C)C)c1ccccc1,3.0,-0.47712125471966244,0,test
Cc1nccc(Nc2[nH]nc3c2CN(C(=O)N[C@H](CN(C)C)c2ccccc2)C3(C)C)n1,680.0,-2.832508912706236,1,test
COc1ncc(F)c(Nc2[nH]nc3c2CN(C(=O)N[C@H](CN(C)C)c2ccccc2)C3(C)C)n1,170.0,-2.230448921378274,1,train
CN(C)C[C@@H](NC(=O)N1Cc2c(n[nH]c2Nc2ncncc2F)C1(C)C)c1ccccc1,280.0,-2.4471580313422194,1,train
CN(C)C[C@@H](OC(=O)N1Cc2c(n[nH]c2Nc2ncnc3ccsc23)C1(C)C)c1ccccc1,6.7,-0.8260748027008264,1,test
Cc1nc(Nc2[nH]nc3c2CN(C(=O)O[C@H](CN(C)C)c2ccccc2)C3(C)C)c2ccsc2n1,1.9,-0.2787536009528289,1,train
CN(C)C[C@@H](OC(=O)N1Cc2c(n[nH]c2Nc2ccnc(C#N)n2)C1(C)C)c1ccccc1,8.8,-0.9444826721501687,1,train
Cc1cc2c(Nc3[nH]nc4c3CN(C(=O)O[C@H](CN(C)C)c3ccccc3)C4(C)C)ncnc2s1,5.2,-0.7160033436347992,0,train
CCOc1ncc(F)c(Nc2[nH]nc3c2CN(C(=O)O[C@H](CN(C)C)c2ccccc2)C3(C)C)n1,16.0,-1.2041199826559248,1,train
Cc1nc(Nc2[nH]nc3c2CN(C(=O)O[C@H](CN(C)C)c2ccccc2)C3(C)C)c2sccc2n1,1.6,-0.2041199826559248,1,train
CN(C)C[C@@H](OC(=O)N1Cc2c(n[nH]c2Nc2nc(C#N)nc3ccccc23)C1(C)C)c1ccccc1,3.6,-0.5563025007672873,0,train
CN(C)C[C@@H](OC(=O)N1Cc2c(n[nH]c2Nc2ncnc3sccc23)C1(C)C)c1ccccc1,5.2,-0.7160033436347992,1,train
CN(C)C[C@@H](OC(=O)N1Cc2c(n[nH]c2Nc2ccnc(C(F)(F)F)n2)C1(C)C)c1ccccc1,8.3,-0.919078092376074,0,test
Cc1ncnc(Nc2[nH]nc3c2CN(C(=O)O[C@H](CN(C)C)c2ccccc2)C3(C)C)c1F,93.0,-1.968482948553935,0,train
CN(C)C[C@@H](OC(=O)N1Cc2c(n[nH]c2Nc2ncnc3c2ncn3C)C1(C)C)c1ccccc1,330.0,-2.5185139398778875,1,train
COc1ncc(F)c(Nc2[nH]nc3c2CN(C(=O)O[C@H](CN(C)C)c2ccccc2)C3(C)C)n1,39.0,-1.591064607026499,1,train
CN(C)C[C@@H](OC(=O)N1Cc2c(n[nH]c2Nc2ncncc2F)C1(C)C)c1ccccc1,120.0,-2.0791812460476247,1,train
Cc1csc2c(Nc3[nH]nc4c3CN(C(=O)N3C[C@@H]5CCCN5C[C@@H]3C)C4(C)C)ncnc12,84.0,-1.9242792860618816,0,train
Cc1ncnc(Nc2[nH]nc3c2CN(C(=O)N2C[C@@H]4CCCN4C[C@@H]2C)C3(C)C)c1F,2500.0,-3.3979400086720375,0,train
CN(C)C[C@@H](NC(=O)N1Cc2c(n[nH]c2Nc2ncnc3ccoc23)C1(C)C)c1ccccc1,58.0,-1.7634279935629373,1,train
Cc1nc(Nc2[nH]nc3c2CN(C(=O)NC2C[C@H]2c2ccccc2)C3(C)C)c2ccccc2n1,34.0,-1.5314789170422551,1,train
CC1(C)c2n[nH]c(Nc3ncnc4ccccc34)c2CN1C(=O)NC1C[C@H]1c1ccccc1,100.0,-2.0,0,train
CC1(C)c2n[nH]c(Nc3nc(C4CC4)nc4ccccc34)c2CN1C(=O)NC1C[C@H]1c1ccccc1,55.0,-1.7403626894942439,0,train
Cn1cnc(Nc2nc(N3CCC(N)CC3)nc3ccc(Cl)cc23)c1,710.0,-2.8512583487190755,1,train
NC1CCN(c2nc(Nc3cn(C4CC4)cn3)c3cc(Cl)ccc3n2)CC1,652.0,-2.81424759573192,1,test
CC(C)n1cnc(Nc2nc(N3CCC(N)CC3)nc3ccc(Cl)cc23)c1,884.0,-2.946452265013073,1,train
NC1CCN(c2nc(Nc3cn(-c4ccccc4)cn3)c3cc(Cl)ccc3n2)CC1,1440.0,-3.1583624920952498,0,train
Cc1cc(Nc2nc(N3CCC(N)CC3)nc3ccc(Cl)cc23)n[nH]1,99.0,-1.99563519459755,0,test
NC1CCN(c2nc(Nc3cc(C4CC4)[nH]n3)c3cc(Cl)ccc3n2)CC1,16.0,-1.2041199826559248,1,test
CC(C)c1cc(Nc2nc(N3CCC(N)CC3)nc3ccc(Cl)cc23)n[nH]1,77.0,-1.8864907251724818,1,train
NC1CCN(c2nc(Nc3cc(-c4ccccc4)[nH]n3)c3cc(Cl)ccc3n2)CC1,256.0,-2.4082399653118496,0,train
Cc1cc(Nc2nc(C(=O)N3CCC(N)CC3)nc3ccc(Cl)cc23)n[nH]1,354.0,-2.5490032620257876,1,train
Cc1cc(Nc2nc(C(=O)N3CCC(O)CC3)nc3ccc(Cl)cc23)n[nH]1,3817.0,-3.581722159949099,1,train
Cc1cc(Nc2nc(C(=O)N3CCC(C)(N)CC3)nc3ccc(Cl)cc23)n[nH]1,674.0,-2.82865989653532,0,train
Cc1cc(Nc2nc(C(=O)N3CCC(C)(O)CC3)nc3ccc(Cl)cc23)n[nH]1,3890.0,-3.5899496013257077,1,train
CNC1CCN(C(=O)c2nc(Nc3cc(C)[nH]n3)c3cc(Cl)ccc3n2)CC1,672.0,-2.8273692730538253,0,train
Cc1cc(Nc2nc(C(=O)N3CCNCC3)nc3ccc(Cl)cc23)n[nH]1,45.0,-1.6532125137753437,1,test
Cc1cc(Nc2nc(C(=O)N3CCOCC3)nc3ccc(Cl)cc23)n[nH]1,2172.0,-3.336859820916809,1,train
Cc1cc(Nc2nc(C(=O)N3CCN(C)CC3)nc3ccc(Cl)cc23)n[nH]1,768.0,-2.885361220031512,1,train
Cc1cc(Nc2nc(C(=O)N3CCNC(=O)C3)nc3ccc(Cl)cc23)n[nH]1,2408.0,-3.381656482585787,1,test
Cc1cc(Nc2nc(C(=O)N(C)C3CCNCC3)nc3ccc(Cl)cc23)n[nH]1,576.0,-2.760422483423212,1,train
Cc1cc(Nc2nc(C(=O)NC3CCNCC3)nc3ccc(Cl)cc23)n[nH]1,325.0,-2.5118833609788744,1,train
Cc1cc(Nc2nc(C(=O)N(C)C3CCCNC3)nc3ccc(Cl)cc23)n[nH]1,1630.0,-3.2121876044039577,0,test
Cc1cc(Nc2nc(C(=O)NC3CNC3)nc3ccc(Cl)cc23)n[nH]1,782.0,-2.893206753059848,1,train
O=C(c1nc(Nc2cc(C3CC3)[nH]n2)c2cc(Cl)ccc2n1)N1CCNCC1,16.0,-1.2041199826559248,0,train
Cc1cc(Nc2nc(C(=O)N3CC(C)NC(C)C3)nc3ccc(Cl)cc23)n[nH]1,119.0,-2.0755469613925306,1,train
CC1CN(C(=O)c2nc(Nc3cc(C4CC4)[nH]n3)c3cc(Cl)ccc3n2)CC(C)N1,114.0,-2.0569048513364727,0,train
CC[C@@H]1CN(C(=O)c2nc(Nc3cc(C4CC4)[nH]n3)c3cc(Cl)ccc3n2)CCN1,6.0,-0.7781512503836436,0,train
C[C@@H]1CN(C(=O)c2nc(Nc3cc(C4CC4)[nH]n3)c3ccccc3n2)CCN1,17.0,-1.2304489213782739,0,train
C[C@@H]1CN(C(=O)c2nc(Nc3cc(C4CC4)[nH]n3)c3ccc(Cl)cc3n2)CCN1,7.0,-0.8450980400142568,0,train
C[C@@H]1CN(C(=O)c2nc(Nc3cc(C4CC4)[nH]n3)c3cc(F)ccc3n2)CCN1,16.0,-1.2041199826559248,1,train
C[C@@H]1CN(C(=O)c2nc(Nc3cc(C4CC4)[nH]n3)c3cc(Br)ccc3n2)CCN1,11.0,-1.0413926851582251,1,train
COc1ccc2nc(C(=O)N3CCN[C@H](C)C3)nc(Nc3cc(C4CC4)[nH]n3)c2c1,36.0,-1.5563025007672873,0,test
CCN(CC)CCNC(=O)c1c(C)[nH]c(/C=C2\C(=O)Nc3ccc(F)cc32)c1C,500.0,-2.6989700043360187,0,train
COCCNc1nc2ccc(C#CC3(O)CCCCC3)cc2n1-c1ncnc(N)n1,3.3,-0.5185139398778874,1,train
C[C@@H]1CN(C(=O)N2Cc3c(NC(=O)c4ccccn4)n[nH]c3C2(C)C)[C@@H](C)CN1CC1CCOCC1,52000.0,-4.7160033436347994,0,train
CN(C)C[C@@H](OC(=O)N1Cc2c(NC(=O)C(C)(C)C)n[nH]c2C1(C)C)c1ccccc1,75.0,-1.8750612633917,0,test
CCn1c(=O)c(-c2ccc(-c3cncc(C)n3)cc2Cl)cc2cnc(NCCC3CCN(C)CC3)nc21,2400.0,-3.380211241711606,0,test
