smiles,exp_mean [nM],y,cliff_mol,split
COc1ccc(C(C)NS(N)(=O)=O)cc1OC,0.005,2.3010299956639813,0,train
COc1ccc(C(C)NS(=O)(=O)NC(=O)OCc2ccccc2)cc1,0.005,2.3010299956639813,0,train
COc1ccc(C(C)NS(=O)(=O)NC(=O)OCc2ccccc2)cc1OC,0.005,2.3010299956639813,0,test
COc1ccc(OC)c(C(C)NS(N)(=O)=O)c1,0.006,2.221848749616356,0,test
COc1ccccc1C(C)NS(=O)(=O)NC(=O)OCc1ccccc1,0.006,2.221848749616356,0,train
COc1ccc(C(C)NS(N)(=O)=O)cc1,0.006,2.221848749616356,0,test
COc1cccc(OC)c1C(C)NS(N)(=O)=O,0.008,2.0969100130080562,0,train
COc1cccc(OC)c1C(C)NS(=O)(=O)NC(=O)OCc1ccccc1,0.011,1.958607314841775,0,train
CN(CCCCNc1c2c(nc3ccccc13)CCCC2)CCCNc1c2c(nc3ccccc13)CCCC2,0.012,1.9208187539523751,1,train
CC[N+](CC)(CCCCCn1c(C)cc(=O)n(CCCCC[N+](CC)(CC)Cc2ccccc2)c1=O)Cc1ccccc1,0.081,1.0915149811213503,0,train
COc1ccc(OC)c(C(C)NS(=O)(=O)NC(=O)OCc2ccccc2)c1,0.023,1.6382721639824072,0,train
CC1=CC2Cc3nc4cc(Cl)ccc4c(N)c3C(C1)C2,0.033,1.4814860601221125,0,train
COc1ccccc1C(C)NS(N)(=O)=O,0.038,1.4202164033831899,0,train
C[Si](C)(C)c1cccc(C(=O)C(F)(F)F)c1,0.047,1.3279021420642825,0,train
CN(CCCNc1c2c(nc3ccccc13)CCCC2)CCCNc1c2c(nc3ccccc13)CCCC2,0.3,0.5228787452803376,1,test
C=CCN(CCCCNc1c2c(nc3ccccc13)CCCC2)CCCNc1c2c(nc3ccccc13)CCCC2,0.085,1.0705810742857071,1,train
COc1ccccc1CN(C)CCCCCC(=O)N(C)CCCCCCCCN(C)C(=O)CCCCCN(C)Cc1ccccc1OC,104.0,-2.0170333392987803,0,train
OCCN(CCCCNc1c2c(nc3ccccc13)CCCC2)CCCNc1c2c(nc3ccccc13)CCCC2,0.119,0.9244530386074693,1,test
CC[N+](CC)(CCNC(=O)C(=O)NCC[N+](CC)(CC)Cc1ccccc1Cl)Cc1ccccc1Cl,3.706666666666667,-0.5689835325263762,0,train
COc1cc2c(cc1O)CCC(C)(CCNCCCCCCCCNc1c3c(nc4cc(Cl)ccc14)CCCC3)O2,0.195,0.7099653886374819,0,train
c1ccc2c(NCCCN3CCN(CCCNc4c5c(nc6ccccc46)CCCC5)CC3)c3c(nc2c1)CCCC3,0.136,0.8664610916297825,1,train
CC[N+](CC)(CCCCCn1c(=O)cc(C)n(CCCCCCn2c(C)cc(=O)n(C)c2=O)c1=O)Cc1ccccc1C(F)(F)F,0.29,0.5376020021010439,0,train
CCN(CCCCNc1c2c(nc3ccccc13)CCCC2)CCCNc1c2c(nc3ccccc13)CCCC2,0.162,0.790484985457369,1,test
CC(=O)N(CCCCNc1c2c(nc3ccccc13)CCCC2)CCCNc1c2c(nc3ccccc13)CCCC2,0.223,0.6516951369518393,1,train
Nc1cccc2c(NCCCCCCCCNc3c4c(nc5ccccc35)CCCC4)c3c(nc12)CCCC3,0.23,0.638272163982407,0,train
O=C(CCCCC1CCSS1)NCCCNc1c2c(nc3cc(Cl)ccc13)CCCC2,155.0,-2.1903316981702914,0,train
COc1cc2c(c(OC)c1)CC(NC(=O)OCc1ccccc1)C2,0.261,0.5833594926617189,0,train
COc1cccc2c1CCC(NC(=O)OCc1ccccc1)C2,0.264,0.5783960731301689,0,train
CN(CCC(=O)N1CCN(CCNc2c3c(nc4ccccc24)CCCC3)CC1)C1CCCCC1,0.349,0.4571745730408201,0,train
O=C(NCCCCCNc1c2c(nc3ccccc13)CCCC2)c1cc2cc(OC(F)(F)F)ccc2oc1=O,76.0,-1.8808135922807914,0,train
O=C(NCCCCCCCNc1c2c(nc3ccccc13)CCCC2)c1cc2cc(OC(F)(F)F)ccc2oc1=O,78.0,-1.8920946026904804,0,train
NS(=O)(=O)c1ccc(NCc2cccc(Br)c2O)cc1,78.0,-1.8920946026904804,0,train
COc1cc2c(cc1OC)C(=O)C(Oc1cccc(C(C)N3CCN(C)CC3)c1)C2,78.0,-1.8920946026904804,0,train
CCN(CCC(=O)NCCCNc1c2c(nc3ccccc13)CCCC2)C1CCCCC1,79.5,-1.9003671286564703,0,train
CC(=O)c1ccccc1NC(=O)c1ccc(OCCCCC[n+]2ccccc2)cc1,81.0,-1.9084850188786497,0,train
NS(=O)(=O)c1ccc(N2N=C(c3cccs3)CC2c2ccc(Br)cc2)cc1,81.0,-1.9084850188786497,0,train
COc1cccc2c1C=[N+](c1ccc(Br)cc1)CC2,88.6,-1.9474337218870508,0,train
CC(C)(C)c1cc[n+](CCCCCCCC[n+]2ccc(C(C)(C)C)cc2)cc1,90.0,-1.9542425094393248,0,train
COc1cc2cc(C(=O)NCCCCCCCNc3c4c(nc5ccccc35)CCCC4)c(=O)oc2cc1OC,91.0,-1.9590413923210936,0,test
O=C(NC1CCN(Cc2ccccc2)CC1)c1ccc2c(c1)OCCCO2,95.0,-1.9777236052888478,0,test
COc1cc2c(cc1OC)C(=O)/C(=C/c1ccc(CN3CCCCC3)cc1)C2,95.0,-1.9777236052888478,0,test
c1ccc2c(NCCCCCCSc3c4c(nc5ccccc35)CCCC4)c3c(nc2c1)CCCC3,100.0,-2.0,1,train
CCCCCCCNC(=O)Oc1ccc2c(c1)[C@]1(C)CCN(C)[C@@H]1N2C,100.0,-2.0,0,train
CC(C)(C)c1cc[n+](/C=C2\C=CC3=CC/C(=C\[n+]4ccc(C(C)(C)C)cc4)C=C3C2)cc1,100.0,-2.0,0,train
FC(F)(F)c1ccc(CNC2CCN(Cc3ccccc3)CC2)cc1,100.0,-2.0,0,train
COc1cc2c(cc1OC)C(=O)C(Oc1ccc(C(C)N3CCCCC3)cc1)C2,106.0,-2.0253058652647704,0,train
CN(C)c1ccc2nc3ccc(=[N+](C)C)cc-3sc2c1,110.0,-2.041392685158225,0,test
Fc1cc(Br)ccc1CNCCCCCCCCNc1ccnc2cc(Cl)ccc12,110.0,-2.041392685158225,0,train
COc1cc2c(cc1OC)C(=O)C(Oc1cccc(C(C)N3CCOCC3)c1)C2,118.0,-2.0718820073061255,0,train
Clc1cc(Cl)c2c(SCCCCCCNc3c4c(nc5ccccc35)CCCC4)c3c(nc2c1)CCCC3,120.0,-2.0791812460476247,1,train
c1ccc(CN2CCC(CCNc3cc4c(nn3)-c3ccccc3CCCC4)CC2)cc1,120.0,-2.0791812460476247,0,train
Cc1cc(F)c(CNCCCCCCCCNc2ccnc3cc(Cl)ccc23)cc1F,120.0,-2.0791812460476247,1,train
CC(C)(C)OC(=O)Nc1ccc(O)c(C(=O)NCCCN2CCCCC2)c1,120.0,-2.0791812460476247,0,train
O=C1CC2CCc3ccsc3C2=NN1CCN1CCN(Cc2ccccc2)CC1,123.0,-2.089905111439398,0,train
O=C(NCCc1c[nH]c2ccccc12)c1ccc(OCCCC[n+]2cccc3ccccc32)cc1,124.0,-2.093421685162235,0,train
COc1cc2c(cc1OC)C(=O)/C(=C/c1cccc(CN3CCCC3)c1)C2,127.0,-2.103803720955957,0,train
Cc1ccc2oc(-c3ccc(OCCCCCCN4CCCCC4)cc3)cc(=O)c2c1,129.0,-2.110589710299249,0,train
CC(C)(C)OC(=O)N[C@@H](Cc1c[nH]c2ccccc12)C(=O)NCCNc1c2c(nc3ccccc13)CCCC2,130.0,-2.113943352306837,1,train
CSc1cccc(/N=C2\NC(=O)C(CC(=O)Nc3ccc(F)c(F)c3)S2)c1,130.0,-2.113943352306837,0,train
COc1cc2c(cc1OC)C(=O)C(Oc1cccc(C(C)N3CCCC3)c1)C2,138.0,-2.1398790864012365,0,train
c1cc[n+](Cc2ccc3ccc(C[n+]4ccccc4)cc3c2)cc1,140.0,-2.146128035678238,0,train
O=[N+]([O-])c1ccc(NCCCCCCCCNc2ccnc3cc(C(F)(F)F)ccc23)cc1,140.0,-2.146128035678238,0,train
CO[P@]1(=O)OC[C@H]2COC(=O)C2=C(C)O1,140.0,-2.146128035678238,0,train
Nc1c2c(nc3c1C(c1cccc(Br)c1)NC(=S)N3)CCCC2,147.0,-2.167317334748176,0,train
Cc1ccc(S(=O)(=O)SCc2ccc(C(F)(F)F)cc2)cc1,148.0,-2.1702617153949575,0,train
CCCCNC(=O)OCCCCCCCCOC(=O)NCCCC,150.0,-2.1760912590556813,0,test
Clc1cc(Cl)c2c(NCCCCCCCNc3c4c(nc5cc(Cl)cc(Cl)c35)CCCC4)c3c(nc2c1)CCCC3,150.0,-2.1760912590556813,1,train
Fc1cc(C(F)(F)F)ccc1CNCCCCCCCCNc1ccnc2cc(Cl)ccc12,150.0,-2.1760912590556813,0,train
Cc1ccc(S(=O)(=O)SCc2ccc(C(C)(C)C)cc2)cc1,157.0,-2.1958996524092336,0,test
CC(C)(C)c1ccc(NCCCCCCCCNc2ccnc3cc(C(F)(F)F)ccc23)cc1,160.0,-2.204119982655925,0,train
COc1cc2c(cc1OC)C(=O)C(Cc1ccc(CN(C)C)cc1)C2,161.0,-2.2068258760318495,0,test
O=C1C(Cl)=C(Cl)C(=O)C(Cl)=C1Cl,163.0,-2.2121876044039577,1,train
Cc1ccc(S(=O)(=O)SCc2ccc(C#N)cc2)cc1,166.0,-2.220108088040055,0,train
c1cnc(Nc2nnc(-c3cccc4ccccc34)o2)nc1,170.0,-2.230448921378274,0,train
CC1CCCCN1CCCNC(=O)c1cc(NC(=O)OC(C)(C)C)ccc1O,170.0,-2.230448921378274,0,train
Cc1ccc(NC(=O)c2cc(=O)c3cc(/C=C/C(=O)OCCN(C)C)ccc3o2)cc1,190.0,-2.278753600952829,0,train
c1ccc2c(NCCCCCCCCCSc3c4c(nc5ccccc35)CCCC4)c3c(nc2c1)CCCC3,195.0,-2.290034611362518,1,train
COc1cc2c(cc1OC)C(=O)/C(=C/c1ccc(CN3CCCC3)cc1)C2,198.0,-2.296665190261531,0,train
Cc1ccc(S(=O)(=O)SCc2ccc(OC(F)(F)F)cc2)cc1,198.0,-2.296665190261531,0,train
C[N+](C)=c1ccn(CCCCOc2ccc(C(=O)NCCc3c[nH]c4ccccc34)cc2)cc1,198.0,-2.296665190261531,0,train
FC(F)(F)c1ccc2c(NCCCCCCCCNC3NCCN3)ccnc2c1,200.0,-2.3010299956639813,1,test
COc1cc2c(cc1OC)C(=O)C(Oc1ccc(CN(C)C)cc1)C2,209.0,-2.320146286111054,0,train
Nc1c2c(nc3ccccc13)-c1ccccc1C2,210.0,-2.322219294733919,0,train
c1ccc2c(NCCCCCNc3c4c(nc5ccccc35)CCCC4)c3c(nc2c1)CCCC3,210.0,-2.322219294733919,1,train
COc1ccc2cc(C(=O)NCCC3CCN(Cc4ccccc4)CC3)ccc2c1,210.0,-2.322219294733919,0,train
COc1cc2c(cc1OC)C(=O)C(Oc1ccc(C(C)N3CCOCC3)cc1)C2,217.0,-2.3364597338485296,0,train
COc1ccc(CSS(=O)(=O)c2ccc(C)cc2)cc1,219.0,-2.3404441148401185,0,train
NS(=O)(=O)c1cccc(NC(=S)N/N=C2\C(=O)N(Cc3ccccc3)c3ccc([N+](=O)[O-])cc32)c1,220.0,-2.342422680822206,0,train
COc1cc2c(cc1OC)C(=O)C(Oc1ccc(C(C)N3CCN(C)CC3)cc1)C2,228.0,-2.357934847000454,0,train
CCN(C)Cc1cccc(/C=C2\Cc3cc(OC)c(OC)cc3C2=O)c1,236.0,-2.3729120029701067,1,train
CCN(CC)Cc1cccc(/C=C2\Cc3cc(OC)c(OC)cc3C2=O)c1,237.0,-2.374748346010104,1,train
O=C(Nc1ccc(OC(F)(F)F)cc1)N1CCCN(CCc2ccccc2)CC1,241.0,-2.3820170425748683,0,train
CCCCNC(=O)OCCCCCOC(=O)NCCCC,250.0,-2.3979400086720375,0,train
c1ccc2c(NCCCCCCCCSc3c4c(nc5ccccc35)CCCC4)c3c(nc2c1)CCCC3,27.933333333333334,-1.446122763910614,1,test
Cc1ccc(S(=O)(=O)SCc2ccc([N+](=O)[O-])cc2)cc1,251.0,-2.399673721481038,0,train
COc1cc2c(cc1OC)C(=O)C(Oc1ccc(CN3CCCC3)cc1)C2,257.0,-2.4099331233312946,1,train
COc1cc2cc(C(=O)NCCC3CCN(Cc4ccccc4)CC3)[nH]c2cc1OC,260.0,-2.4149733479708178,0,train
COc1ccc2c(c1)C(=O)/C(=C/C1CCN(Cc3ccccc3)CC1)C2,260.0,-2.4149733479708178,1,test
Fc1ccc(F)c(CN(CCCCCCCCNc2ccnc3cc(Cl)ccc23)c2cc(F)ccc2F)c1,260.0,-2.4149733479708178,0,train
O=[N+]([O-])c1ccc(OCC(O)CN2CCCN(c3nc4ccc(Cl)cc4s3)CC2)cc1,263.0,-2.419955748489758,0,test
COc1cc2c(cc1OC)C(=O)C(Oc1cccc(CN3CCCCC3)c1)C2,266.0,-2.424881636631067,1,train
N[C@@H](Cc1c[nH]c2ccccc12)C(=O)NCCNc1c2c(nc3ccccc13)CCCC2,280.0,-2.4471580313422194,1,train
Clc1cc(Cl)c2c(SCCCCCCCNc3c4c(nc5ccccc35)CCCC4)c3c(nc2c1)CCCC3,290.0,-2.462397997898956,1,train
O=C1C=Cc2ccccc2C1=O,320.0,-2.505149978319906,0,train
Cc1ccc(S(=O)(=O)SCc2ccc(F)cc2)cc1,327.0,-2.514547752660286,0,train
c1ccc2c(NCCCCCCCSc3c4c(nc5ccccc35)CCCC4)c3c(nc2c1)CCCC3,340.0,-2.531478917042255,1,test
CC(=O)O[C@H]1[C@H]2c3cc4c(cc3CN3CCC(=C[C@@H]1O[Si](C)(C)C(C)(C)C)[C@H]23)OCO4,340.0,-2.531478917042255,0,train
O=C1/C(=C/C2CCN(Cc3ccccc3)CC2)Cc2cccc(O)c21,355.0,-2.550228353055094,1,train
CCCCNC(=O)OCCOC(=O)NCCCC,360.0,-2.5563025007672873,0,train
CCCCNC(=O)OCCCCCCCCO,360.0,-2.5563025007672873,0,train
CC(C)(C)[Si](C)(C)O[C@H]1C=C2CCN3Cc4cc5c(cc4[C@H]([C@@H]1OC(=O)c1ccccc1)[C@@H]23)OCO5,390.0,-2.591064607026499,0,train
Cc1ccc(S(=O)(=O)SCc2ccccc2)cc1,390.0,-2.591064607026499,0,train
CCN(CCCCOc1ccc(-c2cc(=O)c3c(O)cc(OCCCCN(CC)Cc4ccccc4)cc3o2)cc1)Cc1ccccc1,394.0,-2.595496221825574,0,train
COc1cc2c(cc1OC)C(=O)C(Oc1cccc(C(C)N(C)C)c1)C2,400.0,-2.6020599913279625,0,train
COc1cc2c(cc1OC)C(=O)C(Oc1ccc(CN3CCCCC3)cc1)C2,403.0,-2.6053050461411096,1,train
COc1cc2c(cc1OC)C(=O)C(Oc1ccc(C(C)N3CCCC3)cc1)C2,403.0,-2.6053050461411096,1,train
CC(=O)O[C@H]1[C@H]2c3cc4c(cc3CN3CCC(=C[C@@H]1O)[C@H]23)OCO4,430.0,-2.6334684555795866,0,train
CCN(CC)Cc1ccc(/C=C2\Cc3cc(OC)c(OC)cc3C2=O)cc1,453.0,-2.656098202012832,0,test
CCOc1ccc2nc3cc(N)ccc3c(N)c2c1,490.0,-2.690196080028514,0,train
COc1cc2c(cc1OC)C(=O)C(=Cc1ccc(N3CC[N+](C)(Cc4ccccc4)CC3)cc1)C2,500.0,-2.6989700043360187,0,test
COc1cc2c(cc1OC)C(=O)C(Oc1cccc(CN3CCCC3)c1)C2,505.0,-2.7032913781186614,1,train
CCN(C)Cc1cccc(CC2Cc3cc(OC)c(OC)cc3C2=O)c1,507.0,-2.705007959333336,1,train
COc1cc2c(cc1OC)C(=O)C(Oc1ccc(CN3CCOCC3)cc1)C2,514.0,-2.710963118995276,1,train
CN(C)C(=O)Oc1cccc(C(=O)/C=C/c2ccc(O)cc2)c1,520.0,-2.716003343634799,0,test
Cc1cc(Cl)cc2c1N(C)C(=O)/C2=N\NC(=S)Nc1cccc(S(N)(=O)=O)c1,520.0,-2.716003343634799,0,train
CC(C)(C)c1ccc(/C(N)=N/OC(=O)c2cnn(-c3ccc([N+](=O)[O-])cc3)c2C(F)(F)F)cc1,521.0,-2.7168377232995247,0,train
COc1cc2c(cc1OC)C(=O)C(Cc1cccc(CN(C)C)c1)C2,525.0,-2.720159303405957,1,train
FC(F)(F)c1ccc2c(NCCCCCCCCNc3cc4ccccc4o3)ccnc2c1,540.0,-2.7323937598229686,0,train
O=C(O[C@H]1[C@H]2c3cc4c(cc3CN3CCC(=C[C@@H]1O)[C@H]23)OCO4)c1ccccc1,540.0,-2.7323937598229686,0,train
COc1cc2c(cc1OC)C(=O)C(Oc1ccc(C(C)N(C)C)cc1)C2,543.0,-2.734799829588847,0,train
COc1cccc(CN2CCC(/C=C3\Cc4cc(OC)ccc4C3=O)CC2)c1,554.0,-2.74350976472843,1,test
O=C(/C=N/O)NCCCCCCNc1c2c(nc3ccccc13)CCCC2,588.0,-2.7693773260761385,1,train
COc1cc2c(cc1OC)C(=O)/C(=C/c1ccc(CN(C)C)cc1)C2,617.0,-2.7902851640332416,0,test
O=C(NCCN1CCCCC1)N1c2ccccc2Sc2ccccc21,620.0,-2.792391689498254,1,train
c1ccc2c(NCCCCSc3c4c(nc5ccccc35)CCCC4)c3c(nc2c1)CCCC3,650.0,-2.8129133566428557,1,train
Fc1cc(C(F)(F)F)ccc1CN(CCCCCCCCNc1ccnc2cc(Cl)ccc12)c1ccc(C(F)(F)F)cc1F,700.0,-2.845098040014257,0,test
CCN(C)C(=O)Oc1cccc([C@H](C)N(C)C)c1,700.0,-2.845098040014257,0,train
Cc1ccc(S(=O)(=O)SCc2ccc(Cl)cc2)cc1,714.0,-2.8536982117761744,0,test
Clc1ccc2c(NCCCNCC34CC5CC(CC(C5)C3)C4)ccnc2c1,770.0,-2.886490725172482,1,train
COc1cc2c(cc1OC)C(=O)C(Cc1ccc(CN3CCCC3)cc1)C2,773.0,-2.888179493918325,1,train
COc1cc2c(cc1OC)C(=O)C(Oc1cccc(CN3CCOCC3)c1)C2,793.0,-2.8992731873176036,1,train
O=C1C(=O)c2cc([N+](=O)[O-])ccc2-c2ccccc21,850.0,-2.929418925714293,0,train
CC(C)(C)[Si](C)(C)O[C@H]1C=C2CCN3Cc4cc5c(cc4[C@H]([C@@H]1O)[C@@H]23)OCO5,860.0,-2.934498451243568,0,train
CCN(CC)C(C)c1cccc(OC2Cc3cc(OC)c(OC)cc3C2=O)c1,865.0,-2.9370161074648142,1,train
COc1cccc(C2c3ccc4cccnc4c3Oc3nc4c(c(N)c32)CCCC4)c1,870.0,-2.9395192526186187,0,train
COc1cc(NCc2ccc(Oc3c(N)cccc3Cl)cc2)cc(OC)c1OC,879.0,-2.9439888750737717,0,train
COc1ccccc1CN(C)CCCN(C)CCCNCCCn1c2cc(=N)ccc-2c2ccc(N)cc2c1-c1ccccc1,894.0,-2.951337518795918,0,train
O=C(Cc1sc(Nc2ccc(C3CCCCC3)cc2)nc1O)Nc1ccc(OC(F)(F)F)cc1,897.0,-2.952792443044092,0,train
O=C1C(=O)c2ccc([N+](=O)[O-])c3c([N+](=O)[O-])ccc1c23,903.0,-2.9556877503135057,0,train
CCN(C)Cc1ccc(CC2Cc3cc(OC)c(OC)cc3C2=O)cc1,918.0,-2.9628426812012423,1,train
CCN(C)Cc1ccc(/C=C2\Cc3cc(OC)c(OC)cc3C2=O)cc1,920.0,-2.963787827345555,0,train
COc1ccc2[nH]cc(C(=O)NCCC3CCN(Cc4ccccc4)CC3)c2c1,930.0,-2.9684829485539352,0,train
O=C1C=CC(=O)C=C1,955.0,-2.9800033715837464,0,train
CC(=O)O[C@H]1C=C2CCN3Cc4cc5c(cc4[C@H]([C@@H]1OC(=O)c1ccccc1)[C@@H]23)OCO5,970.0,-2.9867717342662448,0,test
O=C1/C(=C/C2CCN(Cc3ccccc3)CC2)Cc2cc3c(cc21)OCO3,980.0,-2.991226075692495,0,test
COc1cc2c(cc1OC)C(=O)C(=Cc1ccc(N3CC[N+](C)(Cc4cccc(Cl)c4)CC3)cc1)C2,1000.0,-3.0,0,test
O=C(Nc1ccccc1)OC1CN2CCC1CC2,1000.0,-3.0,0,train
CCN(CC)CCNC(=O)c1ccc(N)cc1,1000.0,-3.0,0,train
COc1cc2c(cc1OC)C(=O)C(Oc1cccc(CN(C)C)c1)C2,1004.0,-3.0017337128090005,1,train
CCN(CC)Cc1ccc(CC2Cc3cc(OC)c(OC)cc3C2=O)cc1,1040.0,-3.0170333392987803,1,test
O=c1oc2ccccc2cc1-c1csc(N=NCc2cccc(Br)c2)n1,1050.0,-3.0211892990699383,0,test
CC(=O)/C(=N\O)C(=O)Nc1cnc2c(c1)CC(N(C)CCc1ccccc1)CC2,1108.0,-3.044539760392411,0,train
CCCC[C@@H](O)/C=C/C=C/C(=O)O,1170.0,-3.0681858617461617,0,train
COc1ccc(CN=Nc2nc(-c3cc4ccccc4oc3=O)cs2)cc1,1250.0,-3.0969100130080562,0,train
CCN(CC)C(C)c1ccc(OC2Cc3cc(OC)c(OC)cc3C2=O)cc1,1330.0,-3.123851640967086,0,train
CCN(CC)Cc1ccc(OC2Cc3cc(OC)c(OC)cc3C2=O)cc1,1340.0,-3.1271047983648077,1,train
CC(C)(C)c1cc(/C=C/C(=O)NCCC2CCN(Cc3ccccc3F)CC2)cc(C(C)(C)C)c1O,1400.0,-3.146128035678238,0,train
CCCCNC(=O)OCCCCCO,1400.0,-3.146128035678238,0,test
O=C(NCCc1c[nH]c2ccccc12)c1ccc(OCCCCn2c3ccccc3c3ccccc32)cc1,1437.0,-3.157456768134226,0,train
O=C(/C=N/O)NCCCCNc1c2c(nc3ccccc13)CCCC2,1492.0,-3.17376882313665,0,test
CCCCNC(=O)OCCO,1500.0,-3.1760912590556813,0,train
CC(=O)N(CCCNc1c2c(nc3ccccc13)CCCC2)CCCNc1c2c(nc3ccccc13)CCCC2,1500.0,-3.1760912590556813,1,train
COc1cc(CN=Nc2nc(-c3cc4ccccc4oc3=O)cs2)cc(OC)c1O,1550.0,-3.1903316981702914,0,train
CCN(CC)Cc1cccc(OC2Cc3cc(OC)c(OC)cc3C2=O)c1,1590.0,-3.2013971243204513,1,test
Clc1ccc2c(NCCNC34CC5CC(CC(C5)C3)C4)ccnc2c1,1600.0,-3.204119982655925,1,test
O=c1oc2ccccc2cc1-c1csc(N=NCc2ccc(Cl)cc2)n1,1620.0,-3.2095150145426308,0,train
O=C1C(=O)C(Cl)=C(Cl)C(Cl)=C1Cl,1670.0,-3.2227164711475833,1,train
O=c1oc2ccccc2cc1-c1csc(N=NCc2ccc([N+](=O)[O-])cc2)n1,1810.0,-3.2576785748691846,0,test
COc1cccc2c1C(=O)/C(=C/C1CCN(Cc3ccccc3)CC1)C2,1835.0,-3.263636068588108,0,train
CC(CCNCCC12CC3CC(CC(C3)C1)C2)Nc1ccnc2cc(Cl)ccc12,1900.0,-3.278753600952829,0,test
N[C@@H](Cc1ccccc1)C(=O)NCC(=O)Nc1c2c(nc3ccccc13)CCCC2,1908.0,-3.2805783703680764,0,train
O=C1/C(=C/C2CCN(Cc3ccccc3)CC2)Cc2cc(O)ccc21,1980.0,-3.296665190261531,0,train
CN(CCCC(F)F)Cc1ccc(COc2ccc3c(CO)cc(=O)oc3c2)cc1,2000.0,-3.3010299956639813,0,train
CCOC(=O)C1=C(Nc2ccc(F)cc2)CC(c2ccc(F)cc2)N(c2ccc(F)cc2)C1c1ccc(F)cc1,2050.0,-3.311753861055754,0,test
N/C(=N\OC(=O)c1cnn(-c2ccc([N+](=O)[O-])cc2)c1C(F)(F)F)c1ccc(C(F)(F)F)cc1,2070.0,-3.315970345456918,0,train
N[C@@H](Cc1c[nH]c2ccccc12)C(=O)NCC(=O)Nc1c2c(nc3ccccc13)CCCC2,2214.0,-3.345177616542704,1,train
COc1ccc(-c2cc3c(c(=O)o2)C[C@@]2(O)[C@@]4(C)CCC(=O)OC(C)(C)[C@@]4(O)CC[C@@]2(C)O3)cc1,2300.0,-3.361727836017593,0,train
N/C(=N\OC(=O)c1cnn(-c2ccc([N+](=O)[O-])cc2)c1C(F)(F)F)c1ccc(Cl)cc1,2350.0,-3.3710678622717363,0,train
O=c1oc2ccccc2cc1-c1csc(N=NCc2ccc(Br)cc2)n1,2470.0,-3.392696953259666,0,train
CC(=O)O[C@H]1CC[C@@]2(C)[C@@H](CC[C@@]3(C)C[C@@]4(O)CC[C@H]5C(C)(C)[C@@H](OC(C)=O)CC[C@]5(C)[C@H]4CC[C@@H]32)C1(C)C,2490.0,-3.3961993470957363,0,train
C[n+]1c2ccccc2c(-c2ccc(N)cc2)c2ccccc21,2660.0,-3.424881636631067,0,train
COc1cc2c(cc1O)C(=O)/C(=C/C1CCN(Cc3ccccc3)CC1)C2,2822.0,-3.450557009418329,1,train
COc1cc2c(cc1O)C/C(=C\C1CCN(Cc3ccccc3)CC1)C2=O,2822.0,-3.450557009418329,1,train
O=c1c(Cl)c(N2CCN(c3ccc(C(F)(F)F)cn3)CC2)cnn1-c1c(Cl)cc(C(F)(F)F)cc1Cl,2870.0,-3.4578818967339924,0,train
N#C/C(=N\O)C(=O)NCCCNc1c2c(nc3ccccc13)CCCC2,3077.0,-3.4881274962474587,0,train
O=c1oc2ccccc2cc1-c1csc(N=NCc2cccc(Cl)c2)n1,3090.0,-3.4899584794248346,0,train
CC(C)=CCC/C(C)=C/Cc1cc(-c2cc(=O)c3c(O)cc(O)cc3o2)c(O)cc1O,3100.0,-3.4913616938342726,0,test
COc1cc(O)c(C2CC(=O)c3c(O)cc(O)cc3O2)cc1C/C=C(\C)CCC=C(C)C,3100.0,-3.4913616938342726,0,train
CC(C)=CC1Oc2cc(O)ccc2-c2oc3c4c(cc(O)c3c(=O)c21)OC(C)(C)C=C4,3100.0,-3.4913616938342726,0,test
COc1cccc2c1CCC(NS(=O)(=O)N(C)C)C2,0.45,0.3467874862246563,0,train
COc1ccc2cc3[n+](cc2c1OCc1ccc(C(F)(F)F)cc1)CCc1cc2c(cc1-3)OCO2,0.456,0.341035157335565,0,train
OCCN(CCCNc1c2c(nc3ccccc13)CCCC2)CCCNc1c2c(nc3ccccc13)CCCC2,0.65,0.1870866433571444,1,train
COc1ccc2c(c1)CCC(NC(=O)N(C)C)C2,0.67,0.17392519729917352,0,train
COc1cc(CNC(=O)CCCCCCNc2c3c(nc4cc(Cl)ccc24)CC2C=C(C)CC3C2)ccc1O,0.81,0.09151498112135022,0,train
CN(C)S(=O)(=O)NC1CCc2ccc(O)cc2C1,0.72,0.14266750356873156,0,train
c1ccc2oc(CNCCCCCCCNc3c4c(nc5ccccc35)CCCC4)cc2c1,0.86,0.06550154875643228,0,test
c1cc(CCNc2c3c(nc4ccccc24)CCCC3)nc(CCNc2c3c(nc4ccccc24)CCCC3)c1,0.768,0.11463877996848798,0,train
O=[N+]([O-])c1cccc2c(NCCCCCCCCNc3c4c(nc5ccccc35)CCCC4)c3c(nc12)CCCC3,0.78,0.10790539730951959,0,train
COc1ccc2c(c1)CC(NS(=O)(=O)N(C)C)CC2,0.83,0.0809219076239261,0,test
COc1cccc2c1CC[C@H](NC(=O)N(C)C)C2,0.98,0.00877392430750515,0,train
Nc1c2c(nc3cc(Cl)cc(Cl)c13)CCCC2,1.0,-0.0,0,train
Clc1ccc2c(NCCCCCCCNc3c4c(nc5ccccc35)-c3ccccc3C4)c3c(nc2c1)CCCC3,1.0,-0.0,0,test
COc1ccc2c(c1)CCC(NS(=O)(=O)N(C)C)C2,1.1,-0.04139268515822507,0,train
COc1ccc2c(c1)C[C@@H](NC(=O)N(C)C)CC2,1.1,-0.04139268515822507,0,train
CN(C)S(=O)(=O)N[C@H]1CCc2cc(O)ccc2C1,1.2,-0.07918124604762482,0,train
CN(C)C(=O)NC1CCc2cc(O)ccc2C1,1.3,-0.11394335230683678,0,test
c1ccc2c(NCCCCCCCNc3c4c(nc5ccccc35)CCCC4)c3c(nc2c1)CCCC3,1.3,-0.11394335230683678,1,train
CN(C)S(=O)(=O)NC1CCc2c(O)cccc2C1,1.3,-0.11394335230683678,0,train
CCN(CCC(=O)N1CCN(CCNc2c3c(nc4ccccc24)CCCC3)CC1)C1CCCCC1,2.54,-0.40483371661993806,0,train
N=c1ccc2c3ccc(N)cc3c(-c3ccccc3)n(CCCNCCCNCCCNc3c4c(nc5ccccc35)CCCC4)c-2c1,1.49,-0.17318626841227402,0,test
CC1=C[C@@H]2Cc3nc4cc(Cl)ccc4c(NCCCCCCCNc4c5c(nc6cc(Cl)ccc46)CCCC5)c3[C@H](C1)C2,1.5,-0.17609125905568124,0,train
CN(CCCCNc1c2c(nc3c(NC(=O)CNC(=O)CC[C@H](NC(=O)CNC(=O)OCc4ccccc4)C(=O)N[C@@H](Cc4ccccc4)C(=O)OCc4ccccc4)cccc13)CCCC2)CCCNc1c2c(nc3ccccc13)CCCC2,1.5,-0.17609125905568124,0,test
CN(C)C(=O)N[C@H]1CCc2c(O)cccc2C1,1.6,-0.20411998265592482,0,train
C=CCN(CCCNc1c2c(nc3ccccc13)CCCC2)CCCNc1c2c(nc3ccccc13)CCCC2,1.6,-0.20411998265592482,1,train
COc1ccc(Cn2cc(C(=O)NCCCNc3c4c(nc5cc(Cl)ccc35)CCCC4)c(=O)c3ccccc32)cc1,2.45,-0.3891660843645325,0,test
c1ccc2c(NCCc3ccc(CCNc4c5c(nc6ccccc46)CCCC5)cc3)c3c(nc2c1)CCCC3,1.63,-0.21218760440395779,1,train
CC(C)=CCc1c(-c2ccc(O)cc2O)oc2c(CC=C(C)C)c(O)cc(O)c2c1=O,3100.0,-3.4913616938342726,0,train
CC1(C)C=Cc2c(cc(O)c3c(=O)c4c(oc23)-c2ccc(O)cc2OC(C(C)(C)O)C4)O1,3100.0,-3.4913616938342726,0,train
CC(C)=CCC/C(C)=C/Cc1cc(C2CC(=O)c3c(O)cc(O)cc3O2)c(O)cc1O,3100.0,-3.4913616938342726,0,train
CC(C)=CCc1c(-c2ccc(O)cc2O)oc2c3c(cc(O)c2c1=O)OC(C)(C)C=C3,3100.0,-3.4913616938342726,0,train
COc1cc(O)c(-c2cc(=O)c3c(O)cc(O)cc3o2)cc1C/C=C(\C)CCC=C(C)C,3100.0,-3.4913616938342726,0,train
CC(C)(O)CCc1c(-c2ccc(O)cc2O)oc2c3c(cc(O)c2c1=O)OC(C)(C)C=C3,3100.0,-3.4913616938342726,0,train
CC(C)(C)c1cc(/C=C/C(=O)NCCC2CCN(Cc3ccccc3)CC2)cc(C(C)(C)C)c1O,3200.0,-3.505149978319906,0,train
O=C1C(=O)N(Cc2ccc(Cc3ccc(CN4C(=O)C(=O)c5ccccc54)cc3)cc2)c2ccccc21,3280.0,-3.515873843711679,0,train
CN[C@@H](Cc1c[nH]c2ccccc12)C(=O)NCC(=O)Nc1c2c(nc3ccccc13)CCCC2,3330.0,-3.5224442335063197,1,train
CN1c2ccccc2C(n2cncn2)c2ccccc21,3340.0,-3.5237464668115646,0,train
CCN(CC)C(=O)OC1C[N+]2(C)CCC1CC2,3500.0,-3.5440680443502757,0,train
CN1c2ccccc2C(N2CCSCC2)c2ccccc21,3750.0,-3.574031267727719,0,test
Clc1ccc2c(Nc3cccc4c(NCCC56CC7CC(CC(C7)C5)C6)cccc34)ccnc2c1,3800.0,-3.57978359661681,0,train
COc1cccc(C2NC(=S)Nc3nc4c(c(N)c32)CCCC4)c1,3880.0,-3.5888317255942073,0,train
CN1c2ccccc2C(N2CCOCC2)c2ccccc21,4010.0,-3.603144372620182,0,train
O=C(CNC(=O)[C@@H]1Cc2ccccc2CN1)Nc1c2c(nc3ccccc13)CCCC2,4130.0,-3.615950051656401,0,train
O=C1/C(=C/C2CCN(Cc3ccccc3)CC2)Cc2ccc(O)cc21,4224.0,-3.625723909525756,1,train
O=C(CCCCCCCCc1ccc(O)cc1)c1c(O)cccc1O,4330.0,-3.6364878963533656,0,train
COCC1=C=C(c2ccc(OC)cc2)c2cc(OC)c(OC)cc2CCN(C)C=C1C(=O)OC,4900.0,-3.690196080028514,0,train
O=c1oc2ccccc2cc1-c1csc(N=NCc2ccccc2Cl)n1,5410.0,-3.7331972651065692,0,train
O=C1Nc2ccccc2C12NNC(Nc1cccc(Cl)c1)=C2[N+](=O)[O-],5590.0,-3.747411807886423,0,train
COc1cc(CN=Nc2nc(-c3cc4ccccc4oc3=O)cs2)cc(OC)c1OC,5610.0,-3.748962861256161,0,train
O=C(CCCCCCCCc1ccc(O)c(O)c1)c1c(O)cccc1O,5860.0,-3.767897616018091,0,train
CC(C)OP(=O)(F)OC(C)C,6000.0,-3.778151250383644,0,train
O=C(/C=N/O)NCCCNc1c2c(nc3ccccc13)CCCC2,6219.0,-3.7937205568135233,1,train
COc1cc2c(c3c1OCOC3)C[C@H]1c3c(cc4c(c3OC)OCO4)CC[N+]1=C2,6300.0,-3.7993405494535817,0,train
CN[C@@H](Cc1ccccc1)C(=O)NCC(=O)Nc1c2c(nc3ccccc13)CCCC2,6320.0,-3.800717078282385,0,train
C=CCN1C(=O)/C(=C2/Sc3ccccc3N2CC)SC1=S,6410.0,-3.8068580295188172,0,test
CN1c2ccccc2C(n2nnc3ccccc32)c2ccccc21,6430.0,-3.808210972924222,0,train
O=C(Oc1cc(OC(=O)N2CCCCC2)cc(C(O)CN2CCCCC2)c1)N1CCCCC1,6930.0,-3.8407332346118066,0,train
c1ccc(CNc2c3c(nc4ccccc24)-c2ccccc2C3)cc1,7500.0,-3.8750612633917,0,train
COc1cccc(CN=Nc2nc(-c3cc4ccccc4oc3=O)cs2)c1,7170.0,-3.8555191556678,0,train
CC1(C)C=Cc2c(ccc(C(=O)C=Cc3ccc(O)cc3)c2O)O1,7390.0,-3.8686444383948255,0,train
O=c1oc2ccccc2cc1-c1csc(N=NCc2ccccc2OCc2ccccc2)n1,7470.0,-3.873320601815399,0,train
CC(C)(C)OC(=O)N[C@@H](Cc1c[nH]c2ccccc12)C(=O)NCCC(=O)Nc1c2c(nc3ccccc13)CCCC2,7970.0,-3.9014583213961123,1,train
C[C@@]12CC[C@@H]3[C@](C)(CC[C@H](OC(=O)CCc4ccc(O)cc4)[C@]3(C)C(=O)O)[C@H]1CC[C@H]1C(=CC[C@@H]3[C@]1(C)CC[C@@H](O)[C@]3(C)CO)C2,7970.0,-3.9014583213961123,0,test
CC(C)=CCC/C(C)=C/Cc1c(O)cc2c(c1O)C(=O)C[C@@H](c1ccc(O)c(O)c1)O2,8400.0,-3.9242792860618816,1,test
CCO[P@](=O)(SCC)c1ccccc1,8900.0,-3.949390006644913,0,train
CNC(=O)N1c2ccccc2Sc2ccccc21,9360.0,-3.971275848738105,1,train
CN(C)c1ccc(CN=Nc2nc(-c3cc4ccccc4oc3=O)cs2)cc1,9960.0,-3.998259338423699,0,train
COC(=O)/C(=N\Nc1ccc(C)cc1)C(=O)C(F)(F)F,10100.0,-4.004321373782642,0,train
N[C@@H](Cc1ccc2ccccc2c1)C(=O)NCC(=O)Nc1c2c(nc3ccccc13)CCCC2,11190.0,-4.04883008652835,0,train
O=C1SCc2cccc([N+](=O)[O-])c21,11800.0,-4.071882007306125,0,train
NC(=O)c1cc[n+](CCCC[n+]2cc(Cl)c(C=NO)c(Cl)c2)cc1,12000.0,-4.079181246047625,0,train
CCN(CC)c1ccc(-c2c3ccccc3[n+](C)c3ccccc23)cc1,13200.0,-4.12057393120585,0,test
COc1cc2c[n+]3c(cc2c(CO)c1OC)-c1c(cc2c(c1OC)OCO2)CC3,13200.0,-4.12057393120585,0,train
COc1cc2c(c3c1OCOC3)C[C@H]1c3c(cc4c(c3OC)OCO4)CCN1C2,13700.0,-4.136720567156407,0,train
CC(=O)Nc1nc(Cl)c2ncn(C3O[C@H](CC(=O)NCc4ccccc4)[C@H](OC(C)=O)[C@H]3OC(C)=O)c2n1,14780.0,-4.169674434058807,0,train
CCN(CC)CCNC(=O)N1c2ccccc2Sc2ccccc21,16300.0,-4.212187604403958,0,train
COc1c(O)cc(C2Oc3cc(O)c(C/C=C(\C)CCC=C(C)C)c(O)c3C(=O)[C@@H]2O)cc1O,16900.0,-4.227886704613674,0,train
COc1cccc(CN2CCC(/C=C3\Cc4cccc(OC)c4C3=O)CC2)c1,17230.0,-4.236285277448029,1,test
COc1cccc2c1C(=O)/C(=C/C1CCN(Cc3ccc4c(c3)OCO4)CC1)C2,18200.0,-4.260071387985075,0,train
CC(=O)Nc1nc(Cl)c2c(ncn2C2O[C@H](C(=O)NCc3ccccc3)[C@@H](OC(C)=O)[C@@H](OC(C)=O)[C@H]2OC(C)=O)n1,18720.0,-4.272305844402086,0,train
COc1ccc(/C=N/NC(=O)CN2CCC(Cc3ccccc3)CC2)cc1,19500.0,-4.290034611362518,0,train
NC(=O)c1cc[n+](CCC[n+]2cc(Cl)c(C=NO)c(Cl)c2)cc1,21000.0,-4.3222192947339195,0,train
NC(=O)c1cc[n+](CC=CC[n+]2cc(Cl)c(C=NO)c(Cl)c2)cc1,22000.0,-4.342422680822207,0,train
O=C1C=C2S[C@H]3C[C@]2(C=C1Br)C1=C(N3)C(=O)c2[nH]cc3c2C1=NCC3,22800.0,-4.357934847000454,0,train
CN(C)C(=O)Oc1cccc([N+](C)(C)C)c1,23000.0,-4.361727836017593,0,train
CC(=O)Nc1nc(Cl)c2ncn(C3O[C@H]4[C@H](OC(=O)[C@@H]4O)[C@H]3OC(C)=O)c2n1,23670.0,-4.374198257929082,0,train
NC(=O)c1cc[n+](CC=CC[n+]2ccc(C=NO)c(Cl)c2)cc1,24000.0,-4.380211241711606,0,train
NC(=O)c1cc[n+](COC[n+]2ccccc2CN=O)cc1,25000.0,-4.3979400086720375,0,train
CC(=O)Nc1nc(Cl)c2ncn(C3O[C@H](C(=O)O)[C@@H](OC(C)=O)[C@@H](OC(C)=O)[C@H]3OC(C)=O)c2n1,26870.0,-4.4292676664331685,0,test
COc1cc2c(c3oc(=O)c4c(c13)CCC4=O)[C@@H]1C=CO[C@@H]1O2,28000.0,-4.447158031342219,0,train
NC(=O)c1cc[n+](CCC[n+]2cc(F)c(C=NO)c(F)c2)cc1,28000.0,-4.447158031342219,0,test
O=C(NCCN1CCCC1)N1c2ccccc2Sc2ccccc21,29400.0,-4.468347330412158,1,train
COc1c(O)cc(C2CC(=O)c3c(cc(O)c(C/C=C(\C)CCC=C(C)C)c3O)O2)cc1O,30100.0,-4.478566495593843,0,test
CC(=O)Nc1nc(Cl)c2ncn(C3O[C@H](C(=O)NCc4ccccc4)[C@@H](OC(C)=O)[C@@H](OC(C)=O)[C@H]3OC(C)=O)c2n1,30980.0,-4.491081413423188,0,test
COc1cc2c(c(CO)c1OC)C[C@H]1c3c(cc4c(c3OC)OCO4)CC[N+]1=C2,31000.0,-4.491361693834273,0,test
C[C@@H](c1cccc(O)c1)N(C)C,33000.0,-4.518513939877887,0,train
N[C@@H](Cc1c[nH]c2ccccc12)C(=O)NCCC(=O)Nc1c2c(nc3ccccc13)CCCC2,34030.0,-4.531861949095809,1,train
COc1ccc([C@H]2Oc3cc(O)c(C/C=C(\C)CCC=C(C)C)c(O)c3C(=O)[C@@H]2O)cc1O,34300.0,-4.535294120042771,0,train
NC(=O)c1cc[n+](CCC[n+]2ccc(C=NO)c(F)c2)cc1,35000.0,-4.544068044350276,0,train
NC(=O)c1cc[n+](CC=CC[n+]2ccc(C=NO)c(F)c2)cc1,36000.0,-4.556302500767287,0,test
NC(=O)c1cc[n+](CCCC[n+]2ccc(C=NO)c(Cl)c2)cc1,36000.0,-4.556302500767287,0,test
CC[N+](CC)(CC)CCOc1cccc(OCC[N+](CC)(CC)CC)c1OCC[N+](CC)(CC)CC,37000.0,-4.568201724066995,0,train
O=c1c(O)c(-c2cc(O)c(O)c(O)c2)oc2cc(O)cc(O)c12,37800.0,-4.577491799837225,0,train
CC(=O)Nc1nc(Cl)c2c(ncn2C2O[C@H](C(=O)O)[C@@H](OC(C)=O)[C@@H](OC(C)=O)[C@H]2OC(C)=O)n1,37870.0,-4.578295305120826,0,train
O=c1c(O)c(-c2ccc(O)c(O)c2)oc2cc(O)cc(O)c12,38300.0,-4.583198773968623,0,train
COc1ccc2c(c1)C(=O)/C(=C/C1CCN(Cc3ccc4c(c3)OCO4)CC1)C2,39670.0,-4.598462200474151,0,test
NC(=O)c1cc[n+](CCC[n+]2ccc(C=NO)c(Cl)c2)cc1,42000.0,-4.623249290397901,0,train
NC(=O)c1cc[n+](CCCC[n+]2ccc(C=NO)c(F)c2)cc1,44000.0,-4.643452676486188,0,train
O=C1C(=O)N(Cc2ccc(Cl)c(Cl)c2)c2ccccc21,48200.0,-4.68304703823885,0,train
CC(=O)Nc1nc(NCc2ccccc2)c2ncn(C3O[C@H](CC(=O)NCc4ccccc4)[C@H](OC(C)=O)[C@H]3OC(C)=O)c2n1,50530.0,-4.70354929823823,0,train
CN1CCCC[C@H]1c1ccc(-c2cccnc2)nc1,51000.0,-4.707570176097937,0,train
COc1cc(O)c2c(=O)c3cccc(O)c3oc2c1,53000.0,-4.724275869600789,0,train
O=C(/C=N/O)c1cnc(OCC2CCN(Cc3ccccc3)CC2)nc1,55180.0,-4.741781696143167,0,train
O=C1CC[C@@]2(C=CNC3=C2C2=NCCc4c[nH]c(c42)C3=O)C=C1Br,56200.0,-4.749736315569061,0,train
O=C1SCc2ccccc21,59800.0,-4.776701183988411,0,train
NC(=O)c1cc[n+](CCCC[n+]2cc(F)c(C=NO)c(F)c2)cc1,63000.0,-4.799340549453582,0,test
C[N+](C)(C)CCOC(=O)Nc1cc(Cl)nc(Cl)c1,64400.0,-4.8088858673598125,0,train
CN(C)CCCN1C(=O)CSC1c1ccc(Cl)cc1Cl,65000.0,-4.812913356642856,0,train
O=c1cc(-c2ccc(O)c(O)c2)oc2cc(O)cc(O)c12,65800.0,-4.818225893613955,0,train
NC(=O)c1cc[n+](CC=CC[n+]2cc(F)c(C=NO)c(F)c2)cc1,68000.0,-4.832508912706237,0,test
COc1cc([C@H]2Oc3cc(O)c(C/C=C(\C)CCC=C(C)C)c(O)c3C(=O)[C@@H]2O)ccc1O,68200.0,-4.833784374656479,0,train
NC(=O)c1cc[n+](CCC[n+]2ccc(CN=O)cc2)cc1,73000.0,-4.863322860120456,0,test
COC(=O)C1=C(C)OP(=O)(OC)CCC1,76000.0,-4.880813592280791,0,train
O=c1c(O)c(-c2ccccc2)oc2cc(O)cc(O)c12,85600.0,-4.9324737646771535,0,train
NC(=O)N1c2ccccc2Sc2ccccc21,89300.0,-4.950851458888547,1,train
NC(=O)c1cc[n+](C/C=C/C[n+]2ccc(CN=O)cc2)cc1,90000.0,-4.954242509439325,0,test
O=c1c(O)c(-c2ccc(O)cc2)oc2cc(O)cc(O)c12,92800.0,-4.967547976218862,0,train
COc1ccc([C@@H]2CC(=O)c3c(cc(O)c(C/C=C(\C)CCC=C(C)C)c3O)O2)cc1O,94500.0,-4.975431808509263,0,train
CN(C)C(=O)N[C@H]1CCc2ccc(O)cc2C1,1.7,-0.2304489213782739,0,train
COc1cc(-c2cc3c(c(=O)o2)C[C@]2(O)[C@@]4(C)C(=O)C=CC(C)(C)[C@]4(O)CC[C@@]2(C)O3)cc(OC)c1OC,1.7,-0.2304489213782739,0,train
c1cc(CCNc2c3c(nc4ccccc24)CCCC3)cc(CCNc2c3c(nc4ccccc24)CCCC3)c1,1.72,-0.23552844690754893,0,test
O=C(CC[C@H](NC(=O)CNC(=O)OCc1ccccc1)C(=O)N[C@@H](Cc1ccccc1)C(=O)OCc1ccccc1)NCC(=O)Nc1cccc2c(NCCCCCCCCNc3c4c(nc5ccccc35)CCCC4)c3c(nc12)CCCC3,1.9,-0.2787536009528289,0,train
c1ccc2c(NCCCCCCCCNc3c4c(nc5ccccc35)CCCC4)c3c(nc2c1)CCCC3,1.9,-0.2787536009528289,1,test
CCN(CCCCCC=Nc1cc(O)c(NCCCCCCN(CC)Cc2ccccc2OC)cc1O)Cc1ccccc1OC,2.6,-0.414973347970818,0,test
c1ccc2c(NCCCCNCCCSc3c4c(nc5ccccc35)CCCC4)c3c(nc2c1)CCCC3,2.67,-0.4265112613645752,1,train
CC1=C[C@@H]2Cc3nc4cc(Cl)ccc4c(NCCCCCCCCCNC(=O)c4cc(O)c5c(c4)C(=O)c4cccc(O)c4C5=O)c3[C@H](C1)C2,3.05,-0.4842998393467858,0,train
O=C(c1ccc(O)cc1)c1cc(O)c(Br)cc1O,2.78,-0.4440447959180762,0,train
CCN(CCCNc1c2c(nc3ccccc13)CCCC2)CCCNc1c2c(nc3ccccc13)CCCC2,2.8,-0.4471580313422192,1,train
Fc1cccc(CNCCCCCCCCNc2ccnc3cc(Cl)ccc23)c1,3.2,-0.505149978319906,0,train
O=C(c1ccccc1)c1cc(O)c(Br)cc1O,3.24,-0.5105450102066121,0,train
COc1ccc(OC)c(C2CC(c3cc(F)ccc3F)=NN2c2ccc(S(N)(=O)=O)cc2)c1,3.3,-0.5185139398778874,0,test
COc1ccc(C2CC(c3cc(F)ccc3F)=NN2c2ccc(S(N)(=O)=O)cc2)cc1OC,3.3,-0.5185139398778874,1,train
COc1cccc(C2CC(c3cc(F)ccc3F)=NN2c2ccc(S(N)(=O)=O)cc2)c1OC,3.3,-0.5185139398778874,1,train
COc1ccc(C2CC(c3cc(F)ccc3F)=NN2c2ccc(S(N)(=O)=O)cc2)c(OC)c1,3.3,-0.5185139398778874,1,test
COc1ccc(OC)c(C2CC(c3cc(F)cc(F)c3)=NN2c2ccc(S(N)(=O)=O)cc2)c1,3.3,-0.5185139398778874,0,train
COc1ccc(C2CC(c3cc(F)cc(F)c3)=NN2c2ccc(S(N)(=O)=O)cc2)cc1OC,3.3,-0.5185139398778874,1,train
COc1cccc(C2CC(c3cc(F)cc(F)c3)=NN2c2ccc(S(N)(=O)=O)cc2)c1OC,3.3,-0.5185139398778874,0,train
COc1ccc(C2CC(c3cc(F)cc(F)c3)=NN2c2ccc(S(N)(=O)=O)cc2)c(OC)c1,3.3,-0.5185139398778874,1,train
O=C(c1c2ccccc2cc2ccccc12)N1c2ccccc2Sc2ccccc21,3.5,-0.5440680443502757,0,train
COc1ccc(C(=O)c2ccc(OC)c(OC)c2)c(Br)c1,3.53,-0.5477747053878226,0,test
COc1ccc(C(=O)c2cc(Br)c(OC)cc2OC)cc1,3.65,-0.5622928644564746,0,train
CCOc1ccc(Cc2nc3cc(C(=O)NCCCNc4c5c(nc6ccccc46)CCCC5)ccc3n2CCC(C)C)cc1,5.45,-0.7363965022766424,0,train
O=C(c1ccc(O)cc1Br)c1cccc(O)c1O,3.75,-0.5740312677277188,0,train
COc1ccc(C(=O)c2cc(OC)c(Br)cc2OC)cc1,3.77,-0.5763413502057928,0,train
O=C(c1ccc(O)c(O)c1)c1ccc(O)cc1Br,4.06,-0.608526033577194,0,train
O=C(Cc1cc(=O)oc2cc(O)ccc12)NCCCCNc1c2c(nc3ccccc13)CCCC2,13.55,-1.1319392952104246,0,train
O=C1C2=C(C3=NCCc4c[nH]c1c43)C1(C=CN2)C=C(Br)C(O)C(Br)=C1,98000.0,-4.991226075692495,0,train
O=c1c(O)c(-c2ccc(O)c(O)c2)oc2cc(O)ccc12,100200.0,-5.000867721531227,0,train
NC(=O)c1cc[n+](CCCC[n+]2ccc(/C=N/O)cc2)cc1,110000.0,-5.041392685158225,0,train
C[N+](C)(C)CCOC(=O)Nc1ccncc1Br,115900.0,-5.064083435963596,0,test
COc1cccc(CN2CCC(/C=C3\Cc4ccc(OC)cc4C3=O)CC2)c1,119490.0,-5.07733156112899,1,train
CC(C)=CCC/C(C)=C/Cc1c(O)cc2c(c1O)C(=O)C[C@@H](c1ccc(O)cc1)O2,120500.0,-5.080987046910887,1,train
O=c1cc(-c2ccc(O)cc2)oc2cc(O)cc(O)c12,121600.0,-5.084933574936716,0,train
O=C(/C=N/O)c1ccc(OCC2CCN(Cc3ccccc3)C2)nc1,137400.0,-5.137986732723531,0,test
CN(C)CCOC(=O)Nc1cc(Cl)nc(Cl)c1,140200.0,-5.14674801363064,0,train
O=C(/C=N/O)c1ccnc(OCC2CCN(Cc3ccccc3)CC2)c1,144000.0,-5.158362492095249,0,train
COc1cc([C@@H]2CC(=O)c3c(cc(O)c(C/C=C(\C)CCC=C(C)C)c3O)O2)ccc1O,149500.0,-5.174641192660449,0,train
C[N+](C)(C)CCOC(=O)Nc1ccnc(Cl)c1,150900.0,-5.17868923977559,0,train
O=C(/C=N/O)c1ccc(OCC2CCN(Cc3ccc(F)c(F)c3)CC2)nc1,158800.0,-5.200850498091078,0,train
C[N+](C)(C)CCOC(=O)Nc1ccncc1,159000.0,-5.201397124320452,0,train
C[n+]1ccccc1/C=N/O,180000.0,-5.2552725051033065,0,test
O/N=C/c1cnc(OCC2CCN(Cc3ccccc3)CC2)nc1,198500.0,-5.297760511099134,0,test
O=C(/C=N/O)c1cccc(OCC2CCN(Cc3ccccc3)CC2)n1,199100.0,-5.29907126002741,0,train
CN(C)CCOC(=O)Nc1ccnc(Cl)c1,207700.0,-5.317436496535099,0,train
CN(C)CCCN1C(=O)CSC1c1ccccc1Cl,231000.0,-5.363611979892144,0,train
CC(=O)/C(=N\O)C(=O)NC1CCN(Cc2ccccc2)CC1,233800.0,-5.3688445068258215,0,train
O/N=C/c1ccc(OCC2CCN(Cc3ccccc3)CC2)nc1,266000.0,-5.424881636631067,0,train
O=C(/C=N/O)c1ccc(NCC2CCN(Cc3ccccc3)CC2)nc1,285600.0,-5.4557582031041365,0,train
O=C(/C=N/O)c1ccc(OCC2CCN(Cc3cccc(Cl)c3)CC2)nc1,298300.0,-5.474653253362063,0,train
COC(=O)C1=C(C)O[PH](O)(OC)C=C1,310000.0,-5.491361693834273,0,train
CN(C)CCOC(=O)Nc1ccncc1,313700.0,-5.496514518697745,0,train
CN(C)CCOC(=O)Nc1ccncc1Br,316400.0,-5.500236474825639,0,train
COc1ccc(CN2CCCC(COc3ccc(C(=O)/C=N/O)cn3)C2)cc1OC,344800.0,-5.537567257152675,0,train
CN(C)C(=O)N1c2ccccc2Sc2ccccc21,400000.0,-5.6020599913279625,1,test
O=C(/C=N/O)c1ccc(OCC2CCCCN2Cc2ccccc2)nc1,550600.0,-5.740836207057312,0,test
COc1cc2c(cc1OC)C(c1ccccc1)N(CCCNC(=O)/C=N/O)CC2,595100.0,-5.774589950264795,0,train
CC(C)NC(=O)N1c2ccccc2Sc2ccccc21,691000.0,-5.8394780473741985,0,test
N#C/C(=N\O)C(=O)NC1CCN(Cc2ccccc2)CC1,732500.0,-5.8648076290261475,1,train
CCNC(=O)N1c2ccccc2Sc2ccccc21,1450000.0,-6.161368002234975,1,train
N#Cc1ccc(CN2CCC(COc3ccc(C(=O)/C=N/O)cn3)CC2)cc1,1608000.0,-6.206286044412432,0,train
COc1ccc(CN2CCC(CNC(=O)/C(=N/O)C(C)=O)CC2)cc1OC,1625000.0,-6.210853365314893,0,test
COc1cc2c(cc1OC)C(c1ccccc1)N(CCCNC(=O)/C(=N/O)C(C)=O)CC2,1926000.0,-6.284656282788515,0,train
COc1ccc(CN2CCC(COc3ccc(C(=O)/C=N/O)cn3)CC2)cc1OC,1930000.0,-6.285557309007774,0,train
O=C(/C=N/O)NC1CCN(Cc2ccccc2)CC1,2430000.0,-6.385606273598312,0,train
COc1ccc(CN2CCC(COc3ccc(C(=O)/C=N/O)cn3)C2)cc1OC,2517000.0,-6.400883215548363,0,train
COc1cc2c(cc1OC)CN(CCCNC(=O)/C(=N/O)C(C)=O)CC2,2671000.0,-6.426673888021373,0,train
O=C(/C=N/O)NCC1CCN(Cc2ccccc2)CC1,3178000.0,-6.502153892871361,0,train
C[N+](C)(C)CCCCCCCCCC[N+](C)(C)C,6000000.0,-6.778151250383644,0,train
N#C/C(=N\O)C(=O)NCC1CCN(Cc2ccccc2)CC1,94963000.0,-7.977554426069383,1,train
COc1ccc(C(=O)c2cccc(OC)c2OC)c(Br)c1,4.34,-0.6374897295125107,0,test
COc1ccc(OC)c(Br)c1,4.25,-0.6283889300503115,0,train
COc1cc(C(=O)c2ccccc2)c(OC)cc1Br,5.28,-0.7226339225338123,0,train
O=C(c1ccc(O)cc1)c1cc(Br)c(O)cc1O,5.72,-0.7573960287930241,0,test
C[N+](C)(CCNC(=O)C(=O)NCC[N+](C)(C)Cc1ccccc1Cl)Cc1ccccc1Cl,5.5,-0.7403626894942439,0,test
CN(CCCCNc1c2c(nc3ccccc13)CCCC2)CCCNc1c2c(nc3c(NC(=O)CNC(=O)CC[C@H](NC(=O)CNC(=O)OCc4ccccc4)C(=O)N[C@@H](Cc4ccccc4)C(=O)OCc4ccccc4)cccc13)CCCC2,5.0,-0.6989700043360189,0,train
COc1ccc(C(=O)c2ccc(OC)cc2OC)cc1,5.88,-0.7693773260761385,0,train
CCN(CCCCCC(=O)N1CCC(C2CCN(C(=O)CCCCCN(CC)Cc3ccccc3OC)CC2)CC1)Cc1ccccc1OC,5.67,-0.7535830588929066,0,train
Clc1cc(Cl)c2c(NCCCCCCCNc3c4c(nc5ccccc35)CCCC4)c3c(nc2c1)CCCC3,6.0,-0.7781512503836436,1,train
N[C@@H](CCC(=O)NCCNc1c2c(nc3ccccc13)CCCC2)C(=O)NCCNc1c2c(nc3ccccc13)CCCC2,6.21,-0.7930916001765802,0,train
C/C=C1\C2C=C(C)CC1(C(=O)OC)CC(NCCCCCCCNc1c3c(nc4ccccc14)CCCC3)C2,6.4,-0.8061799739838872,0,train
CC(=O)c1ccccc1NC(=O)c1ccc(OCCCCC[n+]2cccc3ccccc32)cc1,6.5,-0.8129133566428556,0,train
O=C(NCCCCCNc1c2c(nc3ccccc13)CCCC2)[C@@H]1CCCN1CCNc1c2c(nc3ccccc13)CCCC2,6.75,-0.829303772831025,0,train
Fc1cccc(NCCCCCCCCNc2ccnc3cc(C(F)(F)F)ccc23)c1,7.1,-0.8512583487190752,0,test
Oc1ccc([C@@H]2CC(c3c4ccccc4cc4ccccc34)N=N2)c(O)c1,7.2,-0.8573324964312685,0,train
Cc1cc(CCNc2c3c(nc4ccccc24)CCCC3)cc(CCNc2c3c(nc4ccccc24)CCCC3)c1,7.45,-0.8721562727482928,0,train
FC(F)(F)c1ccc2c(NCCCCCCCCNc3ccccc3)ccnc2c1,8.0,-0.9030899869919435,1,train
CCOC(=O)c1c(C)nc(N2CCN(S(=O)(=O)c3ccc(NC(C)=O)c(Cl)c3)CC2)nc1-c1ccc(OC)c(OC)c1,8.0,-0.9030899869919435,0,train
Fc1ccc(F)c(CNCCCCCCCCNc2ccnc3cc(Cl)ccc23)c1,8.2,-0.9138138523837167,1,train
CN(CCCNc1c2c(nc3ccccc13)CCCC2)CCCSc1c2c(nc3ccccc13)CCCC2,9.1,-0.9590413923210935,1,train
CC(=O)c1ccccc1NC(=O)c1ccc(OCCCCCC[n+]2ccc3ccccc3c2)cc1,9.4,-0.9731278535996987,0,train
O=C(CNCc1cc(F)cc(F)c1)Nc1ccc2nc3n(c(=O)c2c1)CCC3,12.95,-1.1122697684172707,0,test
FC(F)(F)c1ccc2c(NCCCCCCCCNc3cccc(Cl)c3)ccnc2c1,11.0,-1.041392685158225,0,train
CCN(Cc1ccccc1)Cc1ccc(-c2cc3cc(OC)c(OC)cc3oc2=O)cc1,11.0,-1.041392685158225,0,train
COc1cc2cc(-c3ccc(CN(CCO)Cc4ccccc4)cc3)c(=O)oc2cc1OC,11.0,-1.041392685158225,0,test
O=C(NCCCC1CCN(Cc2ccccc2)CC1)c1cc(=O)c2cc(O)ccc2o1,11.0,-1.041392685158225,0,train
COc1cc2cc(-c3ccc(C[N+](C)(C)Cc4ccccc4)cc3)c(=O)oc2cc1OC,11.0,-1.041392685158225,0,train
COc1cc2oc(C(=O)OCCC3CCN(Cc4ccccc4)CC3)cc(=O)c2cc1OC,11.0,-1.041392685158225,0,train
O=C(NCCC1CCN(Cc2ccccc2)CC1)c1cc(=O)c2cc([N+](=O)[O-])ccc2o1,12.0,-1.0791812460476249,0,train
Fc1ccc(NCCCCCCCCNc2ccnc3cc(C(F)(F)F)ccc23)cc1,12.0,-1.0791812460476249,0,train
CCN(CCCCCC(=O)N(C)CCCCCCCCN(C)C(=O)CCCCCN(CC)Cc1ccccc1OC)Cc1ccccc1OC,12.2,-1.0863598306747482,0,train
FC(F)(F)c1ccc2c(NCCCCCCCCNc3ccccc3Cl)ccnc2c1,13.0,-1.1139433523068367,0,train
c1ccc2c(NCCc3cocc3CCNc3c4c(nc5ccccc35)CCCC4)c3c(nc2c1)CCCC3,13.3,-1.1238516409670858,0,test
COc1cccc2cc[n+](-c3ccc(Br)cc3)cc12,14.8,-1.1702617153949575,0,train
C#CCN(Cc1ccc2cccc(O)c2n1)C(C#N)CCC1CCN(Cc2ccccc2)CC1,15.0,-1.1760912590556813,0,test
CC(C)(C)OC(=O)N[C@@H](CCC(=O)NCCNc1c2c(nc3ccccc13)CCCC2)C(=O)NCCNc1c2c(nc3ccccc13)CCCC2,15.4,-1.187520720836463,0,train
C/C=C1\C2C=C(C)CC1(N)CC(NCCCCCCCNc1c3c(nc4ccccc14)CCCC3)C2,15.7,-1.1958996524092338,0,train
COc1cc(N)c(Cl)cc1C(=O)CCC1CCN(CC2CCCCC2)CC1,16.0,-1.2041199826559248,0,test
Fc1ccc(Br)c(CNCCCCCCCCNc2ccnc3cc(Cl)ccc23)c1,16.0,-1.2041199826559248,0,test
C/C=C1\C2C=C(C)CC1(N)CC(NCCCCCCCNc1c3c(nc4ccccc14)CCCC3)C2(C)C,16.5,-1.2174839442139063,0,train
O=C(NCCCCCCNc1c2c(nc3ccccc13)CCCC2)c1cc2ccccc2oc1=O,17.0,-1.2304489213782739,0,test
CCOc1ccc(Cc2nc3cc(C(=O)NCCSSCCNc4c5c(nc6ccccc46)CCCC5)ccc3n2CCC(C)C)cc1,22.5,-1.3521825181113625,0,train
c1cc[n+](CCCCCCCCCCC[n+]2ccccc2)cc1,25.0,-1.3979400086720377,0,train
CC(=O)N(CCCCNc1c2c(nc3ccccc13)CCCC2)CCCSc1c2c(nc3ccccc13)CCCC2,24.45,-1.388278863459639,1,test
COc1cc2oc(C(=O)NCCCC3CCN(Cc4ccccc4)CC3)cc(=O)c2cc1OC,21.0,-1.3222192947339193,0,train
Cc1c(S(=O)(=O)c2ccc(Cl)cc2)csc1C(=O)NC1CCN(Cc2ccccc2)CC1,21.0,-1.3222192947339193,0,train
O=[N+]([O-])c1cccc([C@@H]2CC(c3c4ccccc4cc4ccccc34)N=N2)c1,21.0,-1.3222192947339193,0,train
Fc1ccc(CNCCCCCCCCNc2ccnc3cc(Cl)ccc23)c(F)c1,21.0,-1.3222192947339193,0,train
NS(=O)(=O)c1ccc(NCc2cccc(Cl)c2O)cc1,21.0,-1.3222192947339193,0,train
NS(=O)(=O)c1ccc(/N=C/c2cc(Br)cc(Cl)c2O)cc1,21.0,-1.3222192947339193,0,train
COc1cc2c(cc1OC)C(=O)C(Cc1cccc(CN3CCCC3)c1)C2,22.0,-1.3424226808222062,1,test
CCN(CC)Cc1cccc(CC2Cc3cc(OC)c(OC)cc3C2=O)c1,22.0,-1.3424226808222062,1,test
CC1=CC2Cc3nc4cc(Cl)ccc4c(NCCCCCCNC(=O)[C@@H](N)Cc4c[nH]c5ccccc45)c3C(C1)C2,23.0,-1.3617278360175928,0,train
FC(F)(F)Oc1ccc(CNC2CCN(Cc3ccccc3)C2)cc1,23.0,-1.3617278360175928,0,train
O=C(Nc1ccc(OC(F)(F)F)cc1)OC1CN(C(c2ccccc2)c2ccccc2)C1,23.0,-1.3617278360175928,0,train
CCOC(=O)c1cc2c(N)c3c(nc2nc1C)CCCC3,24.0,-1.380211241711606,0,train
COc1ccc2oc(=O)c(C(=O)NCCCCCCNc3c4c(nc5ccccc35)CCCC4)cc2c1,24.0,-1.380211241711606,0,train
Fc1ccc(Br)cc1CNCCCCCCCCNc1ccnc2cc(Cl)ccc12,24.0,-1.380211241711606,0,train
Oc1ccccc1[C@@H]1CC(c2c3ccccc3cc3ccccc23)N=N1,24.0,-1.380211241711606,0,train
COc1ccc([C@@H]2CC(c3c4ccccc4cc4ccccc34)N=N2)cc1,25.0,-1.3979400086720377,0,train
Cc1ccc(S(=O)(=O)SCc2ccc(C(C)C)cc2)cc1,26.0,-1.414973347970818,0,train
COc1ccc2c(c1)C/C(=C\C1CCN(Cc3ccccc3)CC1)C2=O,29.0,-1.462397997898956,1,train
c1ccc2c(CCCCCCCCNc3c4c(nc5ccccc35)CCCC4)c3c(nc2c1)CCCC3,30.0,-1.4771212547196624,1,train
c1ccc([C@@H]2CC(c3c4ccccc4cc4ccccc34)N=N2)cc1,30.0,-1.4771212547196624,0,train
Fc1ccc(-c2nnc(N3CCN(c4ccccn4)CC3)o2)c(F)c1,30.0,-1.4771212547196624,0,test
Cc1ccc2oc(=O)c(C(=O)NCCCCCCNc3c4c(nc5ccccc35)CCCC4)cc2c1,30.0,-1.4771212547196624,0,train
Clc1ccc([C@@H]2CC(c3c4ccccc4cc4ccccc34)N=N2)cc1,30.0,-1.4771212547196624,0,train
COc1ccc2cc(C(=O)NCCCCCCNc3c4c(nc5ccccc35)CCCC4)c(=O)oc2c1,31.0,-1.4913616938342726,0,train
O=C(NCCCCCNc1c2c(nc3ccccc13)CCCC2)c1cc2ccccc2oc1=O,34.0,-1.5314789170422551,0,train
COc1cc2c(cc1OC)C(=O)/C(=C/C1CCN(Cc3ccccc3)CC1)C2,35.0,-1.5440680443502757,1,train
Cc1ccc2oc(=O)c(C(=O)NCCCCCNc3c4c(nc5ccccc35)CCCC4)cc2c1,36.0,-1.5563025007672873,0,train
Clc1ccc(CNCCCCCCCCNc2ccnc3cc(Cl)ccc23)c(Cl)c1,36.0,-1.5563025007672873,0,train
Cc1cc(=O)oc2cc(OCCCCSC(=S)N3CCCCC3)ccc12,37.0,-1.568201724066995,0,test
COc1cc2c(cc1OC)C(=O)C(Oc1cccc(C(C)N3CCCCC3)c1)C2,38.0,-1.5797835966168101,1,test
COc1ccc(C2CC(c3ccc(F)cc3)=NN2c2ccc(S(N)(=O)=O)cc2)c(OC)c1,38.0,-1.5797835966168101,1,train
COc1ccc(C2CC(c3ccc(F)cc3)=NN2c2ccc(S(N)(=O)=O)cc2)cc1OC,38.0,-1.5797835966168101,1,test
COc1ccc(C2CC(c3ccccc3)=NN2c2ccc(S(N)(=O)=O)cc2)c(OC)c1,38.0,-1.5797835966168101,1,train
COc1ccc(C2CC(c3ccccc3)=NN2c2ccc(S(N)(=O)=O)cc2)cc1OC,38.0,-1.5797835966168101,1,train
COc1ccc(C2CC(c3ccc(Br)cc3)=NN2c2ccc(S(N)(=O)=O)cc2)c(OC)c1,38.0,-1.5797835966168101,1,train
COc1ccc(C2CC(c3ccc(Br)cc3)=NN2c2ccc(S(N)(=O)=O)cc2)cc1OC,38.0,-1.5797835966168101,1,test
COc1ccc(C2CC(c3ccc(Cl)cc3)=NN2c2ccc(S(N)(=O)=O)cc2)c(OC)c1,38.0,-1.5797835966168101,1,train
COc1ccc(C2CC(c3ccc(Cl)cc3)=NN2c2ccc(S(N)(=O)=O)cc2)cc1OC,38.0,-1.5797835966168101,1,train
COc1ccc2oc(=O)c(C(=O)NCCCCCNc3c4c(nc5ccccc35)CCCC4)cc2c1,39.0,-1.591064607026499,0,test
COc1cc2oc(C(=O)NCCC3CCN(Cc4ccccc4)CC3)cc(=O)c2cc1OC,39.0,-1.591064607026499,0,test
Clc1cc(Cl)c2c(NCCCCCCCSc3c4c(nc5ccccc35)CCCC4)c3c(nc2c1)CCCC3,41.0,-1.6127838567197355,0,train
c1ccc([C@@H]2CC(c3c4ccccc4cc4ccccc34)N=N2)nc1,41.0,-1.6127838567197355,0,train
O=C(NCCCCCCCNc1c2c(nc3ccccc13)CCCC2)c1cc2ccccc2oc1=O,42.0,-1.6232492903979006,0,train
COc1ccc2cc(C(=O)NCCCCCNc3c4c(nc5ccccc35)CCCC4)c(=O)oc2c1,44.0,-1.6434526764861874,0,train
CC(=O)c1ccccc1NC(=O)c1ccc(OCCCCC[n+]2ccc3ccccc3c2)cc1,45.0,-1.6532125137753437,0,train
CC(=O)c1ccccc1NC(=O)c1ccc(OCCCC[n+]2ccc3ccccc3c2)cc1,46.0,-1.662757831681574,0,train
CC(=O)c1ccccc1NC(=O)c1ccc(OCCCCCC[n+]2ccccc2)cc1,47.0,-1.6720978579357175,0,train
O=C(CN1CCN(Cc2ccccc2)CC1)Nc1ccc(C(F)(F)F)cc1Cl,47.0,-1.6720978579357175,0,train
COc1ccc2nc3cc(Cl)ccc3c(N)c2c1,49.0,-1.6901960800285136,0,train
Cc1c(C)c2c(c(C)c1O)CCC(C)(C(=O)NCCCCCCCCNc1c3c(nc4cc(Cl)ccc14)CCCC3)O2,50.0,-1.6989700043360187,0,train
COc1ccc2oc(=O)c(C(=O)NCCCCCCCNc3c4c(nc5ccccc35)CCCC4)cc2c1,51.0,-1.7075701760979363,0,train
CCc1c2c(nc3ccc(OC(=O)N4CCC(N5CCCCC5)CC4)cc13)-c1cc3c(c(=O)n1C2)COC(=O)[C@]3(O)CC,51.0,-1.7075701760979363,0,train
CC(=O)c1ccccc1NC(=O)c1ccc(OCCCC[n+]2cccc3ccccc32)cc1,53.0,-1.7242758696007892,0,test
COc1ccc(C(=O)NC2CCN(Cc3c(F)cccc3Cl)CC2)cc1OC,55.0,-1.7403626894942439,0,train
COc1ccc2cc(C(=O)NCCCCCCCNc3c4c(nc5ccccc35)CCCC4)c(=O)oc2c1,55.0,-1.7403626894942439,0,train
COc1cc2cc(C(=O)NCCCCCCNc3c4c(nc5ccccc35)CCCC4)c(=O)oc2cc1OC,56.0,-1.7481880270062005,0,train
O=C(NCCC1CCN(Cc2ccccc2)CC1)c1cc(=O)c2ccccc2o1,57.0,-1.7558748556724915,0,train
COc1cc2c(cc1OC)C(=O)C(Cc1cccc(CN3CCCCC3)c1)C2,59.0,-1.7708520116421442,1,train
COc1cc2[nH]c(C(=O)NCCC3CCN(Cc4ccccc4)CC3)cc(=O)c2cc1OC,60.0,-1.7781512503836436,0,train
O=C(NCCCCCCNc1c2c(nc3ccccc13)CCCC2)c1cc2cc(OC(F)(F)F)ccc2oc1=O,60.0,-1.7781512503836436,0,train
NS(=O)(=O)c1ccc(C(=O)n2[nH]c(=O)c3ccc(C(=O)O)cc3c2=O)cc1,61.0,-1.7853298350107671,0,train
NS(=O)(=O)c1ccc(C(=O)n2[nH]c(=O)c3c(F)cccc3c2=O)cc1,61.0,-1.7853298350107671,0,train
NS(=O)(=O)c1ccc(C(=O)n2[nH]c(=O)c3cc([N+](=O)[O-])ccc3c2=O)cc1,61.0,-1.7853298350107671,0,test
CC(CN1CCN(Cc2ccccc2)CC1)N(C(=O)c1cccc([N+](=O)[O-])c1)c1ccccn1,61.0,-1.7853298350107671,0,test
NS(=O)(=O)c1ccc(C(=O)n2[nH]c(=O)c3cc(F)ccc3c2=O)cc1,61.0,-1.7853298350107671,0,train
NS(=O)(=O)c1ccc(C(=O)n2[nH]c(=O)c3c([N+](=O)[O-])cccc3c2=O)cc1,61.0,-1.7853298350107671,0,test
CN(Cc1ccccc1)Cc1ccc(/C=C2\CCc3cc(OCCCCCN4CCCCC4)ccc3C2=O)cc1,61.1,-1.7860412102425542,0,test
Nc1ccc2oc(C(=O)NCCC3CCN(Cc4ccccc4)CC3)cc(=O)c2c1,62.0,-1.792391689498254,0,train
COc1cc2c(cc1OC)C(=O)/C(=C/c1cccc(CN(C)C)c1)C2,62.0,-1.792391689498254,1,train
COc1cc2c(cc1OC)C(=O)C(Oc1cccc(CN3CCN(C)CC3)c1)C2,62.0,-1.792391689498254,1,train
Cc1ccc2oc(=O)c(C(=O)NCCCCCCCNc3c4c(nc5ccccc35)CCCC4)cc2c1,66.0,-1.8195439355418688,0,test
COc1cc2c(cc1OC)C(=O)C(Oc1ccc(CN3CCN(C)CC3)cc1)C2,69.0,-1.8388490907372552,0,train
COc1cc2cc(C(=O)NCCCCCNc3c4c(nc5ccccc35)CCCC4)c(=O)oc2cc1OC,70.0,-1.845098040014257,0,test
FC(F)(F)c1ccc2c(NCCCCCCCCNc3cc4ccccc4s3)ccnc2c1,70.0,-1.845098040014257,0,train
FC(F)(F)c1ccc2c(NCCCCCCCCNc3ccc(Cl)cc3)ccnc2c1,70.0,-1.845098040014257,0,train
COc1cc2c(cc1OC)C(=O)/C(=C/c1cccc(CN3CCCCC3)c1)C2,71.0,-1.8512583487190752,1,train
COc1cc2c(cc1OC)C(=O)C(Cc1ccc(CN3CCCCC3)cc1)C2,74.0,-1.8692317197309762,1,train
Clc1ccc2c(NCCCCCCCCNC34CC5CC(CC(C5)C3)C4)ccnc2c1,75.0,-1.8750612633917,1,train
