smiles,exp_mean [nM],y,cliff_mol,split,y [pEC50/pKi],Predicted_y,Error,Abs_Error
CCN(CCCCCC=Nc1cc(O)c(NCCCCCCN(CC)Cc2ccccc2OC)cc1O)Cc1ccccc1OC,2.6,-0.414973347970818,0,test,8.585026652029182,-2.551081045329831,2.136107697359013,2.136107697359013
CC(C)NC(=O)N1c2ccccc2Sc2ccccc21,691000.0,-5.8394780473741985,0,test,3.1605219526258015,-4.022649557894342,-1.8168284894798576,1.8168284894798576
COc1cc(N)c(Cl)cc1C(=O)CCC1CCN(CC2CCCCC2)CC1,16.0,-1.2041199826559248,0,test,7.795880017344075,-2.804450997422384,1.6003310147664591,1.6003310147664591
COc1ccc(OC)c(C(C)NS(N)(=O)=O)c1,0.006,2.221848749616356,0,test,11.221848749616356,0.6784915927877847,1.5433571568285713,1.5433571568285713
COc1ccc2c(c1)C(=O)/C(=C/C1CCN(Cc3ccc4c(c3)OCO4)CC1)C2,39670.0,-4.598462200474151,0,test,4.401537799525849,-3.063504138683895,-1.5349580617902556,1.5349580617902556
COc1cc2c(cc1OC)C(=O)C(=Cc1ccc(N3CC[N+](C)(Cc4cccc(Cl)c4)CC3)cc1)C2,1000.0,-3.0,0,test,6.0,-4.461280173323265,1.4612801733232654,1.4612801733232654
Clc1ccc2c(NCCCCCCCNc3c4c(nc5ccccc35)-c3ccccc3C4)c3c(nc2c1)CCCC3,1.0,-0.0,0,test,9.0,-1.4421771881150423,1.4421771881150423,1.4421771881150423
CN(C)C(=O)N1c2ccccc2Sc2ccccc21,400000.0,-5.6020599913279625,1,test,3.3979400086720375,-4.1627920867241786,-1.439267904603784,1.439267904603784
O=C(CNCc1cc(F)cc(F)c1)Nc1ccc2nc3n(c(=O)c2c1)CCC3,12.95,-1.1122697684172707,0,test,7.887730231582729,-2.5140177062016678,1.4017479377843969,1.4017479377843969
C[n+]1ccccc1/C=N/O,180000.0,-5.2552725051033065,0,test,3.7447274948966935,-3.905985734846045,-1.3492867702572613,1.3492867702572613
CCN(CC)Cc1cccc(CC2Cc3cc(OC)c(OC)cc3C2=O)c1,22.0,-1.3424226808222062,1,test,7.657577319177793,-2.6594318091254583,1.3170091283032521,1.3170091283032521
c1ccc2oc(CNCCCCCCCNc3c4c(nc5ccccc35)CCCC4)cc2c1,0.86,0.06550154875643228,0,test,9.065501548756432,-1.2324690861030922,1.2979706348595244,1.2979706348595244
CC(C)=CC1Oc2cc(O)ccc2-c2oc3c4c(cc(O)c3c(=O)c21)OC(C)(C)C=C4,3100.0,-3.4913616938342726,0,test,5.508638306165727,-2.2422224902414545,-1.2491392035928182,1.2491392035928182
NC(=O)c1cc[n+](C/C=C/C[n+]2ccc(CN=O)cc2)cc1,90000.0,-4.954242509439325,0,test,4.045757490560675,-3.7370893898870277,-1.2171531195522975,1.2171531195522975
Cc1cc(=O)oc2cc(OCCCCSC(=S)N3CCCCC3)ccc12,37.0,-1.568201724066995,0,test,7.431798275933005,-2.783153094880918,1.2149513708139232,1.2149513708139232
NC(=O)c1cc[n+](CCC[n+]2ccc(CN=O)cc2)cc1,73000.0,-4.863322860120456,0,test,4.136677139879544,-3.657456722007551,-1.205866138112905,1.205866138112905
C[N+](C)(CCNC(=O)C(=O)NCC[N+](C)(C)Cc1ccccc1Cl)Cc1ccccc1Cl,5.5,-0.7403626894942439,0,test,8.259637310505756,-1.8802132560855553,1.1398505665913115,1.1398505665913115
C#CCN(Cc1ccc2cccc(O)c2n1)C(C#N)CCC1CCN(Cc2ccccc2)CC1,15.0,-1.1760912590556813,0,test,7.823908740944319,-2.3123056760414586,1.1362144169857775,1.1362144169857775
COc1ccc(Cn2cc(C(=O)NCCCNc3c4c(nc5cc(Cl)ccc35)CCCC4)c(=O)c3ccccc32)cc1,2.45,-0.3891660843645325,0,test,8.610833915635467,-1.5121686078566725,1.12300252349214,1.12300252349214
C[C@@]12CC[C@@H]3[C@](C)(CC[C@H](OC(=O)CCc4ccc(O)cc4)[C@]3(C)C(=O)O)[C@H]1CC[C@H]1C(=CC[C@@H]3[C@]1(C)CC[C@@H](O)[C@]3(C)CO)C2,7970.0,-3.9014583213961123,0,test,5.098541678603888,-2.7938951207737968,-1.107563200622315,1.107563200622315
Fc1cc(C(F)(F)F)ccc1CN(CCCCCCCCNc1ccnc2cc(Cl)ccc12)c1ccc(C(F)(F)F)cc1F,700.0,-2.845098040014257,0,test,6.154901959985743,-1.7643813836946824,-1.0807166563195745,1.0807166563195745
CN(C)c1ccc2nc3ccc(=[N+](C)C)cc-3sc2c1,110.0,-2.041392685158225,0,test,6.958607314841775,-3.0749734173542578,1.0335807321960329,1.0335807321960329
CC(C)=CCC/C(C)=C/Cc1c(O)cc2c(c1O)C(=O)C[C@@H](c1ccc(O)c(O)c1)O2,8400.0,-3.9242792860618816,1,test,5.075720713938118,-4.940443315766712,1.01616402970483,1.01616402970483
COc1cccc(CN2CCC(/C=C3\Cc4cccc(OC)c4C3=O)CC2)c1,17230.0,-4.236285277448029,1,test,4.763714722551971,-3.2441382186403325,-0.9921470588076962,0.9921470588076962
CC(=O)N(CCCCNc1c2c(nc3ccccc13)CCCC2)CCCSc1c2c(nc3ccccc13)CCCC2,24.45,-1.388278863459639,1,test,7.6117211365403605,-0.45328015101120445,-0.9349987124484346,0.9349987124484346
COc1cc2cc(-c3ccc(CN(CCO)Cc4ccccc4)cc3)c(=O)oc2cc1OC,11.0,-1.041392685158225,0,test,7.958607314841775,-1.971311989874273,0.9299193047160481,0.9299193047160481
CCN(CC)c1ccc(-c2c3ccccc3[n+](C)c3ccccc23)cc1,13200.0,-4.12057393120585,0,test,4.87942606879415,-3.1996836524844263,-0.9208902787214233,0.9208902787214233
COc1cc2c(cc1OC)C(=O)C(Cc1cccc(CN3CCCC3)c1)C2,22.0,-1.3424226808222062,1,test,7.657577319177793,-2.260311066861152,0.9178883860389457,0.9178883860389457
c1ccc2c(NCCCCCCCCNc3c4c(nc5ccccc35)CCCC4)c3c(nc2c1)CCCC3,1.9,-0.2787536009528289,1,test,8.721246399047171,-1.182841738178369,0.90408813722554,0.90408813722554
CN(C)C(=O)NC1CCc2cc(O)ccc2C1,1.3,-0.11394335230683678,0,test,8.886056647693163,-0.9927096577054454,0.8787663053986087,0.8787663053986087
COc1cc2c(c(CO)c1OC)C[C@H]1c3c(cc4c(c3OC)OCO4)CC[N+]1=C2,31000.0,-4.491361693834273,0,test,4.508638306165727,-3.6544080893679394,-0.8369536044663337,0.8369536044663337
CN(CCCNc1c2c(nc3ccccc13)CCCC2)CCCNc1c2c(nc3ccccc13)CCCC2,0.3,0.5228787452803376,1,test,9.522878745280337,-0.30728221377944087,0.8301609590597785,0.8301609590597785
c1ccc2c(NCCCCCCCCSc3c4c(nc5ccccc35)CCCC4)c3c(nc2c1)CCCC3,27.933333333333334,-1.446122763910614,1,test,7.553877236089386,-2.2065696509619377,0.7604468870513237,0.7604468870513237
Fc1ccc(-c2nnc(N3CCN(c4ccccn4)CC3)o2)c(F)c1,30.0,-1.4771212547196624,0,test,7.522878745280337,-2.2285691089628967,0.7514478542432343,0.7514478542432343
Cc1ccc(S(=O)(=O)SCc2ccc(Cl)cc2)cc1,714.0,-2.8536982117761744,0,test,6.146301788223825,-2.1389119373314727,-0.7147862744447018,0.7147862744447018
O=C(/C=N/O)c1ccc(OCC2CCN(Cc3ccccc3)C2)nc1,137400.0,-5.137986732723531,0,test,3.8620132672764687,-5.741920860995475,0.6039341282719439,0.6039341282719439
N=c1ccc2c3ccc(N)cc3c(-c3ccccc3)n(CCCNCCCNCCCNc3c4c(nc5ccccc35)CCCC4)c-2c1,1.49,-0.17318626841227402,0,test,8.826813731587727,-0.7763550019245906,0.6031687335123166,0.6031687335123166
CCCCNC(=O)OCCCCCO,1400.0,-3.146128035678238,0,test,5.853871964321762,-2.579673237210118,-0.5664547984681203,0.5664547984681203
COc1ccc(C(=O)c2cccc(OC)c2OC)c(Br)c1,4.34,-0.6374897295125107,0,test,8.362510270487489,-1.1923921647334128,0.5549024352209021,0.5549024352209021
NS(=O)(=O)c1ccc(C(=O)n2[nH]c(=O)c3cc([N+](=O)[O-])ccc3c2=O)cc1,61.0,-1.7853298350107671,0,test,7.214670164989233,-2.33285142065457,0.5475215856438029,0.5475215856438029
COc1ccc(C(C)NS(N)(=O)=O)cc1,0.006,2.221848749616356,0,test,11.221848749616356,1.6817867730779066,0.5400619765384496,0.5400619765384496
O=c1oc2ccccc2cc1-c1csc(N=NCc2cccc(Br)c2)n1,1050.0,-3.0211892990699383,0,test,5.978810700930062,-3.555217871797331,0.5340285727273928,0.5340285727273928
COc1cc2c(cc1OC)C(=O)C(Oc1cccc(C(C)N3CCCCC3)c1)C2,38.0,-1.5797835966168101,1,test,7.42021640338319,-2.1119740061293033,0.5321904095124934,0.5321904095124934
COc1cc2c(cc1OC)C(=O)C(=Cc1ccc(N3CC[N+](C)(Cc4ccccc4)CC3)cc1)C2,500.0,-2.6989700043360187,0,test,6.301029995663981,-2.1990774821291326,-0.4998925222068862,0.4998925222068862
FC(F)(F)c1ccc2c(NCCCCCCCCNC3NCCN3)ccnc2c1,200.0,-2.3010299956639813,1,test,6.698970004336019,-1.80136813868744,-0.4996618569765412,0.4996618569765412
O=C(NC1CCN(Cc2ccccc2)CC1)c1ccc2c(c1)OCCCO2,95.0,-1.9777236052888478,0,test,7.022276394711152,-2.4669049116268074,0.4891813063379593,0.4891813063379593
CC(CCNCCC12CC3CC(CC(C3)C1)C2)Nc1ccnc2cc(Cl)ccc12,1900.0,-3.278753600952829,0,test,5.721246399047171,-2.796383951615528,-0.48236964933730064,0.48236964933730064
Clc1ccc2c(NCCNC34CC5CC(CC(C5)C3)C4)ccnc2c1,1600.0,-3.204119982655925,1,test,5.795880017344075,-2.725355664044256,-0.478764318611669,0.478764318611669
COc1cc2c(cc1OC)C(=O)C(Cc1ccc(CN(C)C)cc1)C2,161.0,-2.2068258760318495,0,test,6.79317412396815,-2.6854606154929415,0.47863473946109236,0.47863473946109236
NC(=O)c1cc[n+](CCCC[n+]2cc(F)c(C=NO)c(F)c2)cc1,63000.0,-4.799340549453582,0,test,4.200659450546418,-4.3309144214126425,-0.46842612804093964,0.46842612804093964
COc1ccc(CN2CCC(CNC(=O)/C(=N/O)C(C)=O)CC2)cc1OC,1625000.0,-6.210853365314893,0,test,2.789146634685107,-6.652670285151764,0.4418169198368709,0.4418169198368709
CC(=O)O[C@H]1C=C2CCN3Cc4cc5c(cc4[C@H]([C@@H]1OC(=O)c1ccccc1)[C@@H]23)OCO5,970.0,-2.9867717342662448,0,test,6.013228265733755,-2.5460524119379118,-0.440719322328333,0.440719322328333
CCN(CC)Cc1cccc(OC2Cc3cc(OC)c(OC)cc3C2=O)c1,1590.0,-3.2013971243204513,1,test,5.798602875679549,-2.7723920863973075,-0.42900503792314426,0.42900503792314426
NC(=O)c1cc[n+](CC=CC[n+]2cc(F)c(C=NO)c(F)c2)cc1,68000.0,-4.832508912706237,0,test,4.167491087293763,-4.4172471105465005,-0.41526180215973607,0.41526180215973607
COc1ccc(C2CC(c3cc(F)ccc3F)=NN2c2ccc(S(N)(=O)=O)cc2)c(OC)c1,3.3,-0.5185139398778874,1,test,8.481486060122112,-0.9268094600952135,0.40829552021732607,0.40829552021732607
COc1ccc(C2CC(c3ccc(F)cc3)=NN2c2ccc(S(N)(=O)=O)cc2)cc1OC,38.0,-1.5797835966168101,1,test,7.42021640338319,-1.174122100756253,-0.4056614958605569,0.4056614958605569
COc1cc2cc(C(=O)NCCCCCCCNc3c4c(nc5ccccc35)CCCC4)c(=O)oc2cc1OC,91.0,-1.9590413923210936,0,test,7.040958607678906,-1.601203571834573,-0.3578378204865207,0.3578378204865207
O=C(NCCCCCCNc1c2c(nc3ccccc13)CCCC2)c1cc2ccccc2oc1=O,17.0,-1.2304489213782739,0,test,7.769551078621726,-1.5743168584632528,0.34386793708497865,0.34386793708497865
CN(Cc1ccccc1)Cc1ccc(/C=C2\CCc3cc(OCCCCCN4CCCCC4)ccc3C2=O)cc1,61.1,-1.7860412102425542,0,test,7.213958789757446,-2.1271449195515406,0.34110370930898637,0.34110370930898637
CCN(CCCCNc1c2c(nc3ccccc13)CCCC2)CCCNc1c2c(nc3ccccc13)CCCC2,0.162,0.790484985457369,1,test,9.790484985457368,0.4585365862460254,0.3319483992113436,0.3319483992113436
COc1ccc(OC)c(C2CC(c3cc(F)ccc3F)=NN2c2ccc(S(N)(=O)=O)cc2)c1,3.3,-0.5185139398778874,0,test,8.481486060122112,-0.8500343965582564,0.331520456680369,0.331520456680369
c1ccc2c(NCCCCCCCSc3c4c(nc5ccccc35)CCCC4)c3c(nc2c1)CCCC3,340.0,-2.531478917042255,1,test,6.468521082957745,-2.2065696509619377,-0.3249092660803172,0.3249092660803172
COc1cc2c(cc1OC)C(=O)/C(=C/c1ccc(CN(C)C)cc1)C2,617.0,-2.7902851640332416,0,test,6.209714835966759,-2.4661676724596417,-0.3241174915735998,0.3241174915735998
C=CCN1C(=O)/C(=C2/Sc3ccccc3N2CC)SC1=S,6410.0,-3.8068580295188172,0,test,5.193141970481182,-4.119571351987755,0.31271332246893824,0.31271332246893824
c1cc(CCNc2c3c(nc4ccccc24)CCCC3)cc(CCNc2c3c(nc4ccccc24)CCCC3)c1,1.72,-0.23552844690754893,0,test,8.76447155309245,-0.5457318798843553,0.3102034329768064,0.3102034329768064
CCCCNC(=O)OCCCCCCCCOC(=O)NCCCC,150.0,-2.1760912590556813,0,test,6.823908740944319,-2.474984227118389,0.2988929680627077,0.2988929680627077
Cc1ccc2oc(=O)c(C(=O)NCCCCCCCNc3c4c(nc5ccccc35)CCCC4)cc2c1,66.0,-1.8195439355418688,0,test,7.180456064458131,-1.5232323488162822,-0.29631158672558655,0.29631158672558655
CC(CN1CCN(Cc2ccccc2)CC1)N(C(=O)c1cccc([N+](=O)[O-])c1)c1ccccn1,61.0,-1.7853298350107671,0,test,7.214670164989233,-2.077199912771755,0.2918700777609877,0.2918700777609877
C[N+](C)(C)CCOC(=O)Nc1ccncc1Br,115900.0,-5.064083435963596,0,test,3.935916564036404,-4.779738223633849,-0.28434521232974674,0.28434521232974674
COc1cccc(CN2CCC(/C=C3\Cc4cc(OC)ccc4C3=O)CC2)c1,554.0,-2.74350976472843,1,test,6.2564902352715706,-3.020398233564627,0.276888468836197,0.276888468836197
OCCN(CCCCNc1c2c(nc3ccccc13)CCCC2)CCCNc1c2c(nc3ccccc13)CCCC2,0.119,0.9244530386074693,1,test,9.924453038607469,0.6494229522420215,0.2750300863654477,0.2750300863654477
CC(=O)Nc1nc(Cl)c2ncn(C3O[C@H](C(=O)NCc4ccccc4)[C@@H](OC(C)=O)[C@@H](OC(C)=O)[C@H]3OC(C)=O)c2n1,30980.0,-4.491081413423188,0,test,4.508918586576812,-4.216553144064541,-0.2745282693586466,0.2745282693586466
COc1ccc(C(=O)c2ccc(OC)c(OC)c2)c(Br)c1,3.53,-0.5477747053878226,0,test,8.452225294612177,-0.8207076596365124,0.2729329542486898,0.2729329542486898
CC(C)=CCC/C(C)=C/Cc1cc(-c2cc(=O)c3c(O)cc(O)cc3o2)c(O)cc1O,3100.0,-3.4913616938342726,0,test,5.508638306165727,-3.757890390792682,0.2665286969584093,0.2665286969584093
O=[N+]([O-])c1ccc(OCC(O)CN2CCCN(c3nc4ccc(Cl)cc4s3)CC2)cc1,263.0,-2.419955748489758,0,test,6.580044251510242,-2.676299193588043,0.2563434450982851,0.2563434450982851
COc1ccc2c(c1)C(=O)/C(=C/C1CCN(Cc3ccccc3)CC1)C2,260.0,-2.4149733479708178,1,test,6.585026652029182,-2.663902933616748,0.24892958564593037,0.24892958564593037
COc1cc2cc(C(=O)NCCCCCNc3c4c(nc5ccccc35)CCCC4)c(=O)oc2cc1OC,70.0,-1.845098040014257,0,test,7.154901959985743,-1.601203571834573,-0.24389446817968397,0.24389446817968397
COc1ccc(C(C)NS(=O)(=O)NC(=O)OCc2ccccc2)cc1OC,0.005,2.3010299956639813,0,test,11.301029995663981,2.0669665667894805,0.2340634288745007,0.2340634288745007
Fc1cccc(NCCCCCCCCNc2ccnc3cc(C(F)(F)F)ccc23)c1,7.1,-0.8512583487190752,0,test,8.148741651280925,-1.080991169884872,0.22973282116579674,0.22973282116579674
O=c1oc2ccccc2cc1-c1csc(N=NCc2ccc([N+](=O)[O-])cc2)n1,1810.0,-3.2576785748691846,0,test,5.7423214251308154,-3.483000877557322,0.22532230268813702,0.22532230268813702
O=C1/C(=C/C2CCN(Cc3ccccc3)CC2)Cc2cc3c(cc21)OCO3,980.0,-2.991226075692495,0,test,6.008773924307505,-2.788157156889154,-0.203068918803341,0.203068918803341
CN(CCCCNc1c2c(nc3c(NC(=O)CNC(=O)CC[C@H](NC(=O)CNC(=O)OCc4ccccc4)C(=O)N[C@@H](Cc4ccccc4)C(=O)OCc4ccccc4)cccc13)CCCC2)CCCNc1c2c(nc3ccccc13)CCCC2,1.5,-0.17609125905568124,0,test,8.823908740944319,0.02361970512137102,-0.19971096417705222,0.19971096417705222
CCOC(=O)C1=C(Nc2ccc(F)cc2)CC(c2ccc(F)cc2)N(c2ccc(F)cc2)C1c1ccc(F)cc1,2050.0,-3.311753861055754,0,test,5.688246138944246,-3.12257944930759,-0.1891744117481644,0.1891744117481644
O=C(/C=N/O)c1ccc(OCC2CCCCN2Cc2ccccc2)nc1,550600.0,-5.740836207057312,0,test,3.2591637929426884,-5.556632853293277,-0.18420335376403418,0.18420335376403418
CCN(CC)Cc1ccc(CC2Cc3cc(OC)c(OC)cc3C2=O)cc1,1040.0,-3.0170333392987803,1,test,5.982966660701219,-2.8350247609909034,-0.18200857830787687,0.18200857830787687
O=C(/C=N/O)NCCCCNc1c2c(nc3ccccc13)CCCC2,1492.0,-3.17376882313665,0,test,5.826231176863351,-3.3444793288154973,0.17071050567884738,0.17071050567884738
CC(=O)c1ccccc1NC(=O)c1ccc(OCCCC[n+]2cccc3ccccc32)cc1,53.0,-1.7242758696007892,0,test,7.275724130399211,-1.5568855936530994,-0.16739027594768974,0.16739027594768974
COc1cc2c(cc1OC)C(=O)/C(=C/c1ccc(CN3CCCCC3)cc1)C2,95.0,-1.9777236052888478,0,test,7.022276394711152,-2.1427897621449734,0.16506615685612536,0.16506615685612536
O=C(c1ccc(O)cc1)c1cc(Br)c(O)cc1O,5.72,-0.7573960287930241,0,test,8.242603971206975,-0.5933658626752517,-0.16403016611777244,0.16403016611777244
COc1ccc(C2CC(c3ccc(Br)cc3)=NN2c2ccc(S(N)(=O)=O)cc2)cc1OC,38.0,-1.5797835966168101,1,test,7.42021640338319,-1.4357593316771995,-0.1440242649396104,0.1440242649396104
O/N=C/c1cnc(OCC2CCN(Cc3ccccc3)CC2)nc1,198500.0,-5.297760511099134,0,test,3.702239488900866,-5.177535572538385,-0.12022493856074856,0.12022493856074856
COc1ccc2c(c1)CC(NS(=O)(=O)N(C)C)CC2,0.83,0.0809219076239261,0,test,9.080921907623926,-0.032823713738838155,0.11374562136276425,0.11374562136276425
NC(=O)c1cc[n+](CCCC[n+]2ccc(C=NO)c(Cl)c2)cc1,36000.0,-4.556302500767287,0,test,4.443697499232713,-4.458982129719693,-0.09732037104759339,0.09732037104759339
COc1c(O)cc(C2CC(=O)c3c(cc(O)c(C/C=C(\C)CCC=C(C)C)c3O)O2)cc1O,30100.0,-4.478566495593843,0,test,4.521433504406157,-4.381998193854249,-0.09656830173959374,0.09656830173959374
CCN(CC)Cc1ccc(/C=C2\Cc3cc(OC)c(OC)cc3C2=O)cc1,453.0,-2.656098202012832,0,test,6.343901797987169,-2.7393297982176557,0.08323159620482379,0.08323159620482379
NC(=O)c1cc[n+](CC=CC[n+]2ccc(C=NO)c(F)c2)cc1,36000.0,-4.556302500767287,0,test,4.443697499232713,-4.47336104619057,-0.08294145457671664,0.08294145457671664
Cc1ccc(S(=O)(=O)SCc2ccc(C(C)(C)C)cc2)cc1,157.0,-2.1958996524092336,0,test,6.804100347590767,-2.270961930003584,0.07506227759435058,0.07506227759435058
COc1cc2oc(C(=O)NCCC3CCN(Cc4ccccc4)CC3)cc(=O)c2cc1OC,39.0,-1.591064607026499,0,test,7.4089353929735005,-1.526080379115681,-0.06498422791081815,0.06498422791081815
NS(=O)(=O)c1ccc(C(=O)n2[nH]c(=O)c3c([N+](=O)[O-])cccc3c2=O)cc1,61.0,-1.7853298350107671,0,test,7.214670164989233,-1.7352155938900966,-0.05011424112067053,0.05011424112067053
CC(=O)Nc1nc(Cl)c2ncn(C3O[C@H](C(=O)O)[C@@H](OC(C)=O)[C@@H](OC(C)=O)[C@H]3OC(C)=O)c2n1,26870.0,-4.4292676664331685,0,test,4.5707323335668315,-4.380842328174349,-0.04842533825881912,0.04842533825881912
c1ccc2c(NCCc3cocc3CCNc3c4c(nc5ccccc35)CCCC4)c3c(nc2c1)CCCC3,13.3,-1.1238516409670858,0,test,7.876148359032914,-1.0778536498469091,-0.04599799112017666,0.04599799112017666
NC(=O)c1cc[n+](CCC[n+]2cc(F)c(C=NO)c(F)c2)cc1,28000.0,-4.447158031342219,0,test,4.552841968657781,-4.403840893618277,-0.04331713772394252,0.04331713772394252
CN1c2ccccc2C(N2CCSCC2)c2ccccc21,3750.0,-3.574031267727719,0,test,5.425968732272281,-3.614086528176636,0.040055260448917274,0.040055260448917274
COc1ccc2oc(=O)c(C(=O)NCCCCCNc3c4c(nc5ccccc35)CCCC4)cc2c1,39.0,-1.591064607026499,0,test,7.4089353929735005,-1.5591285469413831,-0.03193606008511596,0.03193606008511596
Fc1ccc(Br)c(CNCCCCCCCCNc2ccnc3cc(Cl)ccc23)c1,16.0,-1.2041199826559248,0,test,7.795880017344075,-1.1939022731973998,-0.01021770945852496,0.01021770945852496
CN(C)C(=O)Oc1cccc(C(=O)/C=C/c2ccc(O)cc2)c1,520.0,-2.716003343634799,0,test,6.2839966563652006,-2.709113283155544,-0.006890060479255222,0.006890060479255222
C[Si](C)(C)c1cccc(C(=O)C(F)(F)F)c1,0.047,1.3279021420642825,0,train,10.327902142064282,-0.3890329553089743,1.716935097373257,1.716935097373257
C[N+](C)(C)CCCCCCCCCC[N+](C)(C)C,6000000.0,-6.778151250383644,0,train,2.221848749616356,-5.219637402763587,-1.5585138476200573,1.5585138476200573
CC1=CC2Cc3nc4cc(Cl)ccc4c(N)c3C(C1)C2,0.033,1.4814860601221125,0,train,10.481486060122112,-0.05962082374664515,1.5411068838687576,1.5411068838687576
CC(=O)N(CCCNc1c2c(nc3ccccc13)CCCC2)CCCNc1c2c(nc3ccccc13)CCCC2,1500.0,-3.1760912590556813,1,train,5.823908740944319,-2.0095099687188567,-1.1665812903368247,1.1665812903368247
COc1cccc(CN2CCC(/C=C3\Cc4ccc(OC)cc4C3=O)CC2)c1,119490.0,-5.07733156112899,1,train,3.9226684388710096,-3.9346957965436626,-1.1426357645853278,1.1426357645853278
c1ccc2c(NCCCCCNc3c4c(nc5ccccc35)CCCC4)c3c(nc2c1)CCCC3,210.0,-2.322219294733919,1,train,6.6777807052660805,-1.182841738178369,-1.1393775565555502,1.1393775565555502
c1ccc2c(NCCCCCCCNc3c4c(nc5ccccc35)CCCC4)c3c(nc2c1)CCCC3,1.3,-0.11394335230683678,1,train,8.886056647693163,-1.182841738178369,1.0688983858715322,1.0688983858715322
COc1cc2c[n+]3c(cc2c(CO)c1OC)-c1c(cc2c(c1OC)OCO2)CC3,13200.0,-4.12057393120585,0,train,4.87942606879415,-3.065432366029869,-1.0551415651759806,1.0551415651759806
CC[N+](CC)(CCCCCn1c(C)cc(=O)n(CCCCC[N+](CC)(CC)Cc2ccccc2)c1=O)Cc1ccccc1,0.081,1.0915149811213503,0,train,10.09151498112135,0.08205220726083619,1.0094627738605142,1.0094627738605142
CCNC(=O)N1c2ccccc2Sc2ccccc21,1450000.0,-6.161368002234975,1,train,2.8386319977650247,-5.155387997880004,-1.0059800043549716,1.0059800043549716
COc1cc(-c2cc3c(c(=O)o2)C[C@]2(O)[C@@]4(C)C(=O)C=CC(C)(C)[C@]4(O)CC[C@@]2(C)O3)cc(OC)c1OC,1.7,-0.2304489213782739,0,train,8.769551078621726,-1.1745439223545315,0.9440950009762576,0.9440950009762576
O=C(c1c2ccccc2cc2ccccc12)N1c2ccccc2Sc2ccccc21,3.5,-0.5440680443502757,0,train,8.455931955649724,-1.475944877311809,0.9318768329615332,0.9318768329615332
N#C/C(=N\O)C(=O)NCC1CCN(Cc2ccccc2)CC1,94963000.0,-7.977554426069383,1,train,1.022445573930617,-7.051041858084323,-0.9265125679850597,0.9265125679850597
COc1cc2c(c(OC)c1)CC(NC(=O)OCc1ccccc1)C2,0.261,0.5833594926617189,0,train,9.58335949266172,-0.32306529070070084,0.9064247833624197,0.9064247833624197
CN(CCCCNc1c2c(nc3ccccc13)CCCC2)CCCNc1c2c(nc3ccccc13)CCCC2,0.012,1.9208187539523751,1,train,10.920818753952375,1.0235058773402654,0.8973128766121097,0.8973128766121097
CC[N+](CC)(CCNC(=O)C(=O)NCC[N+](CC)(CC)Cc1ccccc1Cl)Cc1ccccc1Cl,3.706666666666667,-0.5689835325263762,0,train,8.431016467473624,-1.450798650146619,0.8818151176202428,0.8818151176202428
c1ccc(CNc2c3c(nc4ccccc24)-c2ccccc2C3)cc1,7500.0,-3.8750612633917,0,train,5.1249387366083,-2.9988510812459195,-0.8762101821457806,0.8762101821457806
Nc1c2c(nc3cc(Cl)cc(Cl)c13)CCCC2,1.0,-0.0,0,train,9.0,-0.8396940040396254,0.8396940040396254,0.8396940040396254
CSc1cccc(/N=C2\NC(=O)C(CC(=O)Nc3ccc(F)c(F)c3)S2)c1,130.0,-2.113943352306837,0,train,6.886056647693163,-2.9302973235062524,0.8163539711994154,0.8163539711994154
COC(=O)C1=C(C)O[PH](O)(OC)C=C1,310000.0,-5.491361693834273,0,train,3.508638306165727,-4.733321660556995,-0.7580400332772781,0.7580400332772781
CC[N+](CC)(CCCCCn1c(=O)cc(C)n(CCCCCCn2c(C)cc(=O)n(C)c2=O)c1=O)Cc1ccccc1C(F)(F)F,0.29,0.5376020021010439,0,train,9.537602002101044,-0.19622069095930766,0.7338226930603515,0.7338226930603515
COc1ccc2cc3[n+](cc2c1OCc1ccc(C(F)(F)F)cc1)CCc1cc2c(cc1-3)OCO2,0.456,0.341035157335565,0,train,9.341035157335565,-0.38293813466322574,0.7239732919987907,0.7239732919987907
CN(CCCCNc1c2c(nc3ccccc13)CCCC2)CCCNc1c2c(nc3c(NC(=O)CNC(=O)CC[C@H](NC(=O)CNC(=O)OCc4ccccc4)C(=O)N[C@@H](Cc4ccccc4)C(=O)OCc4ccccc4)cccc13)CCCC2,5.0,-0.6989700043360189,0,train,8.301029995663981,0.02361970512137102,-0.7225897094573899,0.7225897094573899
COc1cc(O)c2c(=O)c3cccc(O)c3oc2c1,53000.0,-4.724275869600789,0,train,4.275724130399211,-4.019341351618738,-0.7049345179820508,0.7049345179820508
COc1cc2c(cc1O)CCC(C)(CCNCCCCCCCCNc1c3c(nc4cc(Cl)ccc14)CCCC3)O2,0.195,0.7099653886374819,0,train,9.709965388637482,0.015882889887056984,0.6940824987504249,0.6940824987504249
CN(C)C(=O)N[C@H]1CCc2ccc(O)cc2C1,1.7,-0.2304489213782739,0,train,8.769551078621726,-0.9136011971609922,0.6831522757827183,0.6831522757827183
CC[N+](CC)(CC)CCOc1cccc(OCC[N+](CC)(CC)CC)c1OCC[N+](CC)(CC)CC,37000.0,-4.568201724066995,0,train,4.431798275933005,-3.8920026372496443,-0.6761990868173506,0.6761990868173506
Fc1ccc(F)c(CN(CCCCCCCCNc2ccnc3cc(Cl)ccc23)c2cc(F)ccc2F)c1,260.0,-2.4149733479708178,0,train,6.585026652029182,-1.7597621002282406,-0.6552112477425771,0.6552112477425771
NS(=O)(=O)c1ccc(/N=C/c2cc(Br)cc(Cl)c2O)cc1,21.0,-1.3222192947339193,0,train,7.6777807052660805,-1.9769558232550153,0.654736528521096,0.654736528521096
O=C(c1ccc(O)cc1Br)c1cccc(O)c1O,3.75,-0.5740312677277188,0,train,8.425968732272281,-1.2283053376063133,0.6542740698785945,0.6542740698785945
COCC1=C=C(c2ccc(OC)cc2)c2cc(OC)c(OC)cc2CCN(C)C=C1C(=O)OC,4900.0,-3.690196080028514,0,train,5.309803919971486,-3.0438169790841596,-0.6463791009443542,0.6463791009443542
CCN(Cc1ccccc1)Cc1ccc(-c2cc3cc(OC)c(OC)cc3oc2=O)cc1,11.0,-1.041392685158225,0,train,7.958607314841775,-1.6848804948894127,0.6434878097311878,0.6434878097311878
NC(=O)N1c2ccccc2Sc2ccccc21,89300.0,-4.950851458888547,1,train,4.049148541111453,-4.325524402605759,-0.6253270562827877,0.6253270562827877
COC(=O)C1=C(C)OP(=O)(OC)CCC1,76000.0,-4.880813592280791,0,train,4.119186407719209,-4.261365333191281,-0.6194482590895101,0.6194482590895101
CC(=O)c1ccccc1NC(=O)c1ccc(OCCCCC[n+]2cccc3ccccc32)cc1,6.5,-0.8129133566428556,0,train,8.187086643357144,-1.4285677195084943,0.6156543628656387,0.6156543628656387
O=C1SCc2ccccc21,59800.0,-4.776701183988411,0,train,4.223298816011589,-4.163642542316584,-0.6130586416718273,0.6130586416718273
CC(=O)N(CCCCNc1c2c(nc3ccccc13)CCCC2)CCCNc1c2c(nc3ccccc13)CCCC2,0.223,0.6516951369518393,1,train,9.65169513695184,0.03982106994732493,0.6118740670045144,0.6118740670045144
COc1ccc(-c2cc3c(c(=O)o2)C[C@@]2(O)[C@@]4(C)CCC(=O)OC(C)(C)[C@@]4(O)CC[C@@]2(C)O3)cc1,2300.0,-3.361727836017593,0,train,5.638272163982407,-2.749876438956976,-0.611851397060617,0.611851397060617
CN1CCCC[C@H]1c1ccc(-c2cccnc2)nc1,51000.0,-4.707570176097937,0,train,4.292429823902063,-4.1217502816028935,-0.5858198944950432,0.5858198944950432
CN(C)CCCN1C(=O)CSC1c1ccccc1Cl,231000.0,-5.363611979892144,0,train,3.636388020107856,-4.777988293687111,-0.5856236862050332,0.5856236862050332
c1ccc2c(NCCCN3CCN(CCCNc4c5c(nc6ccccc46)CCCC5)CC3)c3c(nc2c1)CCCC3,0.136,0.8664610916297825,1,train,9.866461091629782,0.2837426166550204,0.582718474974762,0.582718474974762
Cc1ccc(NC(=O)c2cc(=O)c3cc(/C=C/C(=O)OCCN(C)C)ccc3o2)cc1,190.0,-2.278753600952829,0,train,6.721246399047171,-2.8610030929309236,0.5822494919780947,0.5822494919780947
CCO[P@](=O)(SCC)c1ccccc1,8900.0,-3.949390006644913,0,train,5.050609993355087,-3.3682255277972444,-0.5811644788476684,0.5811644788476684
CCOC(=O)c1c(C)nc(N2CCN(S(=O)(=O)c3ccc(NC(C)=O)c(Cl)c3)CC2)nc1-c1ccc(OC)c(OC)c1,8.0,-0.9030899869919435,0,train,8.096910013008056,-1.4708981895792497,0.567808202587306,0.567808202587306
Cc1ccc(S(=O)(=O)SCc2ccc(C(C)C)cc2)cc1,26.0,-1.414973347970818,0,train,7.585026652029182,-0.847340467749329,-0.567632880221489,0.567632880221489
COc1cc2c(cc1OC)C(=O)/C(=C/C1CCN(Cc3ccccc3)CC1)C2,35.0,-1.5440680443502757,1,train,7.455931955649724,-2.091119843095524,0.5470517987452483,0.5470517987452483
N[C@@H](Cc1ccc2ccccc2c1)C(=O)NCC(=O)Nc1c2c(nc3ccccc13)CCCC2,11190.0,-4.04883008652835,0,train,4.95116991347165,-3.5049710480622043,-0.5438590384661461,0.5438590384661461
Clc1ccc2c(Nc3cccc4c(NCCC56CC7CC(CC(C7)C5)C6)cccc34)ccnc2c1,3800.0,-3.57978359661681,0,train,5.42021640338319,-3.037064956834397,-0.5427186397824131,0.5427186397824131
COc1cccc(OC)c1C(C)NS(N)(=O)=O,0.008,2.0969100130080562,0,train,11.096910013008056,1.5693392327294224,0.5275707802786334,0.5275707802786334
O=C(NCCN1CCCC1)N1c2ccccc2Sc2ccccc21,29400.0,-4.468347330412158,1,train,4.531652669587842,-3.942076428738703,-0.5262709016734548,0.5262709016734548
Nc1cccc2c(NCCCCCCCCNc3c4c(nc5ccccc35)CCCC4)c3c(nc12)CCCC3,0.23,0.638272163982407,0,train,9.638272163982407,0.11218866606513751,0.5260834979172695,0.5260834979172695
c1ccc2c(NCCCCNCCCSc3c4c(nc5ccccc35)CCCC4)c3c(nc2c1)CCCC3,2.67,-0.4265112613645752,1,train,8.573488738635424,-0.9517122401495517,0.5252009787849765,0.5252009787849765
C[C@@H](c1cccc(O)c1)N(C)C,33000.0,-4.518513939877887,0,train,4.481486060122113,-4.016705856516536,-0.5018080833613512,0.5018080833613512
O=C(Nc1ccc(OC(F)(F)F)cc1)OC1CN(C(c2ccccc2)c2ccccc2)C1,23.0,-1.3617278360175928,0,train,7.638272163982407,-1.8608848242934792,0.4991569882758864,0.4991569882758864
O=C1C(=O)N(Cc2ccc(Cl)c(Cl)c2)c2ccccc21,48200.0,-4.68304703823885,0,train,4.31695296176115,-4.1876216648695905,-0.49542537336925907,0.49542537336925907
COc1cc2c(c3oc(=O)c4c(c13)CCC4=O)[C@@H]1C=CO[C@@H]1O2,28000.0,-4.447158031342219,0,train,4.552841968657781,-3.9670713197376055,-0.4800867116046139,0.4800867116046139
O=C1C2=C(C3=NCCc4c[nH]c1c43)C1(C=CN2)C=C(Br)C(O)C(Br)=C1,98000.0,-4.991226075692495,0,train,4.008773924307505,-4.515044389520558,-0.47618168617193746,0.47618168617193746
CN(CCC(=O)N1CCN(CCNc2c3c(nc4ccccc24)CCCC3)CC1)C1CCCCC1,0.349,0.4571745730408201,0,train,9.45717457304082,-0.01840132104293001,0.4755758940837501,0.4755758940837501
CO[P@]1(=O)OC[C@H]2COC(=O)C2=C(C)O1,140.0,-2.146128035678238,0,train,6.853871964321762,-2.621400803044727,0.47527276736648894,0.47527276736648894
O=c1c(O)c(-c2ccc(O)c(O)c2)oc2cc(O)ccc12,100200.0,-5.000867721531227,0,train,3.999132278468773,-4.528240562612195,-0.47262715891903184,0.47262715891903184
FC(F)(F)c1ccc2c(NCCCCCCCCNc3cc4ccccc4o3)ccnc2c1,540.0,-2.7323937598229686,0,train,6.267606240177031,-2.260237038026611,-0.4721567217963578,0.4721567217963578
CN(C)CCOC(=O)Nc1cc(Cl)nc(Cl)c1,140200.0,-5.14674801363064,0,train,3.8532519863693597,-4.681457965164974,-0.4652900484656666,0.4652900484656666
COc1ccccc1CN(C)CCCN(C)CCCNCCCn1c2cc(=N)ccc-2c2ccc(N)cc2c1-c1ccccc1,894.0,-2.951337518795918,0,train,6.048662481204082,-2.4878425166556406,-0.4634950021402773,0.4634950021402773
NC(=O)c1cc[n+](COC[n+]2ccccc2CN=O)cc1,25000.0,-4.3979400086720375,0,train,4.6020599913279625,-3.935528250419267,-0.4624117582527707,0.4624117582527707
Clc1cc(Cl)c2c(NCCCCCCCNc3c4c(nc5ccccc35)CCCC4)c3c(nc2c1)CCCC3,6.0,-0.7781512503836436,1,train,8.221848749616356,-1.240293761739399,0.46214251135575535,0.46214251135575535
O=C(CN1CCN(Cc2ccccc2)CC1)Nc1ccc(C(F)(F)F)cc1Cl,47.0,-1.6720978579357175,0,train,7.327902142064282,-2.128796535792206,0.45669867785648854,0.45669867785648854
CN(C)C(=O)Oc1cccc([N+](C)(C)C)c1,23000.0,-4.361727836017593,0,train,4.638272163982407,-3.913429267267269,-0.44829856875032403,0.44829856875032403
CC(C)(C)c1cc(/C=C/C(=O)NCCC2CCN(Cc3ccccc3)CC2)cc(C(C)(C)C)c1O,3200.0,-3.505149978319906,0,train,5.494850021680094,-3.0571898542408134,-0.44796012407909247,0.44796012407909247
c1cc(CCNc2c3c(nc4ccccc24)CCCC3)nc(CCNc2c3c(nc4ccccc24)CCCC3)c1,0.768,0.11463877996848798,0,train,9.114638779968487,-0.32584739668159446,0.4404861766500824,0.4404861766500824
CCc1c2c(nc3ccc(OC(=O)N4CCC(N5CCCCC5)CC4)cc13)-c1cc3c(c(=O)n1C2)COC(=O)[C@]3(O)CC,51.0,-1.7075701760979363,0,train,7.292429823902063,-2.1436013038018316,0.43603112770389507,0.43603112770389507
COc1cccc(C2NC(=S)Nc3nc4c(c(N)c32)CCCC4)c1,3880.0,-3.5888317255942073,0,train,5.411168274405792,-3.153373243653267,-0.4354584819409406,0.4354584819409406
COc1cc(CNC(=O)CCCCCCNc2c3c(nc4cc(Cl)ccc24)CC2C=C(C)CC3C2)ccc1O,0.81,0.09151498112135022,0,train,9.09151498112135,-0.34325985603312953,0.43477483715447973,0.43477483715447973
Clc1ccc2c(NCCCNCC34CC5CC(CC(C5)C3)C4)ccnc2c1,770.0,-2.886490725172482,1,train,6.113509274827518,-2.452891035584004,-0.43359968958847794,0.43359968958847794
CCN(CCCCCC(=O)N(C)CCCCCCCCN(C)C(=O)CCCCCN(CC)Cc1ccccc1OC)Cc1ccccc1OC,12.2,-1.0863598306747482,0,train,7.913640169325252,-1.518623334328132,0.43226350365338373,0.43226350365338373
O=C(NCCN1CCCCC1)N1c2ccccc2Sc2ccccc21,620.0,-2.792391689498254,1,train,6.207608310501746,-3.2224354751256494,0.43004378562739554,0.43004378562739554
CCN(CCC(=O)NCCCNc1c2c(nc3ccccc13)CCCC2)C1CCCCC1,79.5,-1.9003671286564703,0,train,7.0996328713435295,-1.472907581795445,-0.4274595468610256,0.4274595468610256
CCN(CCCCCC(=O)N1CCC(C2CCN(C(=O)CCCCCN(CC)Cc3ccccc3OC)CC2)CC1)Cc1ccccc1OC,5.67,-0.7535830588929066,0,train,8.246416941107093,-1.1807976184968705,0.42721455960396393,0.42721455960396393
O=C1CC[C@@]2(C=CNC3=C2C2=NCCc4c[nH]c(c42)C3=O)C=C1Br,56200.0,-4.749736315569061,0,train,4.250263684430939,-4.324454475458469,-0.4252818401105918,0.4252818401105918
CN(C)CCOC(=O)Nc1ccncc1Br,316400.0,-5.500236474825639,0,train,3.4997635251743606,-5.079758981245475,-0.4204774935801643,0.4204774935801643
Clc1cc(Cl)c2c(NCCCCCCCNc3c4c(nc5cc(Cl)cc(Cl)c35)CCCC4)c3c(nc2c1)CCCC3,150.0,-2.1760912590556813,1,train,6.823908740944319,-1.7608532135718713,-0.41523804548381005,0.41523804548381005
c1ccc2c(NCCc3ccc(CCNc4c5c(nc6ccccc46)CCCC5)cc3)c3c(nc2c1)CCCC3,1.63,-0.21218760440395779,1,train,8.787812395596042,-0.6265674119543543,0.4143798075503966,0.4143798075503966
CC(=O)/C(=N\O)C(=O)Nc1cnc2c(c1)CC(N(C)CCc1ccccc1)CC2,1108.0,-3.044539760392411,0,train,5.955460239607589,-3.4569827948673475,0.41244303447493635,0.41244303447493635
CCOC(=O)c1cc2c(N)c3c(nc2nc1C)CCCC3,24.0,-1.380211241711606,0,train,7.619788758288394,-1.7836647446005127,0.4034535028889068,0.4034535028889068
c1cnc(Nc2nnc(-c3cccc4ccccc34)o2)nc1,170.0,-2.230448921378274,0,train,6.769551078621726,-2.633295365968623,0.4028464445903488,0.4028464445903488
CC(=O)Nc1nc(NCc2ccccc2)c2ncn(C3O[C@H](CC(=O)NCc4ccccc4)[C@H](OC(C)=O)[C@H]3OC(C)=O)c2n1,50530.0,-4.70354929823823,0,train,4.29645070176177,-4.3025277500614685,-0.40102154817676183,0.40102154817676183
O=C(NCCCC1CCN(Cc2ccccc2)CC1)c1cc(=O)c2cc(O)ccc2o1,11.0,-1.041392685158225,0,train,7.958607314841775,-1.4409767743296138,0.3995840891713889,0.3995840891713889
N[C@@H](Cc1c[nH]c2ccccc12)C(=O)NCCC(=O)Nc1c2c(nc3ccccc13)CCCC2,34030.0,-4.531861949095809,1,train,4.468138050904191,-4.135545106538292,-0.39631684255751676,0.39631684255751676
CC(=O)c1ccccc1NC(=O)c1ccc(OCCCCCC[n+]2ccc3ccccc3c2)cc1,9.4,-0.9731278535996987,0,train,8.0268721464003,-1.3651966856111122,0.3920688320114134,0.3920688320114134
c1cc[n+](CCCCCCCCCCC[n+]2ccccc2)cc1,25.0,-1.3979400086720377,0,train,7.6020599913279625,-1.7898528069282833,0.3919127982562458,0.3919127982562458
O=C(Nc1ccc(OC(F)(F)F)cc1)N1CCCN(CCc2ccccc2)CC1,241.0,-2.3820170425748683,0,train,6.617982957425132,-1.9910494451417577,-0.3909675974331106,0.3909675974331106
COc1ccc2c(c1)C/C(=C\C1CCN(Cc3ccccc3)CC1)C2=O,29.0,-1.462397997898956,1,train,7.537602002101044,-1.8466537728987638,0.3842557749998077,0.3842557749998077
COc1ccc(OC)c(Br)c1,4.25,-0.6283889300503115,0,train,8.371611069949688,-1.0124480278304502,0.3840590977801387,0.3840590977801387
COc1cccc2c1CCC(NC(=O)OCc1ccccc1)C2,0.264,0.5783960731301689,0,train,9.578396073130168,0.19623992984819355,0.3821561432819754,0.3821561432819754
COc1cccc2c1C(=O)/C(=C/C1CCN(Cc3ccc4c(c3)OCO4)CC1)C2,18200.0,-4.260071387985075,0,train,4.739928612014925,-3.878053354195041,-0.3820180337900343,0.3820180337900343
CC(C)(C)c1cc[n+](/C=C2\C=CC3=CC/C(=C\[n+]4ccc(C(C)(C)C)cc4)C=C3C2)cc1,100.0,-2.0,0,train,7.0,-2.3794010571717377,0.37940105717173767,0.37940105717173767
COC(=O)/C(=N\Nc1ccc(C)cc1)C(=O)C(F)(F)F,10100.0,-4.004321373782642,0,train,4.995678626217358,-3.625445198691577,-0.3788761750910652,0.3788761750910652
COc1cccc2c1C=[N+](c1ccc(Br)cc1)CC2,88.6,-1.9474337218870508,0,train,7.052566278112949,-2.3261578837449184,0.3787241618578676,0.3787241618578676
Fc1cccc(CNCCCCCCCCNc2ccnc3cc(Cl)ccc23)c1,3.2,-0.505149978319906,0,train,8.494850021680094,-0.8720383368595251,0.3668883585396191,0.3668883585396191
COc1cc2c(cc1OC)CN(CCCNC(=O)/C(=N/O)C(C)=O)CC2,2671000.0,-6.426673888021373,0,train,2.573326111978627,-6.060574320159378,-0.36609956786199493,0.36609956786199493
c1ccc2c(NCCCCSc3c4c(nc5ccccc35)CCCC4)c3c(nc2c1)CCCC3,650.0,-2.8129133566428557,1,train,6.187086643357144,-2.4576443995719885,-0.3552689570708676,0.3552689570708676
O=C(Oc1cc(OC(=O)N2CCCCC2)cc(C(O)CN2CCCCC2)c1)N1CCCCC1,6930.0,-3.8407332346118066,0,train,5.159266765388193,-3.4855429508636933,-0.3551902837481138,0.3551902837481138
COc1cc2c(cc1OC)C(c1ccccc1)N(CCCNC(=O)/C(=N/O)C(C)=O)CC2,1926000.0,-6.284656282788515,0,train,2.7153437172114847,-5.929479675385099,-0.3551766074034166,0.3551766074034166
O=C(/C=N/O)NCCCCCCNc1c2c(nc3ccccc13)CCCC2,588.0,-2.7693773260761385,1,train,6.230622673923861,-3.1221614388271575,0.35278411275101895,0.35278411275101895
COc1ccc(C(C)NS(N)(=O)=O)cc1OC,0.005,2.3010299956639813,0,train,11.301029995663981,1.9488961785338481,0.35213381713013314,0.35213381713013314
O=C(CCCCCCCCc1ccc(O)c(O)c1)c1c(O)cccc1O,5860.0,-3.767897616018091,0,train,5.232102383981909,-3.41646112873665,-0.3514364872814406,0.3514364872814406
O=C(NCCc1c[nH]c2ccccc12)c1ccc(OCCCCn2c3ccccc3c3ccccc32)cc1,1437.0,-3.157456768134226,0,train,5.842543231865774,-2.8096286570734623,-0.3478281110607635,0.3478281110607635
O=C1Nc2ccccc2C12NNC(Nc1cccc(Cl)c1)=C2[N+](=O)[O-],5590.0,-3.747411807886423,0,train,5.252588192113577,-3.402002073372521,-0.3454097345139022,0.3454097345139022
O=C1C(Cl)=C(Cl)C(=O)C(Cl)=C1Cl,163.0,-2.2121876044039577,1,train,6.787812395596042,-2.557472407196573,0.3452848027926154,0.3452848027926154
COc1cc2c(c3c1OCOC3)C[C@H]1c3c(cc4c(c3OC)OCO4)CCN1C2,13700.0,-4.136720567156407,0,train,4.863279432843593,-3.7948139601856616,-0.34190660697074504,0.34190660697074504
O=[N+]([O-])c1cccc2c(NCCCCCCCCNc3c4c(nc5ccccc35)CCCC4)c3c(nc12)CCCC3,0.78,0.10790539730951959,0,train,9.10790539730952,-0.23289809682891555,0.340803494138435,0.340803494138435
O=c1cc(-c2ccc(O)cc2)oc2cc(O)cc(O)c12,121600.0,-5.084933574936716,0,train,3.9150664250632836,-4.747144300024278,-0.3377892749124385,0.3377892749124385
O=c1c(Cl)c(N2CCN(c3ccc(C(F)(F)F)cn3)CC2)cnn1-c1c(Cl)cc(C(F)(F)F)cc1Cl,2870.0,-3.4578818967339924,0,train,5.542118103266008,-3.121176238795854,-0.33670565793813845,0.33670565793813845
CCN(CCCCOc1ccc(-c2cc(=O)c3c(O)cc(OCCCCN(CC)Cc4ccccc4)cc3o2)cc1)Cc1ccccc1,394.0,-2.595496221825574,0,train,6.404503778174426,-2.9218879445133963,0.32639172268782213,0.32639172268782213
C=CCN(CCCCNc1c2c(nc3ccccc13)CCCC2)CCCNc1c2c(nc3ccccc13)CCCC2,0.085,1.0705810742857071,1,train,10.070581074285707,0.744679468281045,0.3259016060046621,0.3259016060046621
FC(F)(F)Oc1ccc(CNC2CCN(Cc3ccccc3)C2)cc1,23.0,-1.3617278360175928,0,train,7.638272163982407,-1.685625087823843,0.3238972518062502,0.3238972518062502
COc1ccc2[nH]cc(C(=O)NCCC3CCN(Cc4ccccc4)CC3)c2c1,930.0,-2.9684829485539352,0,train,6.031517051446064,-2.6453386318197345,-0.32314431673420074,0.32314431673420074
OCCN(CCCNc1c2c(nc3ccccc13)CCCC2)CCCNc1c2c(nc3ccccc13)CCCC2,0.65,0.1870866433571444,1,train,9.187086643357144,-0.13541704446666847,0.3225036878238129,0.3225036878238129
Oc1ccc([C@@H]2CC(c3c4ccccc4cc4ccccc34)N=N2)c(O)c1,7.2,-0.8573324964312685,0,train,8.142667503568731,-1.1720107557912656,0.31467825935999705,0.31467825935999705
COc1ccccc1C(C)NS(=O)(=O)NC(=O)OCc1ccccc1,0.006,2.221848749616356,0,train,11.221848749616356,1.9075071492161053,0.31434160040025083,0.31434160040025083
O=C1/C(=C/C2CCN(Cc3ccccc3)CC2)Cc2cccc(O)c21,355.0,-2.550228353055094,1,train,6.449771646944906,-2.8621152127804272,0.31188685972533303,0.31188685972533303
COc1cc2c(cc1OC)C(=O)C(Cc1ccc(CN3CCCC3)cc1)C2,773.0,-2.888179493918325,1,train,6.111820506081675,-2.584497101591148,-0.30368239232717675,0.30368239232717675
O=C(/C=N/O)c1cnc(OCC2CCN(Cc3ccccc3)CC2)nc1,55180.0,-4.741781696143167,0,train,4.258218303856833,-5.045449607323402,0.3036679111802352,0.3036679111802352
O=C(NCCC1CCN(Cc2ccccc2)CC1)c1cc(=O)c2cc([N+](=O)[O-])ccc2o1,12.0,-1.0791812460476249,0,train,7.920818753952375,-1.3823291572462861,0.30314791119866125,0.30314791119866125
Fc1ccc(NCCCCCCCCNc2ccnc3cc(C(F)(F)F)ccc23)cc1,12.0,-1.0791812460476249,0,train,7.920818753952375,-1.3803903066006533,0.30120906055302843,0.30120906055302843
NS(=O)(=O)c1ccc(N2N=C(c3cccs3)CC2c2ccc(Br)cc2)cc1,81.0,-1.9084850188786497,0,train,7.0915149811213505,-1.6076183318147874,-0.3008666870638621,0.3008666870638621
CCOc1ccc(Cc2nc3cc(C(=O)NCCCNc4c5c(nc6ccccc46)CCCC5)ccc3n2CCC(C)C)cc1,5.45,-0.7363965022766424,0,train,8.263603497723357,-1.035306482289776,0.2989099800131335,0.2989099800131335
O=c1c(O)c(-c2ccccc2)oc2cc(O)cc(O)c12,85600.0,-4.9324737646771535,0,train,4.0675262353228465,-4.638513860330212,-0.2939599043469414,0.2939599043469414
COc1cc2cc(-c3ccc(C[N+](C)(C)Cc4ccccc4)cc3)c(=O)oc2cc1OC,11.0,-1.041392685158225,0,train,7.958607314841775,-1.3351419743166306,0.2937492891584057,0.2937492891584057
O=C(/C=N/O)NC1CCN(Cc2ccccc2)CC1,2430000.0,-6.385606273598312,0,train,2.614393726401688,-6.092797725378062,-0.2928085482202505,0.2928085482202505
CC(=O)c1ccccc1NC(=O)c1ccc(OCCCCC[n+]2ccc3ccccc3c2)cc1,45.0,-1.6532125137753437,0,train,7.346787486224656,-1.3651966856111122,-0.2880158281642313,0.2880158281642313
CCCCCCCNC(=O)Oc1ccc2c(c1)[C@]1(C)CCN(C)[C@@H]1N2C,100.0,-2.0,0,train,7.0,-2.2874897622184474,0.28748976221844735,0.28748976221844735
Clc1cc(Cl)c2c(SCCCCCCCNc3c4c(nc5ccccc35)CCCC4)c3c(nc2c1)CCCC3,290.0,-2.462397997898956,1,train,6.537602002101044,-2.178327014516618,-0.28407098338233805,0.28407098338233805
COc1cc2c(cc1OC)C(=O)/C(=C/c1cccc(CN(C)C)c1)C2,62.0,-1.792391689498254,1,train,7.207608310501746,-2.0732641445661186,0.28087245506786473,0.28087245506786473
O=C(/C=N/O)c1ccc(OCC2CCN(Cc3ccc(F)c(F)c3)CC2)nc1,158800.0,-5.200850498091078,0,train,3.7991495019089223,-5.477512283902585,0.27666178581150724,0.27666178581150724
O=C1C=Cc2ccccc2C1=O,320.0,-2.505149978319906,0,train,6.494850021680094,-2.779827383081826,0.27467740476192004,0.27467740476192004
COc1cccc(CN=Nc2nc(-c3cc4ccccc4oc3=O)cs2)c1,7170.0,-3.8555191556678,0,train,5.1444808443322,-3.5825543763730905,-0.27296477929470964,0.27296477929470964
O=C(/C=N/O)NCCCNc1c2c(nc3ccccc13)CCCC2,6219.0,-3.7937205568135233,1,train,5.206279443186476,-3.5220329105556245,-0.27168764625789876,0.27168764625789876
O=C(Cc1cc(=O)oc2cc(O)ccc12)NCCCCNc1c2c(nc3ccccc13)CCCC2,13.55,-1.1319392952104246,0,train,7.868060704789576,-1.3988576483620043,0.26691835315157975,0.26691835315157975
CC(C)OP(=O)(F)OC(C)C,6000.0,-3.778151250383644,0,train,5.221848749616356,-3.5126859894952185,-0.26546526088842537,0.26546526088842537
FC(F)(F)c1ccc2c(NCCCCCCCCNc3ccccc3)ccnc2c1,8.0,-0.9030899869919435,1,train,8.096910013008056,-1.1668843124248043,0.26379432543286063,0.26379432543286063
CC1=C[C@@H]2Cc3nc4cc(Cl)ccc4c(NCCCCCCCNc4c5c(nc6cc(Cl)ccc46)CCCC5)c3[C@H](C1)C2,1.5,-0.17609125905568124,0,train,8.823908740944319,-0.4385979188524252,0.26250665979674404,0.26250665979674404
CN(C)c1ccc(CN=Nc2nc(-c3cc4ccccc4oc3=O)cs2)cc1,9960.0,-3.998259338423699,0,train,5.001740661576301,-3.7420980120959673,-0.2561613263277316,0.2561613263277316
NS(=O)(=O)c1ccc(C(=O)n2[nH]c(=O)c3cc(F)ccc3c2=O)cc1,61.0,-1.7853298350107671,0,train,7.214670164989233,-2.041064183736156,0.2557343487253889,0.2557343487253889
NC(=O)c1cc[n+](CCCC[n+]2ccc(/C=N/O)cc2)cc1,110000.0,-5.041392685158225,0,train,3.9586073148417746,-4.785901742763953,-0.25549094239427195,0.25549094239427195
COc1cccc2cc[n+](-c3ccc(Br)cc3)cc12,14.8,-1.1702617153949575,0,train,7.8297382846050425,-1.4253858439751752,0.2551241285802177,0.2551241285802177
O=C1CC2CCc3ccsc3C2=NN1CCN1CCN(Cc2ccccc2)CC1,123.0,-2.089905111439398,0,train,6.910094888560602,-2.3449211182710665,0.2550160068316685,0.2550160068316685
COc1ccc(CN2CCCC(COc3ccc(C(=O)/C=N/O)cn3)C2)cc1OC,344800.0,-5.537567257152675,0,train,3.4624327428473247,-5.792553364650297,0.25498610749762207,0.25498610749762207
Cc1c(S(=O)(=O)c2ccc(Cl)cc2)csc1C(=O)NC1CCN(Cc2ccccc2)CC1,21.0,-1.3222192947339193,0,train,7.6777807052660805,-1.5749597747463713,0.252740480012452,0.252740480012452
O=c1oc2ccccc2cc1-c1csc(N=NCc2ccccc2OCc2ccccc2)n1,7470.0,-3.873320601815399,0,train,5.126679398184601,-3.620765172699391,-0.25255542911600815,0.25255542911600815
Fc1ccc(F)c(CNCCCCCCCCNc2ccnc3cc(Cl)ccc23)c1,8.2,-0.9138138523837167,1,train,8.086186147616283,-1.1619151507981476,0.24810129841443074,0.24810129841443074
COc1cc2cc(C(=O)NCCC3CCN(Cc4ccccc4)CC3)[nH]c2cc1OC,260.0,-2.4149733479708178,0,train,6.585026652029182,-2.1684144942078936,-0.2465588537629242,0.2465588537629242
N#Cc1ccc(CN2CCC(COc3ccc(C(=O)/C=N/O)cn3)CC2)cc1,1608000.0,-6.206286044412432,0,train,2.7937139555875676,-5.962270199938571,-0.2440158444738616,0.2440158444738616
Cc1ccc(S(=O)(=O)SCc2ccc(F)cc2)cc1,327.0,-2.514547752660286,0,train,6.485452247339714,-2.272148935544664,-0.24239881711562195,0.24239881711562195
CCN(CC)Cc1ccc(OC2Cc3cc(OC)c(OC)cc3C2=O)cc1,1340.0,-3.1271047983648077,1,train,5.872895201635192,-2.8847819185749337,-0.24232287978987443,0.24232287978987443
O=C(CCCCC1CCSS1)NCCCNc1c2c(nc3cc(Cl)ccc13)CCCC2,155.0,-2.1903316981702914,0,train,6.809668301829708,-1.9520808010591193,-0.2382508971111721,0.2382508971111721
c1cc[n+](Cc2ccc3ccc(C[n+]4ccccc4)cc3c2)cc1,140.0,-2.146128035678238,0,train,6.853871964321762,-2.3833327361430134,0.23720470046477526,0.23720470046477526
C[N+](C)(C)CCOC(=O)Nc1cc(Cl)nc(Cl)c1,64400.0,-4.8088858673598125,0,train,4.1911141326401875,-4.574580894686374,-0.23430497267343853,0.23430497267343853
COc1cccc(C2c3ccc4cccnc4c3Oc3nc4c(c(N)c32)CCCC4)c1,870.0,-2.9395192526186187,0,train,6.060480747381382,-2.708234088570612,-0.23128516404800648,0.23128516404800648
COc1cc2c(cc1OC)C(=O)C(Oc1ccc(CN(C)C)cc1)C2,209.0,-2.320146286111054,0,train,6.679853713888946,-2.551246048035713,0.2310997619246593,0.2310997619246593
COc1ccc(OC)c(C(C)NS(=O)(=O)NC(=O)OCc2ccccc2)c1,0.023,1.6382721639824072,0,train,10.638272163982407,1.4136523193731276,0.22461984460927953,0.22461984460927953
CC1=CC2Cc3nc4cc(Cl)ccc4c(NCCCCCCNC(=O)[C@@H](N)Cc4c[nH]c5ccccc45)c3C(C1)C2,23.0,-1.3617278360175928,0,train,7.638272163982407,-1.138952531258623,-0.22277530475896978,0.22277530475896978
Cc1cc(F)c(CNCCCCCCCCNc2ccnc3cc(Cl)ccc23)cc1F,120.0,-2.0791812460476247,1,train,6.920818753952375,-1.8571843374681278,-0.22199690857949683,0.22199690857949683
Nc1c2c(nc3c1C(c1cccc(Br)c1)NC(=S)N3)CCCC2,147.0,-2.167317334748176,0,train,6.8326826652518236,-1.9461841511904456,-0.22113318355773037,0.22113318355773037
COc1cccc(C2CC(c3cc(F)ccc3F)=NN2c2ccc(S(N)(=O)=O)cc2)c1OC,3.3,-0.5185139398778874,1,train,8.481486060122112,-0.7377415529655884,0.219227613087701,0.219227613087701
NS(=O)(=O)c1ccc(NCc2cccc(Cl)c2O)cc1,21.0,-1.3222192947339193,0,train,7.6777807052660805,-1.5389287513379464,0.21670945660402707,0.21670945660402707
Cc1c(C)c2c(c(C)c1O)CCC(C)(C(=O)NCCCCCCCCNc1c3c(nc4cc(Cl)ccc14)CCCC3)O2,50.0,-1.6989700043360187,0,train,7.301029995663981,-1.4840714774681243,-0.21489852686789446,0.21489852686789446
COc1cc2c(cc1OC)C(=O)C(Cc1ccc(CN3CCCCC3)cc1)C2,74.0,-1.8692317197309762,1,train,7.130768280269024,-2.0835320954070533,0.2143003756760773,0.2143003756760773
CCN(CC)CCNC(=O)c1ccc(N)cc1,1000.0,-3.0,0,train,6.0,-2.7866220194437448,-0.21337798055625523,0.21337798055625523
O=C(/C=N/O)c1ccc(NCC2CCN(Cc3ccccc3)CC2)nc1,285600.0,-5.4557582031041365,0,train,3.5442417968958635,-5.669119181542452,0.21336097843831592,0.21336097843831592
C[N+](C)=c1ccn(CCCCOc2ccc(C(=O)NCCc3c[nH]c4ccccc34)cc2)cc1,198.0,-2.296665190261531,0,train,6.703334809738469,-2.5097294061817252,0.2130642159201943,0.2130642159201943
CC1(C)C=Cc2c(cc(O)c3c(=O)c4c(oc23)-c2ccc(O)cc2OC(C(C)(C)O)C4)O1,3100.0,-3.4913616938342726,0,train,5.508638306165727,-3.2817354174434326,-0.20962627639084008,0.20962627639084008
N#C/C(=N\O)C(=O)NC1CCN(Cc2ccccc2)CC1,732500.0,-5.8648076290261475,1,train,3.1351923709738525,-6.073635400934084,0.20882777190793522,0.20882777190793522
COc1ccc2cc(C(=O)NCCC3CCN(Cc4ccccc4)CC3)ccc2c1,210.0,-2.322219294733919,0,train,6.6777807052660805,-2.1134439565775667,-0.2087753381563524,0.2087753381563524
C[n+]1c2ccccc2c(-c2ccc(N)cc2)c2ccccc21,2660.0,-3.424881636631067,0,train,5.575118363368933,-3.216505002778357,-0.2083766338527102,0.2083766338527102
c1ccc2c(NCCCCCCSc3c4c(nc5ccccc35)CCCC4)c3c(nc2c1)CCCC3,100.0,-2.0,1,train,7.0,-2.2065696509619377,0.2065696509619377,0.2065696509619377
O=C1/C(=C/C2CCN(Cc3ccccc3)CC2)Cc2ccc(O)cc21,4224.0,-3.625723909525756,1,train,5.374276090474244,-3.4192533402932668,-0.20647056923248908,0.20647056923248908
O=C1C=C2S[C@H]3C[C@]2(C=C1Br)C1=C(N3)C(=O)c2[nH]cc3c2C1=NCC3,22800.0,-4.357934847000454,0,train,4.642065152999546,-4.1516732775231056,-0.20626156947734842,0.20626156947734842
CN(C)S(=O)(=O)NC1CCc2ccc(O)cc2C1,0.72,0.14266750356873156,0,train,9.142667503568731,-0.060458625755768526,0.20312612932450003,0.20312612932450003
COc1ccc(C2CC(c3cc(F)ccc3F)=NN2c2ccc(S(N)(=O)=O)cc2)cc1OC,3.3,-0.5185139398778874,1,train,8.481486060122112,-0.7209769322067993,0.20246299232891185,0.20246299232891185
COc1cccc2c1CC[C@H](NC(=O)N(C)C)C2,0.98,0.00877392430750515,0,train,9.008773924307505,-0.1936056399549929,0.20237956426249798,0.20237956426249798
O=C(CCCCCCCCc1ccc(O)cc1)c1c(O)cccc1O,4330.0,-3.6364878963533656,0,train,5.363512103646634,-3.4350907486151017,-0.2013971477382639,0.2013971477382639
COc1ccc2c(c1)CCC(NC(=O)N(C)C)C2,0.67,0.17392519729917352,0,train,9.173925197299173,-0.027221355906403902,0.2011465532055774,0.2011465532055774
COc1cc2c(c3c1OCOC3)C[C@H]1c3c(cc4c(c3OC)OCO4)CC[N+]1=C2,6300.0,-3.7993405494535817,0,train,5.200659450546418,-3.598833107820496,-0.20050744163308565,0.20050744163308565
COc1ccc(C2CC(c3ccc(F)cc3)=NN2c2ccc(S(N)(=O)=O)cc2)c(OC)c1,38.0,-1.5797835966168101,1,train,7.42021640338319,-1.3802345271816305,-0.19954906943517936,0.19954906943517936
CN(C)C(=O)N[C@H]1CCc2c(O)cccc2C1,1.6,-0.20411998265592482,0,train,8.795880017344075,-0.40258199409467676,0.19846201143875197,0.19846201143875197
COc1cccc2c1CCC(NS(=O)(=O)N(C)C)C2,0.45,0.3467874862246563,0,train,9.346787486224656,0.14978300558232358,0.19700448064233275,0.19700448064233275
CC(C)(C)c1ccc(/C(N)=N/OC(=O)c2cnn(-c3ccc([N+](=O)[O-])cc3)c2C(F)(F)F)cc1,521.0,-2.7168377232995247,0,train,6.283162276700475,-2.913576818892054,0.19673909559252944,0.19673909559252944
CC1=C[C@@H]2Cc3nc4cc(Cl)ccc4c(NCCCCCCCCCNC(=O)c4cc(O)c5c(c4)C(=O)c4cccc(O)c4C5=O)c3[C@H](C1)C2,3.05,-0.4842998393467858,0,train,8.515700160653214,-0.6793496955726204,0.1950498562258346,0.1950498562258346
O=C(Cc1sc(Nc2ccc(C3CCCCC3)cc2)nc1O)Nc1ccc(OC(F)(F)F)cc1,897.0,-2.952792443044092,0,train,6.047207556955907,-2.759183302915004,-0.19360914012908825,0.19360914012908825
CC(=O)O[C@H]1CC[C@@]2(C)[C@@H](CC[C@@]3(C)C[C@@]4(O)CC[C@H]5C(C)(C)[C@@H](OC(C)=O)CC[C@]5(C)[C@H]4CC[C@@H]32)C1(C)C,2490.0,-3.3961993470957363,0,train,5.603800652904264,-3.203917126213186,-0.19228222088255054,0.19228222088255054
FC(F)(F)c1ccc2c(NCCCCCCCCNc3ccccc3Cl)ccnc2c1,13.0,-1.1139433523068367,0,train,7.886056647693163,-1.3061609172743571,0.1922175649675204,0.1922175649675204
CN1c2ccccc2C(n2nnc3ccccc32)c2ccccc21,6430.0,-3.808210972924222,0,train,5.191789027075778,-3.6166857946757585,-0.1915251782484635,0.1915251782484635
CCCCNC(=O)OCCO,1500.0,-3.1760912590556813,0,train,5.823908740944319,-2.9861957301136113,-0.18989552894207007,0.18989552894207007
COc1ccc(CN2CCC(COc3ccc(C(=O)/C=N/O)cn3)CC2)cc1OC,1930000.0,-6.285557309007774,0,train,2.714442690992226,-6.097555719948417,-0.1880015890593567,0.1880015890593567
COc1cc2c(cc1OC)C(=O)C(Oc1ccc(CN3CCCCC3)cc1)C2,403.0,-2.6053050461411096,1,train,6.39469495385889,-2.4175411951304104,-0.18776385101069915,0.18776385101069915
COc1ccc(C(C)NS(=O)(=O)NC(=O)OCc2ccccc2)cc1,0.005,2.3010299956639813,0,train,11.301029995663981,2.1156628490552425,0.18536714660873876,0.18536714660873876
O=c1cc(-c2ccc(O)c(O)c2)oc2cc(O)cc(O)c12,65800.0,-4.818225893613955,0,train,4.181774106386045,-4.63471233047019,-0.183513563143765,0.183513563143765
COc1cc2c(cc1O)C(=O)/C(=C/C1CCN(Cc3ccccc3)CC1)C2,2822.0,-3.450557009418329,1,train,5.549442990581671,-3.2675640451340415,-0.18299296428428757,0.18299296428428757
CC(=O)Nc1nc(Cl)c2c(ncn2C2O[C@H](C(=O)O)[C@@H](OC(C)=O)[C@@H](OC(C)=O)[C@H]2OC(C)=O)n1,37870.0,-4.578295305120826,0,train,4.421704694879174,-4.396104637364787,-0.1821906677560392,0.1821906677560392
O=[N+]([O-])c1ccc(NCCCCCCCCNc2ccnc3cc(C(F)(F)F)ccc23)cc1,140.0,-2.146128035678238,0,train,6.853871964321762,-1.9640572421954516,-0.18207079348278654,0.18207079348278654
CC(=O)c1ccccc1NC(=O)c1ccc(OCCCCCC[n+]2ccccc2)cc1,47.0,-1.6720978579357175,0,train,7.327902142064282,-1.8540779274103971,0.1819800694746796,0.1819800694746796
N[C@@H](CCC(=O)NCCNc1c2c(nc3ccccc13)CCCC2)C(=O)NCCNc1c2c(nc3ccccc13)CCCC2,6.21,-0.7930916001765802,0,train,8.20690839982342,-0.9748202524830732,0.18172865230649304,0.18172865230649304
COc1cc2c(cc1OC)C(=O)C(Oc1cccc(CN(C)C)c1)C2,1004.0,-3.0017337128090005,1,train,5.998266287190999,-2.821398712760372,-0.18033500004862857,0.18033500004862857
COc1cc([C@H]2Oc3cc(O)c(C/C=C(\C)CCC=C(C)C)c(O)c3C(=O)[C@@H]2O)ccc1O,68200.0,-4.833784374656479,0,train,4.166215625343521,-4.653461220496908,-0.1803231541595709,0.1803231541595709
COc1ccc2oc(=O)c(C(=O)NCCCCCCNc3c4c(nc5ccccc35)CCCC4)cc2c1,24.0,-1.380211241711606,0,train,7.619788758288394,-1.5591285469413831,0.17891730522977722,0.17891730522977722
Cc1ccc(S(=O)(=O)SCc2ccccc2)cc1,390.0,-2.591064607026499,0,train,6.4089353929735005,-2.4139127453743026,-0.17715186165219654,0.17715186165219654
CC(=O)O[C@H]1[C@H]2c3cc4c(cc3CN3CCC(=C[C@@H]1O)[C@H]23)OCO4,430.0,-2.6334684555795866,0,train,6.366531544420413,-2.810054877047283,0.17658642146769665,0.17658642146769665
N[C@@H](Cc1c[nH]c2ccccc12)C(=O)NCCNc1c2c(nc3ccccc13)CCCC2,280.0,-2.4471580313422194,1,train,6.552841968657781,-2.271683987840558,-0.1754740435016613,0.1754740435016613
Fc1cc(C(F)(F)F)ccc1CNCCCCCCCCNc1ccnc2cc(Cl)ccc12,150.0,-2.1760912590556813,0,train,6.823908740944319,-2.00161742288734,-0.17447383616834156,0.17447383616834156
NS(=O)(=O)c1ccc(NCc2cccc(Br)c2O)cc1,78.0,-1.8920946026904804,0,train,7.107905397309519,-1.71831148357626,-0.17378311911422029,0.17378311911422029
CC(C)=CCc1c(-c2ccc(O)cc2O)oc2c(CC=C(C)C)c(O)cc(O)c2c1=O,3100.0,-3.4913616938342726,0,train,5.508638306165727,-3.6635910127698916,0.172229318935619,0.172229318935619
COc1cccc2c1C(=O)/C(=C/C1CCN(Cc3ccccc3)CC1)C2,1835.0,-3.263636068588108,0,train,5.736363931411892,-3.094403491520875,-0.16923257706723316,0.16923257706723316
COc1cc(O)c(-c2cc(=O)c3c(O)cc(O)cc3o2)cc1C/C=C(\C)CCC=C(C)C,3100.0,-3.4913616938342726,0,train,5.508638306165727,-3.659610539051106,0.16824884521683314,0.16824884521683314
COc1ccc(C(=O)c2ccc(OC)cc2OC)cc1,5.88,-0.7693773260761385,0,train,8.230622673923861,-0.9354627988569585,0.16608547278081998,0.16608547278081998
FC(F)(F)c1ccc2c(NCCCCCCCCNc3cccc(Cl)c3)ccnc2c1,11.0,-1.041392685158225,0,train,7.958607314841775,-1.2073167259306556,0.16592404077243073,0.16592404077243073
COc1cc(CN=Nc2nc(-c3cc4ccccc4oc3=O)cs2)cc(OC)c1O,1550.0,-3.1903316981702914,0,train,5.809668301829708,-3.356073579773286,0.16574188160299475,0.16574188160299475
CC(=O)/C(=N\O)C(=O)NC1CCN(Cc2ccccc2)CC1,233800.0,-5.3688445068258215,0,train,3.6311554931741785,-5.533738567360433,0.16489406053461142,0.16489406053461142
CN(CCCNc1c2c(nc3ccccc13)CCCC2)CCCSc1c2c(nc3ccccc13)CCCC2,9.1,-0.9590413923210935,1,train,8.040958607678906,-0.7950998246906076,-0.16394156763048606,0.16394156763048606
CC(C)=CCC/C(C)=C/Cc1c(O)cc2c(c1O)C(=O)C[C@@H](c1ccc(O)cc1)O2,120500.0,-5.080987046910887,1,train,3.919012953089113,-4.917300693283636,-0.16368635362725126,0.16368635362725126
CCCCNC(=O)OCCOC(=O)NCCCC,360.0,-2.5563025007672873,0,train,6.443697499232712,-2.7199142179814446,0.1636117172141569,0.1636117172141569
COc1cc(CN=Nc2nc(-c3cc4ccccc4oc3=O)cs2)cc(OC)c1OC,5610.0,-3.748962861256161,0,train,5.251037138743839,-3.585371863890379,-0.1635909973657821,0.1635909973657821
CN(C)CCCN1C(=O)CSC1c1ccc(Cl)cc1Cl,65000.0,-4.812913356642856,0,train,4.187086643357144,-4.651170453352652,-0.1617429032902038,0.1617429032902038
CC(C)(C)c1ccc(NCCCCCCCCNc2ccnc3cc(C(F)(F)F)ccc23)cc1,160.0,-2.204119982655925,0,train,6.795880017344075,-2.0427577111782376,-0.16136227147768745,0.16136227147768745
CC(=O)Nc1nc(Cl)c2ncn(C3O[C@H]4[C@H](OC(=O)[C@@H]4O)[C@H]3OC(C)=O)c2n1,23670.0,-4.374198257929082,0,train,4.625801742070918,-4.212857472202573,-0.16134078572650967,0.16134078572650967
O=C1C(=O)C(Cl)=C(Cl)C(Cl)=C1Cl,1670.0,-3.2227164711475833,1,train,5.777283528852417,-3.063052819669685,-0.15966365147789885,0.15966365147789885
CN(C)CCOC(=O)Nc1ccnc(Cl)c1,207700.0,-5.317436496535099,0,train,3.682563503464901,-5.1614788795849105,-0.15595761695018862,0.15595761695018862
CN(C)CCOC(=O)Nc1ccncc1,313700.0,-5.496514518697745,0,train,3.5034854813022553,-5.342783547616952,-0.15373097108079303,0.15373097108079303
CCN(C)C(=O)Oc1cccc([C@H](C)N(C)C)c1,700.0,-2.845098040014257,0,train,6.154901959985743,-2.9956379044137775,0.1505398643995206,0.1505398643995206
COc1cc2c(cc1OC)C(=O)C(Cc1cccc(CN3CCCCC3)c1)C2,59.0,-1.7708520116421442,1,train,7.229147988357855,-1.920814433106478,0.1499624214643338,0.1499624214643338
NS(=O)(=O)c1ccc(C(=O)n2[nH]c(=O)c3c(F)cccc3c2=O)cc1,61.0,-1.7853298350107671,0,train,7.214670164989233,-1.635483194470541,-0.14984664054022612,0.14984664054022612
COc1ccc(CN2CCC(COc3ccc(C(=O)/C=N/O)cn3)C2)cc1OC,2517000.0,-6.400883215548363,0,train,2.5991167844516374,-6.2512727118641855,-0.14961050368417705,0.14961050368417705
COc1ccc2oc(=O)c(C(=O)NCCCCCCCNc3c4c(nc5ccccc35)CCCC4)cc2c1,51.0,-1.7075701760979363,0,train,7.292429823902063,-1.5591285469413831,-0.14844162915655335,0.14844162915655335
CC(C)(C)OC(=O)N[C@@H](Cc1c[nH]c2ccccc12)C(=O)NCCNc1c2c(nc3ccccc13)CCCC2,130.0,-2.113943352306837,1,train,6.886056647693163,-2.2619549094278057,0.1480115571209688,0.1480115571209688
Clc1cc(Cl)c2c(NCCCCCCCSc3c4c(nc5ccccc35)CCCC4)c3c(nc2c1)CCCC3,41.0,-1.6127838567197355,0,train,7.3872161432802645,-1.7603269820859606,0.14754312536622494,0.14754312536622494
COc1cc2cc(C(=O)NCCCCCCNc3c4c(nc5ccccc35)CCCC4)c(=O)oc2cc1OC,56.0,-1.7481880270062005,0,train,7.251811972993799,-1.601203571834573,-0.1469844551716275,0.1469844551716275
COc1cc(NCc2ccc(Oc3c(N)cccc3Cl)cc2)cc(OC)c1OC,879.0,-2.9439888750737717,0,train,6.056011124926228,-2.7971300424310086,-0.14685883264276356,0.14685883264276356
O=C(c1ccccc1)c1cc(O)c(Br)cc1O,3.24,-0.5105450102066121,0,train,8.489454989793387,-0.656784353223188,0.14623934301657582,0.14623934301657582
COc1cc2c(cc1OC)C(=O)C(Oc1ccc(C(C)N3CCCCC3)cc1)C2,106.0,-2.0253058652647704,0,train,6.97469413473523,-2.1710021640697623,0.1456962988049919,0.1456962988049919
FC(F)(F)c1ccc2c(NCCCCCCCCNc3cc4ccccc4s3)ccnc2c1,70.0,-1.845098040014257,0,train,7.154901959985743,-1.700185734693945,-0.14491230532031185,0.14491230532031185
COc1ccc(C2CC(c3ccc(Cl)cc3)=NN2c2ccc(S(N)(=O)=O)cc2)cc1OC,38.0,-1.5797835966168101,1,train,7.42021640338319,-1.4370749971080838,-0.14270859950872605,0.14270859950872605
CC(C)(C)c1cc[n+](CCCCCCCC[n+]2ccc(C(C)(C)C)cc2)cc1,90.0,-1.9542425094393248,0,train,7.045757490560675,-2.096740186128352,0.14249767668902713,0.14249767668902713
C/C=C1\C2C=C(C)CC1(C(=O)OC)CC(NCCCCCCCNc1c3c(nc4ccccc14)CCCC3)C2,6.4,-0.8061799739838872,0,train,8.193820026016112,-0.9484175487735368,0.1422375747896496,0.1422375747896496
COc1cc2c(cc1OC)C(=O)C(Oc1cccc(CN3CCN(C)CC3)c1)C2,62.0,-1.792391689498254,1,train,7.207608310501746,-1.9334299138383173,0.1410382243400634,0.1410382243400634
COc1ccc(CN=Nc2nc(-c3cc4ccccc4oc3=O)cs2)cc1,1250.0,-3.0969100130080562,0,train,5.903089986991944,-3.2364765681405556,0.13956655513249983,0.13956655513249983
CCN(CC)C(=O)OC1C[N+]2(C)CCC1CC2,3500.0,-3.5440680443502757,0,train,5.455931955649724,-3.405508183783242,-0.13855986056703395,0.13855986056703395
CCN(C)Cc1ccc(/C=C2\Cc3cc(OC)c(OC)cc3C2=O)cc1,920.0,-2.963787827345555,0,train,6.036212172654444,-2.8257642825054807,-0.1380235448400744,0.1380235448400744
Cc1ccc2oc(-c3ccc(OCCCCCCN4CCCCC4)cc3)cc(=O)c2c1,129.0,-2.110589710299249,0,train,6.889410289700751,-2.2479376639023445,0.1373479536030957,0.1373479536030957
N#C/C(=N\O)C(=O)NCCCNc1c2c(nc3ccccc13)CCCC2,3077.0,-3.4881274962474587,0,train,5.511872503752541,-3.3520395897721165,-0.1360879064753422,0.1360879064753422
COc1ccc(C2CC(c3cc(F)cc(F)c3)=NN2c2ccc(S(N)(=O)=O)cc2)c(OC)c1,3.3,-0.5185139398778874,1,train,8.481486060122112,-0.6536685412766219,0.13515460139873448,0.13515460139873448
Fc1ccc(CNCCCCCCCCNc2ccnc3cc(Cl)ccc23)c(F)c1,21.0,-1.3222192947339193,0,train,7.6777807052660805,-1.4568574425365608,0.1346381478026415,0.1346381478026415
COc1cc2c(cc1OC)C(=O)C(Oc1ccc(C(C)N3CCCC3)cc1)C2,403.0,-2.6053050461411096,1,train,6.39469495385889,-2.4709915132812905,-0.13431353285981906,0.13431353285981906
N/C(=N\OC(=O)c1cnn(-c2ccc([N+](=O)[O-])cc2)c1C(F)(F)F)c1ccc(Cl)cc1,2350.0,-3.3710678622717363,0,train,5.628932137728263,-3.237360614345214,-0.13370724792652222,0.13370724792652222
N[C@@H](Cc1c[nH]c2ccccc12)C(=O)NCC(=O)Nc1c2c(nc3ccccc13)CCCC2,2214.0,-3.345177616542704,1,train,5.6548223834572955,-3.4766692968929793,0.13149168035027525,0.13149168035027525
O=c1oc2ccccc2cc1-c1csc(N=NCc2ccccc2Cl)n1,5410.0,-3.7331972651065692,0,train,5.266802734893431,-3.6021061388728435,-0.13109112623372532,0.13109112623372532
Cc1cc(Cl)cc2c1N(C)C(=O)/C2=N\NC(=S)Nc1cccc(S(N)(=O)=O)c1,520.0,-2.716003343634799,0,train,6.2839966563652006,-2.58590041165343,-0.1301029319813689,0.1301029319813689
Fc1ccc(Br)cc1CNCCCCCCCCNc1ccnc2cc(Cl)ccc12,24.0,-1.380211241711606,0,train,7.619788758288394,-1.509673079127562,0.12946183741595618,0.12946183741595618
c1ccc([C@@H]2CC(c3c4ccccc4cc4ccccc34)N=N2)nc1,41.0,-1.6127838567197355,0,train,7.3872161432802645,-1.7420988331670295,0.12931497644729384,0.12931497644729384
CC(C)(C)c1cc(/C=C/C(=O)NCCC2CCN(Cc3ccccc3F)CC2)cc(C(C)(C)C)c1O,1400.0,-3.146128035678238,0,train,5.853871964321762,-3.017477449441365,-0.1286505862368732,0.1286505862368732
COc1cc2c(cc1OC)C(=O)C(Oc1cccc(CN3CCOCC3)c1)C2,793.0,-2.8992731873176036,1,train,6.100726812682396,-2.7712674928982564,-0.12800569441934773,0.12800569441934773
COc1cc2c(cc1O)C/C(=C\C1CCN(Cc3ccccc3)CC1)C2=O,2822.0,-3.450557009418329,1,train,5.549442990581671,-3.323219795894515,-0.127337213523814,0.127337213523814
O=C(c1ccc(O)cc1)c1cc(O)c(Br)cc1O,2.78,-0.4440447959180762,0,train,8.555955204081924,-0.5697747466886378,0.1257299507705616,0.1257299507705616
COc1ccc2cc(C(=O)NCCCCCCCNc3c4c(nc5ccccc35)CCCC4)c(=O)oc2c1,55.0,-1.7403626894942439,0,train,7.259637310505756,-1.6146425395142696,-0.1257201499799745,0.1257201499799745
NS(=O)(=O)c1cccc(NC(=S)N/N=C2\C(=O)N(Cc3ccccc3)c3ccc([N+](=O)[O-])cc32)c1,220.0,-2.342422680822206,0,train,6.657577319177793,-2.467598802764411,0.12517612194220495,0.12517612194220495
CN(CCCC(F)F)Cc1ccc(COc2ccc3c(CO)cc(=O)oc3c2)cc1,2000.0,-3.3010299956639813,0,train,5.698970004336019,-3.1764248973420592,-0.12460509832192201,0.12460509832192201
COc1ccc2cc(C(=O)NCCCCCCNc3c4c(nc5ccccc35)CCCC4)c(=O)oc2c1,31.0,-1.4913616938342726,0,train,7.508638306165727,-1.6146425395142696,0.12328084567999698,0.12328084567999698
O=C(/C=N/O)NCC1CCN(Cc2ccccc2)CC1,3178000.0,-6.502153892871361,0,train,2.4978461071286393,-6.378987691820393,-0.12316620105096732,0.12316620105096732
O=c1oc2ccccc2cc1-c1csc(N=NCc2ccc(Cl)cc2)n1,1620.0,-3.2095150145426308,0,train,5.790484985457369,-3.3324134880555634,0.1228984735129326,0.1228984735129326
COc1ccccc1C(C)NS(N)(=O)=O,0.038,1.4202164033831899,0,train,10.42021640338319,1.2983483729165968,0.12186803046659334,0.12186803046659334
O=C1C(=O)c2ccc([N+](=O)[O-])c3c([N+](=O)[O-])ccc1c23,903.0,-2.9556877503135057,0,train,6.044312249686494,-2.8341297019448124,-0.12155804836869333,0.12155804836869333
CCN(CC)C(C)c1ccc(OC2Cc3cc(OC)c(OC)cc3C2=O)cc1,1330.0,-3.123851640967086,0,train,5.876148359032914,-3.00394809865028,-0.119903542316806,0.119903542316806
CC1(C)C=Cc2c(ccc(C(=O)C=Cc3ccc(O)cc3)c2O)O1,7390.0,-3.8686444383948255,0,train,5.131355561605174,-3.7497202055631584,-0.11892423283166709,0.11892423283166709
CCN(CCC(=O)N1CCN(CCNc2c3c(nc4ccccc24)CCCC3)CC1)C1CCCCC1,2.54,-0.40483371661993806,0,train,8.595166283380062,-0.5229630587521429,0.11812934213220488,0.11812934213220488
NC(=O)c1cc[n+](CCCC[n+]2cc(Cl)c(C=NO)c(Cl)c2)cc1,12000.0,-4.079181246047625,0,train,4.920818753952375,-4.194707805793574,0.11552655974594916,0.11552655974594916
CN[C@@H](Cc1ccccc1)C(=O)NCC(=O)Nc1c2c(nc3ccccc13)CCCC2,6320.0,-3.800717078282385,0,train,5.199282921717614,-3.685201745284216,-0.1155153329981693,0.1155153329981693
COc1cc([C@@H]2CC(=O)c3c(cc(O)c(C/C=C(\C)CCC=C(C)C)c3O)O2)ccc1O,149500.0,-5.174641192660449,0,train,3.8253588073395512,-5.061044228384801,-0.11359696427564803,0.11359696427564803
CCN(CC)CCNC(=O)N1c2ccccc2Sc2ccccc21,16300.0,-4.212187604403958,0,train,4.787812395596042,-4.099372067954577,-0.11281553644938125,0.11281553644938125
Clc1ccc(CNCCCCCCCCNc2ccnc3cc(Cl)ccc23)c(Cl)c1,36.0,-1.5563025007672873,0,train,7.443697499232712,-1.6689961241062925,0.11269362333900523,0.11269362333900523
Fc1cc(Br)ccc1CNCCCCCCCCNc1ccnc2cc(Cl)ccc12,110.0,-2.041392685158225,0,train,6.958607314841775,-1.9303645469573487,-0.1110281382008762,0.1110281382008762
COc1ccc([C@@H]2CC(c3c4ccccc4cc4ccccc34)N=N2)cc1,25.0,-1.3979400086720377,0,train,7.6020599913279625,-1.506945878862506,0.10900587019046859,0.10900587019046859
COc1cc(O)c(C2CC(=O)c3c(O)cc(O)cc3O2)cc1C/C=C(\C)CCC=C(C)C,3100.0,-3.4913616938342726,0,train,5.508638306165727,-3.600317468947671,0.10895577511339827,0.10895577511339827
O=c1c(O)c(-c2ccc(O)cc2)oc2cc(O)cc(O)c12,92800.0,-4.967547976218862,0,train,4.032452023781138,-4.85990412890073,-0.10764384731813159,0.10764384731813159
O=C(/C=N/O)c1ccnc(OCC2CCN(Cc3ccccc3)CC2)c1,144000.0,-5.158362492095249,0,train,3.8416375079047507,-5.264716126363787,0.10635363426853761,0.10635363426853761
COc1cc2c(cc1OC)C(=O)/C(=C/c1cccc(CN3CCCCC3)c1)C2,71.0,-1.8512583487190752,1,train,7.1487416512809245,-1.9542357234430525,0.10297737472397728,0.10297737472397728
CC(=O)Nc1nc(Cl)c2ncn(C3O[C@H](CC(=O)NCc4ccccc4)[C@H](OC(C)=O)[C@H]3OC(C)=O)c2n1,14780.0,-4.169674434058807,0,train,4.830325565941193,-4.069356904942348,-0.10031752911645953,0.10031752911645953
Clc1cc(Cl)c2c(SCCCCCCNc3c4c(nc5ccccc35)CCCC4)c3c(nc2c1)CCCC3,120.0,-2.0791812460476247,1,train,6.920818753952375,-2.178327014516618,0.09914576846899337,0.09914576846899337
COc1ccc(C(=O)NC2CCN(Cc3c(F)cccc3Cl)CC2)cc1OC,55.0,-1.7403626894942439,0,train,7.259637310505756,-1.6413832243856314,-0.09897946510861266,0.09897946510861266
COc1cc2c(cc1OC)C(=O)C(Oc1ccc(C(C)N3CCN(C)CC3)cc1)C2,228.0,-2.357934847000454,0,train,6.642065152999546,-2.260518046185106,-0.09741680081534776,0.09741680081534776
CN(C)S(=O)(=O)N[C@H]1CCc2cc(O)ccc2C1,1.2,-0.07918124604762482,0,train,8.920818753952375,-0.1764591536912465,0.09727790764362171,0.09727790764362171
CC(C)=CCC/C(C)=C/Cc1cc(C2CC(=O)c3c(O)cc(O)cc3O2)c(O)cc1O,3100.0,-3.4913616938342726,0,train,5.508638306165727,-3.587463409090808,0.09610171525653532,0.09610171525653532
NC(=O)c1cc[n+](CCC[n+]2ccc(C=NO)c(Cl)c2)cc1,42000.0,-4.623249290397901,0,train,4.376750709602099,-4.527668972654411,-0.09558031774349018,0.09558031774349018
N/C(=N\OC(=O)c1cnn(-c2ccc([N+](=O)[O-])cc2)c1C(F)(F)F)c1ccc(C(F)(F)F)cc1,2070.0,-3.315970345456918,0,train,5.684029654543082,-3.223221895384311,-0.09274845007260701,0.09274845007260701
CN1c2ccccc2C(N2CCOCC2)c2ccccc21,4010.0,-3.603144372620182,0,train,5.396855627379818,-3.510505359044134,-0.09263901357604798,0.09263901357604798
COc1ccc2nc3cc(Cl)ccc3c(N)c2c1,49.0,-1.6901960800285136,0,train,7.309803919971486,-1.7820297886409733,0.09183370861245965,0.09183370861245965
COc1ccc(C2CC(c3ccccc3)=NN2c2ccc(S(N)(=O)=O)cc2)cc1OC,38.0,-1.5797835966168101,1,train,7.42021640338319,-1.488312372713816,-0.091471223902994,0.091471223902994
CC(=O)c1ccccc1NC(=O)c1ccc(OCCCC[n+]2ccc3ccccc3c2)cc1,46.0,-1.662757831681574,0,train,7.337242168318426,-1.5727993546647183,-0.08995847701685578,0.08995847701685578
c1ccc(CN2CCC(CCNc3cc4c(nn3)-c3ccccc3CCCC4)CC2)cc1,120.0,-2.0791812460476247,0,train,6.920818753952375,-2.168821732246941,0.08964048619931653,0.08964048619931653
COc1cccc(C2CC(c3cc(F)cc(F)c3)=NN2c2ccc(S(N)(=O)=O)cc2)c1OC,3.3,-0.5185139398778874,0,train,8.481486060122112,-0.606959895907825,0.08844595602993754,0.08844595602993754
O=C1C=CC(=O)C=C1,955.0,-2.9800033715837464,0,train,6.019996628416253,-3.0680140879843294,0.088010716400583,0.088010716400583
CCN(C)Cc1ccc(CC2Cc3cc(OC)c(OC)cc3C2=O)cc1,918.0,-2.9628426812012423,1,train,6.037157318798758,-2.8764969901108914,-0.08634569109035084,0.08634569109035084
Cc1ccc(S(=O)(=O)SCc2ccc(C(F)(F)F)cc2)cc1,148.0,-2.1702617153949575,0,train,6.8297382846050425,-2.255881081732379,0.08561936633742206,0.08561936633742206
c1ccc2c(NCCCCCCCCCSc3c4c(nc5ccccc35)CCCC4)c3c(nc2c1)CCCC3,195.0,-2.290034611362518,1,train,6.709965388637482,-2.2065696509619377,-0.08346496040058016,0.08346496040058016
FC(F)(F)c1ccc(CNC2CCN(Cc3ccccc3)CC2)cc1,100.0,-2.0,0,train,7.0,-1.9178631816478682,-0.08213681835213182,0.08213681835213182
COc1cc2c(cc1OC)C(=O)C(Oc1cccc(C(C)N3CCOCC3)c1)C2,118.0,-2.0718820073061255,0,train,6.928117992693874,-2.1522152846181855,0.08033327731206041,0.08033327731206041
NC(=O)c1cc[n+](CCCC[n+]2ccc(C=NO)c(F)c2)cc1,44000.0,-4.643452676486188,0,train,4.356547323513812,-4.564626249393591,-0.07882642709259713,0.07882642709259713
COc1ccc(C2CC(c3cc(F)cc(F)c3)=NN2c2ccc(S(N)(=O)=O)cc2)cc1OC,3.3,-0.5185139398778874,1,train,8.481486060122112,-0.5967941635224606,0.07828022364457321,0.07828022364457321
COc1cc2c(cc1OC)C(=O)C(Oc1cccc(C(C)N3CCN(C)CC3)c1)C2,78.0,-1.8920946026904804,0,train,7.107905397309519,-1.970355810022836,0.07826120733235564,0.07826120733235564
O=[N+]([O-])c1cccc([C@@H]2CC(c3c4ccccc4cc4ccccc34)N=N2)c1,21.0,-1.3222192947339193,0,train,7.6777807052660805,-1.4003620964572627,0.07814280172334342,0.07814280172334342
Nc1c2c(nc3ccccc13)-c1ccccc1C2,210.0,-2.322219294733919,0,train,6.6777807052660805,-2.2447671154004327,-0.07745217933348636,0.07745217933348636
N[C@@H](Cc1ccccc1)C(=O)NCC(=O)Nc1c2c(nc3ccccc13)CCCC2,1908.0,-3.2805783703680764,0,train,5.719421629631924,-3.2032623718367703,-0.07731599853130611,0.07731599853130611
CCCCNC(=O)OCCCCCOC(=O)NCCCC,250.0,-2.3979400086720375,0,train,6.6020599913279625,-2.474984227118389,0.07704421844635201,0.07704421844635201
CC(C)(C)[Si](C)(C)O[C@H]1C=C2CCN3Cc4cc5c(cc4[C@H]([C@@H]1O)[C@@H]23)OCO5,860.0,-2.934498451243568,0,train,6.065501548756432,-2.8585973090347405,-0.07590114220882738,0.07590114220882738
COc1cc2c(cc1OC)C(=O)C(Oc1ccc(CN3CCOCC3)cc1)C2,514.0,-2.710963118995276,1,train,6.289036881004725,-2.635657055296314,-0.07530606369896198,0.07530606369896198
O=C(NCCc1c[nH]c2ccccc12)c1ccc(OCCCC[n+]2cccc3ccccc32)cc1,124.0,-2.093421685162235,0,train,6.906578314837764,-2.1681331773147603,0.07471149215252515,0.07471149215252515
COc1cc2c(cc1OC)C(=O)C(Oc1ccc(CN3CCN(C)CC3)cc1)C2,69.0,-1.8388490907372552,0,train,7.161150909262744,-1.9134918283770446,0.07464273763978935,0.07464273763978935
C[N+](C)(C)CCOC(=O)Nc1ccnc(Cl)c1,150900.0,-5.17868923977559,0,train,3.82131076022441,-5.104285472334607,-0.07440376744098298,0.07440376744098298
COc1ccccc1CN(C)CCCCCC(=O)N(C)CCCCCCCCN(C)C(=O)CCCCCN(C)Cc1ccccc1OC,104.0,-2.0170333392987803,0,train,6.982966660701219,-2.0896414546872575,0.07260811538847722,0.07260811538847722
COc1ccc(OC)c(C2CC(c3cc(F)cc(F)c3)=NN2c2ccc(S(N)(=O)=O)cc2)c1,3.3,-0.5185139398778874,0,train,8.481486060122112,-0.5904803454817025,0.07196640560381506,0.07196640560381506
CC(=O)O[C@H]1[C@H]2c3cc4c(cc3CN3CCC(=C[C@@H]1O[Si](C)(C)C(C)(C)C)[C@H]23)OCO4,340.0,-2.531478917042255,0,train,6.468521082957745,-2.602539485054596,0.07106056801234129,0.07106056801234129
CC1CCCCN1CCCNC(=O)c1cc(NC(=O)OC(C)(C)C)ccc1O,170.0,-2.230448921378274,0,train,6.769551078621726,-2.1613685258769966,-0.06908039550127754,0.06908039550127754
O=C1C(=O)N(Cc2ccc(Cc3ccc(CN4C(=O)C(=O)c5ccccc54)cc3)cc2)c2ccccc21,3280.0,-3.515873843711679,0,train,5.484126156288321,-3.584741003220587,0.06886715950890787,0.06886715950890787
CC(C)(C)OC(=O)N[C@@H](CCC(=O)NCCNc1c2c(nc3ccccc13)CCCC2)C(=O)NCCNc1c2c(nc3ccccc13)CCCC2,15.4,-1.187520720836463,0,train,7.8124792791635365,-1.2561495224927626,0.06862880165629948,0.06862880165629948
CC(C)(C)OC(=O)N[C@@H](Cc1c[nH]c2ccccc12)C(=O)NCCC(=O)Nc1c2c(nc3ccccc13)CCCC2,7970.0,-3.9014583213961123,1,train,5.098541678603888,-3.8334599934161417,-0.06799832797997007,0.06799832797997007
FC(F)(F)c1ccc2c(NCCCCCCCCNc3ccc(Cl)cc3)ccnc2c1,70.0,-1.845098040014257,0,train,7.154901959985743,-1.7803916678344551,-0.0647063721798018,0.0647063721798018
O=C(NCCCCCCCNc1c2c(nc3ccccc13)CCCC2)c1cc2cc(OC(F)(F)F)ccc2oc1=O,78.0,-1.8920946026904804,0,train,7.107905397309519,-1.8283817841978989,-0.06371281849258148,0.06371281849258148
O=C(/C=N/O)c1cccc(OCC2CCN(Cc3ccccc3)CC2)n1,199100.0,-5.29907126002741,0,train,3.70092873997259,-5.360351224275965,0.06127996424855553,0.06127996424855553
O=c1c(O)c(-c2ccc(O)c(O)c2)oc2cc(O)cc(O)c12,38300.0,-4.583198773968623,0,train,4.416801226031377,-4.641751074585379,0.05855230061675609,0.05855230061675609
Cc1ccc(S(=O)(=O)SCc2ccc(C#N)cc2)cc1,166.0,-2.220108088040055,0,train,6.779891911959945,-2.27753792008704,0.05742983204698504,0.05742983204698504
CN[C@@H](Cc1c[nH]c2ccccc12)C(=O)NCC(=O)Nc1c2c(nc3ccccc13)CCCC2,3330.0,-3.5224442335063197,1,train,5.47755576649368,-3.4655321435055995,-0.05691209000072073,0.05691209000072073
NS(=O)(=O)c1ccc(C(=O)n2[nH]c(=O)c3ccc(C(=O)O)cc3c2=O)cc1,61.0,-1.7853298350107671,0,train,7.214670164989233,-1.7285210781181595,-0.05680875689260767,0.05680875689260767
CC(C)=CCc1c(-c2ccc(O)cc2O)oc2c3c(cc(O)c2c1=O)OC(C)(C)C=C3,3100.0,-3.4913616938342726,0,train,5.508638306165727,-3.5472300660121077,0.055868372177835024,0.055868372177835024
O=C1SCc2cccc([N+](=O)[O-])c21,11800.0,-4.071882007306125,0,train,4.928117992693875,-4.016081314800554,-0.05580069250557074,0.05580069250557074
COc1ccc(/C=N/NC(=O)CN2CCC(Cc3ccccc3)CC2)cc1,19500.0,-4.290034611362518,0,train,4.709965388637482,-4.3447857099825065,0.05475109861998817,0.05475109861998817
CC(=O)c1ccccc1NC(=O)c1ccc(OCCCCC[n+]2ccccc2)cc1,81.0,-1.9084850188786497,0,train,7.0915149811213505,-1.8540779274103971,-0.0544070914682524,0.0544070914682524
CCN(CC)C(C)c1cccc(OC2Cc3cc(OC)c(OC)cc3C2=O)c1,865.0,-2.9370161074648142,1,train,6.062983892535186,-2.882901759955489,-0.05411434750932509,0.05411434750932509
Nc1ccc2oc(C(=O)NCCC3CCN(Cc4ccccc4)CC3)cc(=O)c2c1,62.0,-1.792391689498254,0,train,7.207608310501746,-1.7387033286058795,-0.05368836089237439,0.05368836089237439
O=C(NCCCCCNc1c2c(nc3ccccc13)CCCC2)c1cc2cc(OC(F)(F)F)ccc2oc1=O,76.0,-1.8808135922807914,0,train,7.119186407719209,-1.8283817841978989,-0.05243180808289272,0.05243180808289272
COc1cc2oc(C(=O)NCCCC3CCN(Cc4ccccc4)CC3)cc(=O)c2cc1OC,21.0,-1.3222192947339193,0,train,7.6777807052660805,-1.3741236286644218,0.05190433393050253,0.05190433393050253
O=C(NCCCCCCNc1c2c(nc3ccccc13)CCCC2)c1cc2cc(OC(F)(F)F)ccc2oc1=O,60.0,-1.7781512503836436,0,train,7.221848749616356,-1.8283817841978989,0.05023053381425524,0.05023053381425524
COc1ccc2c(c1)CCC(NS(=O)(=O)N(C)C)C2,1.1,-0.04139268515822507,0,train,8.958607314841775,-0.09078621843259334,0.04939353327436834,0.04939353327436834
O=C(NCCCCCCCNc1c2c(nc3ccccc13)CCCC2)c1cc2ccccc2oc1=O,42.0,-1.6232492903979006,0,train,7.376750709602099,-1.5743168584632528,-0.0489324319346478,0.0489324319346478
COc1ccc(C2CC(c3ccccc3)=NN2c2ccc(S(N)(=O)=O)cc2)c(OC)c1,38.0,-1.5797835966168101,1,train,7.42021640338319,-1.5313445861362578,-0.0484390104805521,0.0484390104805521
O=C(NCCC1CCN(Cc2ccccc2)CC1)c1cc(=O)c2ccccc2o1,57.0,-1.7558748556724915,0,train,7.2441251443275085,-1.804090563819619,0.04821570814712728,0.04821570814712728
O=C(CNC(=O)[C@@H]1Cc2ccccc2CN1)Nc1c2c(nc3ccccc13)CCCC2,4130.0,-3.615950051656401,0,train,5.384049948343598,-3.6641355604039245,0.048185508747523365,0.048185508747523365
COc1cc2c(cc1OC)C(=O)C(Cc1cccc(CN(C)C)c1)C2,525.0,-2.720159303405957,1,train,6.279840696594043,-2.6721270634345604,-0.048032239971396606,0.048032239971396606
CCOc1ccc(Cc2nc3cc(C(=O)NCCSSCCNc4c5c(nc6ccccc46)CCCC5)ccc3n2CCC(C)C)cc1,22.5,-1.3521825181113625,0,train,7.647817481888637,-1.3049415196993754,-0.047240998411987034,0.047240998411987034
C/C=C1\C2C=C(C)CC1(N)CC(NCCCCCCCNc1c3c(nc4ccccc14)CCCC3)C2(C)C,16.5,-1.2174839442139063,0,train,7.782516055786093,-1.2644290959608468,0.04694515174694036,0.04694515174694036
O/N=C/c1ccc(OCC2CCN(Cc3ccccc3)CC2)nc1,266000.0,-5.424881636631067,0,train,3.575118363368933,-5.4715854545185785,0.046703817887511434,0.046703817887511434
Cc1ccc2oc(=O)c(C(=O)NCCCCCCNc3c4c(nc5ccccc35)CCCC4)cc2c1,30.0,-1.4771212547196624,0,train,7.522878745280337,-1.5232323488162822,0.04611109409661984,0.04611109409661984
COc1cc(C(=O)c2ccccc2)c(OC)cc1Br,5.28,-0.7226339225338123,0,train,8.277366077466187,-0.6769917774410854,-0.045642145092726905,0.045642145092726905
O=c1oc2ccccc2cc1-c1csc(N=NCc2ccc(Br)cc2)n1,2470.0,-3.392696953259666,0,train,5.607303046740334,-3.4374291016856007,0.04473214842593487,0.04473214842593487
CC(C)(O)CCc1c(-c2ccc(O)cc2O)oc2c3c(cc(O)c2c1=O)OC(C)(C)C=C3,3100.0,-3.4913616938342726,0,train,5.508638306165727,-3.447025446497184,-0.04433624733708852,0.04433624733708852
C[N+](C)(C)CCOC(=O)Nc1ccncc1,159000.0,-5.201397124320452,0,train,3.7986028756795482,-5.157882541307838,-0.04351458301261335,0.04351458301261335
O=C(c1ccc(O)c(O)c1)c1ccc(O)cc1Br,4.06,-0.608526033577194,0,train,8.391473966422806,-0.6514467832182825,0.042920749641088496,0.042920749641088496
O=C(NCCCCCNc1c2c(nc3ccccc13)CCCC2)c1cc2ccccc2oc1=O,34.0,-1.5314789170422551,0,train,7.468521082957745,-1.5743168584632528,0.042837941420997616,0.042837941420997616
CCCC[C@@H](O)/C=C/C=C/C(=O)O,1170.0,-3.0681858617461617,0,train,5.931814138253838,-3.1106703202293535,0.04248445848319182,0.04248445848319182
COc1ccc(CSS(=O)(=O)c2ccc(C)cc2)cc1,219.0,-2.3404441148401185,0,train,6.6595558851598815,-2.298934552372941,-0.0415095624671773,0.0415095624671773
O=C(CC[C@H](NC(=O)CNC(=O)OCc1ccccc1)C(=O)N[C@@H](Cc1ccccc1)C(=O)OCc1ccccc1)NCC(=O)Nc1cccc2c(NCCCCCCCCNc3c4c(nc5ccccc35)CCCC4)c3c(nc12)CCCC3,1.9,-0.2787536009528289,0,train,8.721246399047171,-0.23818573103534782,-0.0405678699174811,0.0405678699174811
O=C(NCCCCCNc1c2c(nc3ccccc13)CCCC2)[C@@H]1CCCN1CCNc1c2c(nc3ccccc13)CCCC2,6.75,-0.829303772831025,0,train,8.170696227168975,-0.8695822930829958,0.04027852025197087,0.04027852025197087
COc1cc2c(cc1OC)C(=O)C(Oc1cccc(C(C)N3CCCC3)c1)C2,138.0,-2.1398790864012365,0,train,6.860120913598763,-2.1801393502854385,0.04026026388420201,0.04026026388420201
COc1cc2c(cc1OC)C(=O)C(Oc1ccc(CN3CCCC3)cc1)C2,257.0,-2.4099331233312946,1,train,6.590066876668706,-2.449879968264197,0.03994684493290235,0.03994684493290235
COc1cc2c(cc1OC)C(=O)C(Oc1cccc(CN3CCCC3)c1)C2,505.0,-2.7032913781186614,1,train,6.296708621881338,-2.6634483565971236,-0.039843021521537736,0.039843021521537736
CN(C)S(=O)(=O)NC1CCc2c(O)cccc2C1,1.3,-0.11394335230683678,0,train,8.886056647693163,-0.07444499757426586,-0.03949835473257085,0.03949835473257085
COc1cc2c(cc1OC)C(=O)C(Oc1ccc(C(C)N3CCOCC3)cc1)C2,217.0,-2.3364597338485296,0,train,6.66354026615147,-2.374629607661424,0.038169873812894384,0.038169873812894384
O=C1/C(=C/C2CCN(Cc3ccccc3)CC2)Cc2cc(O)ccc21,1980.0,-3.296665190261531,0,train,5.703334809738469,-3.2588654831073827,-0.037799707154148265,0.037799707154148265
COc1cc2c(cc1OC)C(=O)C(Oc1cccc(C(C)N(C)C)c1)C2,400.0,-2.6020599913279625,0,train,6.3979400086720375,-2.639622472081433,0.037562480753470684,0.037562480753470684
Clc1ccc([C@@H]2CC(c3c4ccccc4cc4ccccc34)N=N2)cc1,30.0,-1.4771212547196624,0,train,7.522878745280337,-1.5145831917327217,0.03746193701305933,0.03746193701305933
COc1cc2[nH]c(C(=O)NCCC3CCN(Cc4ccccc4)CC3)cc(=O)c2cc1OC,60.0,-1.7781512503836436,0,train,7.221848749616356,-1.8152847603927438,0.037133510009100146,0.037133510009100146
Clc1ccc2c(NCCCCCCCCNC34CC5CC(CC(C5)C3)C4)ccnc2c1,75.0,-1.8750612633917,1,train,7.1249387366083,-1.9105628706613649,0.03550160726966478,0.03550160726966478
O=C(O[C@H]1[C@H]2c3cc4c(cc3CN3CCC(=C[C@@H]1O)[C@H]23)OCO4)c1ccccc1,540.0,-2.7323937598229686,0,train,6.267606240177031,-2.6971159099526996,-0.03527784987026905,0.03527784987026905
CCN(C)Cc1cccc(/C=C2\Cc3cc(OC)c(OC)cc3C2=O)c1,236.0,-2.3729120029701067,1,train,6.627087997029893,-2.407284865109446,0.03437286213933932,0.03437286213933932
Cc1ccc(S(=O)(=O)SCc2ccc([N+](=O)[O-])cc2)cc1,251.0,-2.399673721481038,0,train,6.600326278518962,-2.3653803213622897,-0.03429340011874826,0.03429340011874826
CCN(CCCNc1c2c(nc3ccccc13)CCCC2)CCCNc1c2c(nc3ccccc13)CCCC2,2.8,-0.4471580313422192,1,train,8.55284196865778,-0.48114449528069864,0.03398646393847943,0.03398646393847943
Cc1ccc2oc(=O)c(C(=O)NCCCCCNc3c4c(nc5ccccc35)CCCC4)cc2c1,36.0,-1.5563025007672873,0,train,7.443697499232712,-1.5232323488162822,-0.033070151951005045,0.033070151951005045
COc1ccc(C(=O)c2cc(OC)c(Br)cc2OC)cc1,3.77,-0.5763413502057928,0,train,8.423658649794207,-0.6085209195266242,0.032179569320831436,0.032179569320831436
CC(C)(C)[Si](C)(C)O[C@H]1C=C2CCN3Cc4cc5c(cc4[C@H]([C@@H]1OC(=O)c1ccccc1)[C@@H]23)OCO5,390.0,-2.591064607026499,0,train,6.4089353929735005,-2.6226240617214067,0.03155945469490762,0.03155945469490762
COc1cc2c(cc1OC)C(=O)C(Oc1ccc(C(C)N(C)C)cc1)C2,543.0,-2.734799829588847,0,train,6.265200170411153,-2.703340363668117,-0.031459465920730345,0.031459465920730345
O=c1oc2ccccc2cc1-c1csc(N=NCc2cccc(Cl)c2)n1,3090.0,-3.4899584794248346,0,train,5.510041520575165,-3.519981136375479,0.030022656950644322,0.030022656950644322
NC(=O)c1cc[n+](CC=CC[n+]2ccc(C=NO)c(Cl)c2)cc1,24000.0,-4.380211241711606,0,train,4.619788758288394,-4.4093425842129506,0.029131342501344193,0.029131342501344193
COc1ccc2cc(C(=O)NCCCCCNc3c4c(nc5ccccc35)CCCC4)c(=O)oc2c1,44.0,-1.6434526764861874,0,train,7.356547323513812,-1.6146425395142696,-0.02881013697191781,0.02881013697191781
c1ccc2c(CCCCCCCCNc3c4c(nc5ccccc35)CCCC4)c3c(nc2c1)CCCC3,30.0,-1.4771212547196624,1,train,7.522878745280337,-1.4497083459607085,-0.027412908758953858,0.027412908758953858
COc1ccc([C@@H]2CC(=O)c3c(cc(O)c(C/C=C(\C)CCC=C(C)C)c3O)O2)cc1O,94500.0,-4.975431808509263,0,train,4.024568191490737,-4.948089178768964,-0.027342629740298996,0.027342629740298996
COc1cc2c(cc1OC)C(=O)/C(=C/c1cccc(CN3CCCC3)c1)C2,127.0,-2.103803720955957,0,train,6.896196279044043,-2.0788387474186063,-0.0249649735373505,0.0249649735373505
CCOc1ccc2nc3cc(N)ccc3c(N)c2c1,490.0,-2.690196080028514,0,train,6.309803919971486,-2.66665628141907,-0.023539798609443885,0.023539798609443885
CCCCNC(=O)OCCCCCCCCO,360.0,-2.5563025007672873,0,train,6.443697499232712,-2.579673237210118,0.023370736442830164,0.023370736442830164
COc1ccc([C@H]2Oc3cc(O)c(C/C=C(\C)CCC=C(C)C)c(O)c3C(=O)[C@@H]2O)cc1O,34300.0,-4.535294120042771,0,train,4.464705879957229,-4.557262963478544,0.02196884343577299,0.02196884343577299
Cc1ccc(S(=O)(=O)SCc2ccc(OC(F)(F)F)cc2)cc1,198.0,-2.296665190261531,0,train,6.703334809738469,-2.3175199671420392,0.020854776880508297,0.020854776880508297
O=C1C(=O)c2cc([N+](=O)[O-])ccc2-c2ccccc21,850.0,-2.929418925714293,0,train,6.070581074285707,-2.949355067107255,0.01993614139296218,0.01993614139296218
C/C=C1\C2C=C(C)CC1(N)CC(NCCCCCCCNc1c3c(nc4ccccc14)CCCC3)C2,15.7,-1.1958996524092338,0,train,7.804100347590766,-1.1767017807871656,-0.019197871622068208,0.019197871622068208
COc1ccc(C2CC(c3ccc(Br)cc3)=NN2c2ccc(S(N)(=O)=O)cc2)c(OC)c1,38.0,-1.5797835966168101,1,train,7.42021640338319,-1.5608022021565524,-0.018981394460257484,0.018981394460257484
CCN(C)Cc1cccc(CC2Cc3cc(OC)c(OC)cc3C2=O)c1,507.0,-2.705007959333336,1,train,6.2949920406666635,-2.7231031398570353,0.018095180523699295,0.018095180523699295
COc1ccc(C2CC(c3ccc(Cl)cc3)=NN2c2ccc(S(N)(=O)=O)cc2)c(OC)c1,38.0,-1.5797835966168101,1,train,7.42021640338319,-1.5623154727501205,-0.01746812386668939,0.01746812386668939
COc1cc2c(cc1OC)C(c1ccccc1)N(CCCNC(=O)/C=N/O)CC2,595100.0,-5.774589950264795,0,train,3.2254100497352054,-5.7572612782685,-0.017328671996294176,0.017328671996294176
Cc1cc(CCNc2c3c(nc4ccccc24)CCCC3)cc(CCNc2c3c(nc4ccccc24)CCCC3)c1,7.45,-0.8721562727482928,0,train,8.127843727251708,-0.855281575086619,-0.01687469766167382,0.01687469766167382
CNC(=O)N1c2ccccc2Sc2ccccc21,9360.0,-3.971275848738105,1,train,5.028724151261895,-3.9546097984515978,-0.01666605028650725,0.01666605028650725
CC(C)(C)OC(=O)Nc1ccc(O)c(C(=O)NCCCN2CCCCC2)c1,120.0,-2.0791812460476247,0,train,6.920818753952375,-2.094745324876068,0.01556407882844324,0.01556407882844324
NC(=O)c1cc[n+](CC=CC[n+]2cc(Cl)c(C=NO)c(Cl)c2)cc1,22000.0,-4.342422680822207,0,train,4.657577319177793,-4.327040496173107,-0.01538218464909935,0.01538218464909935
NC(=O)c1cc[n+](CCC[n+]2cc(Cl)c(C=NO)c(Cl)c2)cc1,21000.0,-4.3222192947339195,0,train,4.6777807052660805,-4.307045967668176,-0.015173327065744147,0.015173327065744147
COc1ccc2c(c1)C[C@@H](NC(=O)N(C)C)CC2,1.1,-0.04139268515822507,0,train,8.958607314841775,-0.028036117772773535,-0.013356567385451466,0.013356567385451466
COc1cc2c(cc1OC)C(=O)C(Oc1cccc(CN3CCCCC3)c1)C2,266.0,-2.424881636631067,1,train,6.575118363368933,-2.437846061714913,0.012964425083846098,0.012964425083846098
CN1c2ccccc2C(n2cncn2)c2ccccc21,3340.0,-3.5237464668115646,0,train,5.476253533188435,-3.51112560671296,-0.012620860098604858,0.012620860098604858
O=c1c(O)c(-c2cc(O)c(O)c(O)c2)oc2cc(O)cc(O)c12,37800.0,-4.577491799837225,0,train,4.422508200162775,-4.5889755154994685,0.011483715662243377,0.011483715662243377
O=C(Nc1ccccc1)OC1CN2CCC1CC2,1000.0,-3.0,0,train,6.0,-3.011142623249282,0.011142623249281947,0.011142623249281947
NC(=O)c1cc[n+](CCC[n+]2ccc(C=NO)c(F)c2)cc1,35000.0,-4.544068044350276,0,train,4.455931955649724,-4.55465322931147,0.01058518496119465,0.01058518496119465
c1ccc([C@@H]2CC(c3c4ccccc4cc4ccccc34)N=N2)cc1,30.0,-1.4771212547196624,0,train,7.522878745280337,-1.4665373417572483,-0.010583912962414121,0.010583912962414121
COc1c(O)cc(C2Oc3cc(O)c(C/C=C(\C)CCC=C(C)C)c(O)c3C(=O)[C@@H]2O)cc1O,16900.0,-4.227886704613674,0,train,4.772113295386326,-4.238396785626363,0.010510081012689021,0.010510081012689021
COc1cc2oc(C(=O)OCCC3CCN(Cc4ccccc4)CC3)cc(=O)c2cc1OC,11.0,-1.041392685158225,0,train,7.958607314841775,-1.0318160853424296,-0.009576599815795284,0.009576599815795284
Oc1ccccc1[C@@H]1CC(c2c3ccccc3cc3ccccc23)N=N1,24.0,-1.380211241711606,0,train,7.619788758288394,-1.3713980912325352,-0.00881315047907072,0.00881315047907072
COc1cc2c(cc1OC)C(=O)/C(=C/c1ccc(CN3CCCC3)cc1)C2,198.0,-2.296665190261531,0,train,6.703334809738469,-2.2897559970454875,-0.006909193216043441,0.006909193216043441
CC(=O)Nc1nc(Cl)c2c(ncn2C2O[C@H](C(=O)NCc3ccccc3)[C@@H](OC(C)=O)[C@@H](OC(C)=O)[C@H]2OC(C)=O)n1,18720.0,-4.272305844402086,0,train,4.727694155597914,-4.2681154241435815,-0.004190420258504801,0.004190420258504801
C=CCN(CCCNc1c2c(nc3ccccc13)CCCC2)CCCNc1c2c(nc3ccccc13)CCCC2,1.6,-0.20411998265592482,1,train,8.795880017344075,-0.20164813083515187,-0.002471851820772919,0.002471851820772919
CCN(CC)Cc1cccc(/C=C2\Cc3cc(OC)c(OC)cc3C2=O)c1,237.0,-2.374748346010104,1,train,6.625251653989896,-2.37288658818718,-0.0018617578229238596,0.0018617578229238596
COc1ccc(C(=O)c2cc(Br)c(OC)cc2OC)cc1,3.65,-0.5622928644564746,0,train,8.437707135543526,-0.5640629479097605,0.0017700834532858867,0.0017700834532858867
O=C(/C=N/O)c1ccc(OCC2CCN(Cc3cccc(Cl)c3)CC2)nc1,298300.0,-5.474653253362063,0,train,3.525346746637937,-5.4737048258737095,-0.0009484274883533317,0.0009484274883533317
COc1cccc(OC)c1C(C)NS(=O)(=O)NC(=O)OCc1ccccc1,0.011,1.958607314841775,0,train,10.958607314841775,1.9585220532158152,8.526162595989817e-05,8.526162595989817e-05
