smiles,exp_mean [nM],y,cliff_mol,split,y[exp_mean [nM],Predicted_y,Error,Abs_Error
CC(C)n1nc(-c2ccc3oc(N)nc3c2)c2c(CO)nc(N)nc21,4000.0,-3.6020599913279625,1,test,5.3979400086720375,-1.4683631322603625,-2.1336968590675998,2.1336968590675998
CC(=O)N1CCC(n2c(=O)n(C)c3cnc4ccc(-c5ccnc6ncccc56)nc4c32)CC1,442.0,-2.645422269349092,1,test,6.354577730650908,-0.574349825371164,-2.071072443977928,2.071072443977928
CCNC(=O)Oc1ccc(-c2nc3c(c(N4CCOCC4)n2)CCN(C(=O)c2ccccc2)C3)cc1,1500.0,-3.1760912590556813,1,test,5.823908740944319,-1.3449528641465278,-1.8311383949091535,1.8311383949091535
CC(C)n1nc(-c2ccc3oc(N)nc3c2)c2c(=O)[nH]c(N(C)C)nc21,1700.0,-3.230448921378274,1,test,5.769551078621726,-1.732179181608784,-1.4982697397694902,1.4982697397694902
C[C@@H]1COCCN1c1nc(-c2cnc(N)nc2)nc2c1C[C@@H]1COCCN21,2.5,-0.3979400086720376,1,test,8.602059991327963,-1.6573895832962133,1.2594495746241758,1.2594495746241758
Nc1cc(C(F)F)c(-c2nc(N3C4COCC3C4)nc(N3C4COCC3C4)n2)cn1,551.0,-2.741151598851785,1,test,6.2588484011482155,-1.581660975662434,-1.159490623189351,1.159490623189351
Nc1cnc(-c2nc(C3=CCOCC3)nc(N3CCOCC3)n2)cn1,3089.0,-3.4898179083014504,1,test,5.5101820916985496,-2.3669176179496194,-1.122900290351831,1.122900290351831
CCN(CC)n1c(=O)c(-c2cn[nH]c2)cc2c(C)nc(N)nc21,663.0,-2.821513528404773,0,test,6.178486471595226,-1.7142052734237458,-1.1073082549810274,1.1073082549810274
Cc1nc(N)c2cccc(C(=O)Nc3ccc(N(C)C)nc3)c2n1,1000.0,-3.0,0,test,6.0,-1.973403254263899,-1.026596745736101,1.026596745736101
Cn1c(=O)n([C@H]2CC[C@H](O)CC2)c2c3nc(-c4cnc(N)nc4)ccc3ncc21,0.33,0.4814860601221125,1,test,9.481486060122112,-0.5225596510386705,1.004045711160783,1.004045711160783
Cc1ccc(NC(=O)c2c(C)ccc3c(N)nc(C)nc23)cn1,3250.0,-3.5118833609788744,1,test,5.488116639021126,-2.5432372531184453,-0.9686461078604292,0.9686461078604292
Cc1ccc(-c2nc3c(C)nc(N)nc3n([C@H]3CC[C@H](O)CC3)c2=O)cn1,0.85,0.07058107428570728,1,test,9.070581074285707,-0.8968971383604584,0.9674782126461656,0.9674782126461656
CC(=O)N1CCC(n2c(=O)n(C)c3cnc4ccc(-c5ccc(S(C)(=O)=O)cc5)nc4c32)CC1,35.3,-1.5477747053878226,0,test,7.452225294612178,-0.5978316722320852,-0.9499430331557374,0.9499430331557374
Cc1nc(N)c2cccc(C(=O)Nc3cnc4[nH]ccc4c3)c2n1,5.0,-0.6989700043360189,1,test,8.301029995663981,-1.6166960600767217,0.9177260557407029,0.9177260557407029
O=c1n(CCO)c2cnc3ccc(-c4cc[nH]n4)nc3c2n1C1CCOCC1,661.0,-2.82020145948564,1,test,6.17979854051436,-1.9112238473326946,-0.9089776121529456,0.9089776121529456
CC(=O)N1CCC(n2c(=O)n(C)c3cnc4ccc(-c5ccc(N)nc5)nc4c32)CC1,0.299,0.5243288116755703,1,test,9.52432881167557,-0.3786083410059653,0.9029371526815356,0.9029371526815356
COc1ncc(-c2cc3c(C)nc(N)nc3n(N3CCCC3)c2=O)cc1F,272.0,-2.4345689040341987,0,test,6.565431095965801,-1.5505444257791599,-0.8840244782550388,0.8840244782550388
COCCn1c(=O)n(C)c2cnc3ccc(-c4ccc(OC)nc4)nc3c21,7.13,-0.8530895298518656,1,test,8.146910470148134,-1.6864467279445916,0.833357198092726,0.833357198092726
COC(OC)c1cc(N)ncc1-c1nc2c(c(N3CCOC[C@H]3C)n1)C[C@@H]1COCCN21,300.0,-2.4771212547196626,0,test,6.522878745280337,-1.6575792885964893,-0.8195419661231733,0.8195419661231733
CCNC(=O)Nc1ccc(-c2nc3c(c(N4CCOCC4)n2)COCC3)cc1,25.0,-1.3979400086720377,0,test,7.6020599913279625,-0.6157128868610091,-0.7822271218110284,0.7822271218110284
Nc1cc(C(F)(F)F)c(-c2nc(N3C4CCC3COC4)cc(N3C4CCC3COC4)n2)cn1,435.0,-2.6384892569546374,1,test,6.361510743045363,-1.8693653815252944,-0.7691238754293426,0.7691238754293426
Cc1ccc(-c2ccc3ncc4c(c3n2)n(C2CCN(C)CC2)c(=O)n4C)cn1,40.1,-1.6031443726201824,1,test,7.396855627379818,-0.9402260546791023,-0.6629183179410801,0.6629183179410801
CCNC(=O)Nc1ccc(-c2nc(N3CCOC[C@@H]3C)c3c(n2)C(C)(C)OC3=O)cc1,1.2,-0.07918124604762482,0,test,8.920818753952375,-0.7412954939438978,0.662114247896273,0.662114247896273
CCNC(=O)Nc1ccc(-c2nc(N3CCOCC3)c3c(ncn3C)n2)cc1,150.0,-2.1760912590556813,0,test,6.823908740944319,-1.5220366505353922,-0.6540546085202892,0.6540546085202892
O=C(NCCF)Nc1ccc(-c2nc3c(c(N4CCOCC4)n2)CCN(c2ncccn2)C3)cc1,2.7,-0.43136376415898736,0,test,8.568636235841012,-1.0616215811429057,0.6302578169839184,0.6302578169839184
CN(Cc1cc2nc(-c3cnc(N)nc3)nc(N3CCOCC3)c2s1)S(C)(=O)=O,10.0,-1.0,0,test,8.0,-1.564234176996382,0.5642341769963819,0.5642341769963819
CC(C)C[C@H](C)n1nc(-c2ccc3oc(N)nc3c2F)c2c(N)nc(N)nc21,0.4,0.3979400086720376,0,test,9.397940008672037,-0.14787232960984795,0.5458123382818856,0.5458123382818856
CN(C)c1ccc(-c2ccc3ncc4c(c3n2)n(C2CCN(CCO)CC2)c(=O)n4C)cn1,3.52,-0.5465426634781311,0,test,8.453457336521868,-1.061120426173422,0.5145777626952909,0.5145777626952909
COc1ccc(-c2cc3c(C)nc(N)nc3n(C3CCOC3)c2=O)cn1,150.0,-2.1760912590556813,1,test,6.823908740944319,-1.6756022770867656,-0.5004889819689158,0.5004889819689158
Cc1nc(N)c2cccc(C(=O)Nc3cn[nH]c3)c2n1,21.0,-1.3222192947339193,0,test,7.6777807052660805,-1.7964244331220294,0.47420513838811007,0.47420513838811007
COc1ccc(-c2ccc3ncc4[nH]c(=O)n([C@H]5CC[C@H](OCCO)CC5)c4c3n2)cn1,2.14,-0.33041377334919086,0,test,8.669586226650809,-0.7787100691364556,0.44829629578726476,0.44829629578726476
C[C@H]1COCCN1c1nc(-c2cnc(N)nc2C(F)F)cc(N2CCOCC2)n1,15.3,-1.1846914308175989,1,test,7.815308569182401,-1.632051592323912,0.4473601615063132,0.4473601615063132
CCNC(=O)Nc1ccc(-c2nc3c(c(N4C[C@H]5CC[C@@H](C4)O5)n2)CS(=O)(=O)CC3)cc1,5.0,-0.6989700043360189,0,test,8.301029995663981,-1.1328934481181596,0.43392344378214076,0.43392344378214076
CN(C)CC(=O)N1CCC(n2c(=O)n(C)c3cnc4ccc(-c5ccc(N(C)C)nc5)nc4c32)CC1,7.99,-0.9025467793139914,0,test,8.097453220686008,-0.48717890410314746,-0.41536787521084395,0.41536787521084395
Nc1cc(C(F)(F)F)c(-c2nc(N3CC4CCC(C3)O4)nc(N3CC4CCC(C3)O4)n2)cn1,177.0,-2.247973266361807,1,test,6.752026733638193,-1.8341492594254687,-0.41382400693633814,0.41382400693633814
Nc1cc(C(F)F)c(-c2nc(N3C4CCC3COC4)nc(N3C4CCC3COC4)n2)cn1,10.8,-1.0334237554869496,1,test,7.966576244513051,-1.44720669625623,0.41378294076928035,0.41378294076928035
CC(C)(C)CC(=O)N1CC2(C1)C(=O)N(c1ccc3oc(N)nc3c1)c1c(N)ncnc12,110.0,-2.041392685158225,0,test,6.958607314841775,-1.64729550886734,-0.3940971762908849,0.3940971762908849
CCNC(=O)Nc1ccc(-c2nc3c(c(N4CCOCC4)n2)CN(C(=O)NCC)C3)cc1,5.1,-0.7075701760979364,0,test,8.292429823902063,-1.0898994716125878,0.38232929551465145,0.38232929551465145
CC(C)n1cc(C(=O)c2cncc(N[C@@H]3CNC[C@@H]3c3ccc(F)cc3)n2)c2c(N)ncnc21,1100.0,-3.041392685158225,0,test,5.958607314841775,-3.3967509020987023,0.3553582169404774,0.3553582169404774
Nc1ncc(-c2nc(N3CCOCC3)c3sccc3n2)cn1,42.0,-1.6232492903979006,0,test,7.376750709602099,-1.272689971444989,-0.3505593189529115,0.3505593189529115
C[C@@H]1CN(c2nc(-c3cnc(N)cc3C(F)F)nc(N3CCOC[C@H]3C)n2)C[C@H](C)O1,42.0,-1.6232492903979006,0,test,7.376750709602099,-1.96477593942344,0.34152664902553953,0.34152664902553953
Cn1cc(-c2ccc3ncc4c(c3n2)n(-c2ccc(C(C)(C)C#N)cc2)c(=O)n4C)cn1,40.2,-1.60422605308447,0,test,7.39577394691553,-1.2700115817615951,-0.33421447132287496,0.33421447132287496
CN(C)c1ccc(-c2ccc3ncc4c(c3n2)n(C2CCOCC2)c(=O)n4C)cn1,12.7,-1.1038037209559568,0,test,7.896196279044043,-0.7720762265475004,-0.3317274944084564,0.3317274944084564
COc1ccc(-c2cc3c(C)nc(N)nc3n([C@H]3CC[C@@H](OCO)CC3)c2=O)cn1,12.8,-1.1072099696478683,1,test,7.892790030352131,-1.4355401113347717,0.32833014168690333,0.32833014168690333
CC1(C)OCCc2c1sc1c(N3CCOCC3)nc(-c3cnc(N)nc3)nc21,13.0,-1.1139433523068367,0,test,7.886056647693163,-1.4394701275465827,0.32552677523974594,0.32552677523974594
CCNC(=O)Nc1ccc(-c2nc3c(c(N4CCOC[C@@H]4C)n2)CN(c2ncccn2)CC3)cc1,2.3,-0.36172783601759284,0,test,8.638272163982407,-0.6777586528015382,0.31603081678394546,0.31603081678394546
CC(C)n1nc(-c2ccc3oc(N)nc3c2)c2c(N)nc(N)nc21,4.0,-0.6020599913279624,1,test,8.397940008672037,-0.2882989799262351,-0.3137610114017273,0.3137610114017273
COC1(c2sc3c(N4CCOCC4)nc(-c4cnc(N)nc4)nc3c2C)COC1,9.0,-0.9542425094393249,0,test,8.045757490560675,-1.2646273719776162,0.31038486253829145,0.31038486253829145
CCNC(=O)Nc1ccc(-c2nc(N3CCOC[C@@H]3C)c3c(n2)nc(C(C)(C)O)n3C)cc1,30.0,-1.4771212547196624,1,test,7.522878745280337,-1.1770070251494575,-0.30011422957020484,0.30011422957020484
CCNC(=O)Nc1ccc(-c2nc3c(c(N4CCOC[C@@H]4C)n2)CCN(c2nccn2C)C3)cc1,1.4,-0.146128035678238,0,test,8.853871964321762,-0.4348538274474697,0.2887257917692317,0.2887257917692317
CC(=O)N1CCC(n2c(=O)n(C)c3cnc4ccc(-c5cnn(C)c5)nc4c32)CC1,7.81,-0.8926510338773003,1,test,8.1073489661227,-1.177304569169721,0.28465353529242077,0.28465353529242077
CCOC(=O)N1CCC(n2c(=O)n(C)c3cnc4ccc(-c5cnc6ccccc6c5)nc4c32)CC1,4.3,-0.6334684555795865,1,test,8.366531544420413,-0.9098378415758477,0.27636938599626115,0.27636938599626115
COC(=O)N1CCC(n2c(=O)n(C)c3cnc4ccc(-c5cnc6ccccc6c5)nc4c32)CC1,12.4,-1.0934216851622351,1,test,7.906578314837764,-0.8497588892326198,-0.24366279592961537,0.24366279592961537
CCNC(=O)Nc1ccc(-c2nc3c(c(N4CCOC[C@@H]4C)n2)[C@H]2CC[C@@H](C3)N2C(C)=O)cc1,7.5,-0.8750612633917001,0,test,8.1249387366083,-0.6483559688371279,-0.22670529455457222,0.22670529455457222
COc1ccc(-c2ccc3ncc4c(c3n2)n(C2CCN(CC(N)=O)CC2)c(=O)n4C)cn1,3.32,-0.5211380837040362,0,test,8.478861916295964,-0.7424164672078022,0.22127838350376594,0.22127838350376594
COc1ncc(-c2ccc3ncc4c(c3n2)n(C2CCN(C(=O)CN(C)C)CC2)c(=O)n4C)cn1,8.96,-0.9523080096621253,1,test,8.047691990337874,-0.7476478073951472,-0.204660202266978,0.204660202266978
CCNC(=O)Nc1ccc(-c2nc3c(c(N4CCOC[C@@H]4C)n2)CCN(c2cnccn2)C3)cc1,1.7,-0.2304489213782739,0,test,8.769551078621726,-0.4135666189059243,0.18311769752765036,0.18311769752765036
CNC(=O)N1CCC(n2c(=O)n(C)c3cnc4ccc(-c5ccc(N(C)C)nc5)nc4c32)CC1,3.01,-0.47856649559384334,1,test,8.521433504406156,-0.29956946187743655,-0.17899703371640674,0.17899703371640674
C[C@H](O)C(=O)N1CCC(n2c(=O)n(C)c3cnc4ccc(-c5ccnc6[nH]ncc56)nc4c32)CC1,1.69,-0.22788670461367352,0,test,8.772113295386326,-0.39492107896433626,0.16703437435066276,0.16703437435066276
CCNC(=O)Nc1ccc(-c2nc3c(c(N4CCOC[C@@H]4CC)n2)CCN(c2ncccn2)C3)cc1,1.3,-0.11394335230683679,0,test,8.886056647693163,-0.2773276520622653,0.16338429975542856,0.16338429975542856
CCNC(=O)Nc1ccc(-c2nc3c(c(N4CCOCC4)n2)COC3)cc1,6.0,-0.7781512503836436,1,test,8.221848749616356,-0.6199647495219961,-0.15818650086164754,0.15818650086164754
CCN1CCC(n2c(=O)n(C)c3cnc4ccc(-c5cnc6ccccc6c5)nc4c32)CC1,8.11,-0.909020854211156,0,test,8.090979145788843,-1.0617123217226705,0.15269146751151452,0.15269146751151452
Cn1c(=O)n(C2CCN(C(=O)C(C)(C)O)CC2)c2c3nc(-c4cnc5ccccc5c4)ccc3ncc21,7.21,-0.857935264719429,1,test,8.14206473528057,-1.006815802444554,0.14888053772512488,0.14888053772512488
Nc1cc(C(F)(F)F)c(-c2nc(C3CCOCC3)nc(N3CCOCC3)n2)cn1,148.0,-2.1702617153949575,1,test,6.8297382846050425,-2.0304800911236613,-0.1397816242712957,0.1397816242712957
Cc1nc(N)nc2c1cc(-c1cnn(C)c1)c(=O)n2[C@H]1CC[C@@H](OCC(N)=O)CC1,92.6,-1.9666109866819343,1,test,7.033389013318065,-2.1046066201164524,0.13799563343451804,0.13799563343451804
Nc1cc(CF)c(-c2nc(N3CCOCC3)nc(N3CCOCC3)n2)cn1,54.3,-1.734799829588847,0,test,7.265200170411153,-1.8727515850615495,0.13795175547270255,0.13795175547270255
CCNC(=O)Nc1ccc(-c2nc3c(c(N4CCOCC4)n2)CCN(c2ncccn2)C3)cc1,5.5,-0.7403626894942439,0,test,8.259637310505756,-0.8760977969254787,0.13573510743123485,0.13573510743123485
CC1(Cn2nc(-c3ccc4oc(N)nc4c3)c3c(N)nc(N)nc32)CCC1,0.58,0.23657200643706275,0,test,9.236572006437063,0.10166230197296132,0.1349097044641014,0.1349097044641014
CC1(C)CN(c2ccc3oc(N)nc3c2)c2c(N)ncnc21,37.8,-1.5774917998372253,0,test,7.422508200162775,-1.446228806843336,-0.1312629929938891,0.1312629929938891
COc1ncc(-c2ccc3ncc4c(c3n2)n(C2CCOCC2)c(=O)n4C)cn1,6.42,-0.8075350280688532,1,test,8.192464971931146,-0.9377378001266601,0.13020277205780684,0.13020277205780684
CCNC(=O)Nc1ccc(-c2nc(N3CCOC[C@@H]3C)c3c(cnn3C)n2)cc1,8.0,-0.9030899869919435,0,test,8.096910013008056,-0.7733030782075483,-0.12978690878439536,0.12978690878439536
COc1ccc(-c2ccc3ncc4c(c3n2)n(CCN2CCOCC2)c(=O)n4C)cn1,27.8,-1.4440447959180762,1,test,7.555955204081924,-1.572967777270386,0.12892298135230984,0.12892298135230984
Cc1c(CN2CCN(C(=O)[C@H](C)O)CC2)sc2c(N3CCOCC3)nc(-c3cnc(N)nc3)nc12,17.0,-1.2304489213782739,0,test,7.769551078621726,-1.1052240814844583,-0.12522483989381583,0.12522483989381583
Nc1cc(C(F)F)c(-c2nc(N3CCOCC3)cc(N3CCOCC3)n2)cn1,42.0,-1.6232492903979006,1,test,7.376750709602099,-1.5024246249471553,-0.12082466545074522,0.12082466545074522
Nc1ncc(-c2nc(C3=CCOCC3)nc(N3CCOCC3)n2)cc1C(F)(F)F,411.0,-2.6138418218760693,0,test,6.386158178123931,-2.494935273594134,-0.11890654828193536,0.11890654828193536
C[C@H](CO)n1c(=O)n(C)c2cnc3ccc(-c4cnc(N)nc4)nc3c21,6.99,-0.8444771757456814,0,test,8.15552282425432,-0.9579637042248885,0.11348652847920715,0.11348652847920715
CNC(=O)Nc1ccc(-c2ccc3ncc4c(c3n2)n(C2CCN(C(=O)CO)CC2)c(=O)n4C)cc1,2.03,-0.3074960379132129,0,test,8.692503962086787,-0.41749560628729543,0.10999956837408253,0.10999956837408253
CCC(C)(C)Cn1nc(-c2ccc3oc(N)nc3c2F)c2c(N)nc(N)nc21,0.8,0.09691001300805639,0,test,9.096910013008056,0.19504000869551064,-0.09812999568745434,0.09812999568745434
Nc1cc(C(F)(F)F)c(-c2cc(N3CCOCC3)nc(N3CCOCC3)n2)cn1,199.0,-2.298853076409707,1,test,6.701146923590294,-2.2076228325680525,-0.09123024384165435,0.09123024384165435
Nc1ncc(-c2nc(C3CCOCC3)nc(N3CCOCC3)n2)c(C(F)(F)F)n1,329.0,-2.5171958979499744,0,test,6.482804102050025,-2.428171337189288,-0.08902456076068654,0.08902456076068654
Cc1cc(C(=O)Nc2ccc(C)nc2)c2nc(C)nc(N)c2c1,66.0,-1.8195439355418688,0,test,7.180456064458131,-1.737040407343514,-0.08250352819835483,0.08250352819835483
CN(C)c1ccc(-c2ccc3ncc4c(c3n2)n(C2CCNCC2)c(=O)n4C)cn1,8.41,-0.9247959957979122,0,test,8.075204004202089,-0.9971503566744278,0.07235436087651559,0.07235436087651559
COC(OC)c1nc(N)ncc1-c1nc2c(c(N3CCOC[C@H]3C)n1)C[C@@H]1COCCN21,34.0,-1.5314789170422551,0,test,7.468521082957745,-1.6032837902542618,0.07180487321200668,0.07180487321200668
CC1(C)CN(c2nc(-c3cnc(N)cc3C(F)F)nc(N3CCOC(C)(C)C3)n2)CCO1,73.4,-1.8656960599160706,0,test,7.13430394008393,-1.797428972736856,-0.06826708717921437,0.06826708717921437
CNC(=O)N1CCC(n2c(=O)n(C)c3cnc4ccc(-c5cnc6ccccc6c5)nc4c32)CC1,4.91,-0.6910814921229684,1,test,8.308918507877031,-0.6310256544030916,-0.06005583771987688,0.06005583771987688
C[C@@H]1COCCN1c1nc(-c2cnc(N)s2)nc2c1C[C@@H]1COCCN21,15.0,-1.1760912590556813,0,test,7.823908740944319,-1.229473269116902,0.053382010061220786,0.053382010061220786
CC(C)(O)c1cc2nc(-c3cnc(N)nc3)nc(N3CCOCC3)c2s1,30.0,-1.4771212547196624,0,test,7.522878745280337,-1.4241118389228786,-0.053009415796783754,0.053009415796783754
CCNC(=O)Nc1ccc(-c2nc3c(c(N4CCOC[C@@H]4C)n2)CCN(c2cc(C)ncn2)C3)cc1,2.7,-0.43136376415898736,0,test,8.568636235841012,-0.4791967183667121,0.04783295420772482,0.04783295420772482
Cn1c(=O)n([C@H]2CC[C@H](OCCO)CC2)c2c3nc(-c4cnc5ccccc5c4)ccc3ncc21,10.1,-1.0043213737826426,0,test,7.995678626217357,-0.9653887910998435,-0.03893258268279909,0.03893258268279909
C[C@H](CO)n1c(=O)n(C)c2cnc3ccc(-c4cnc5ccccc5c4)nc3c21,9.63,-0.9836262871245346,0,test,8.016373712875465,-0.9654532427363095,-0.01817304438822509,0.01817304438822509
Cc1nc(N)ncc1-c1nc(N2CCOCC2)nc(N2CCOCC2)n1,224.0,-2.3502480183341627,0,test,6.649751981665837,-2.3395498062898787,-0.010698212044284006,0.010698212044284006
Cn1c(=O)n([C@H]2CC[C@H](O)CC2)c2c3nc(-c4cnc5ccccc5c4)ccc3ncc21,3.8,-0.5797835966168101,1,test,8.42021640338319,-0.5824536123372802,0.002670015720470098,0.002670015720470098
Cc1nc(N)c2cc(CN(C)C)cc(C(=O)Nc3ccn[nH]3)c2n1,1330.0,-3.123851640967086,0,train,5.876148359032914,-2.133984444582877,-0.9898671963842087,0.9898671963842087
COc1ncccc1-c1nc2c(C)nc(N)nc2n(C(C)C)c1=O,3940.0,-3.595496221825574,0,train,5.404503778174426,-2.8310270298520783,-0.7644691919734958,0.7644691919734958
CC(C)n1nc(-c2ccc3oc(N)nc3c2)c2c(C#N)nc(N)nc21,2200.0,-3.342422680822206,1,train,5.657577319177793,-2.648148416002946,-0.6942742648192604,0.6942742648192604
COc1cc(-c2nc3c(C)nc(N)nc3n(C(C)C)c2=O)ccn1,947.0,-2.9763499790032735,1,train,6.023650020996726,-2.3459624011696847,-0.6303875778335883,0.6303875778335883
c1cnc(Nc2ccc(-c3nc4c(c(N5CCOCC5)n3)CCN(c3ncccn3)C4)cc2)nc1,220.0,-2.342422680822206,0,train,6.657577319177793,-1.719759503333982,-0.6226631774882241,0.6226631774882241
CC(C)n1nc(-c2ccc3oc(N)nc3c2)c2c(C(F)(F)F)nc(N)nc21,2300.0,-3.361727836017593,0,train,5.638272163982407,-2.8101863184124354,-0.5515415176051577,0.5515415176051577
COCCCn1c(=O)n(C)c2cnc3ccc(-c4ccc(OC)nc4)nc3c21,348.0,-2.5415792439465807,1,train,6.458420756053419,-1.9902215524928928,-0.551357691453688,0.551357691453688
Cc1nc(N)nc2c1nc(-c1ccn[nH]1)c(=O)n2C(C)C,6.0,-0.7781512503836436,1,train,8.221848749616356,-1.3108350912057185,0.5326838408220749,0.5326838408220749
Nc1ccc(-c2nc(N3CCOCC3)nc(N3CCOCC3)n2)cc1,396.0,-2.597695185925512,0,train,6.402304814074488,-2.0651800734352093,-0.5325151124903029,0.5325151124903029
Nc1cc(C(F)F)c(-c2nc(C3CCOCC3)nc(N3CCCCC3)n2)cn1,5858.0,-3.76774936734558,1,train,5.23225063265442,-3.23749017654777,-0.53025919079781,0.53025919079781
Nc1cc(C(F)(F)F)c(-c2nc(N3CCOCC3)cc(N3CCOCC3)n2)cn1,911.0,-2.9595183769729982,1,train,6.040481623027002,-2.4780333251731452,-0.481485051799853,0.481485051799853
CCOC(=O)Nc1ccc(-c2nc3c(c(N4CCOCC4)n2)CCN(C(=O)c2ccccc2)C3)cc1,130.0,-2.113943352306837,1,train,6.886056647693163,-1.6430144778253302,-0.4709288744815068,0.4709288744815068
Cc1cc(C(=O)Nc2ccn[nH]2)c2nc(C)nc(N)c2c1,3.0,-0.47712125471966244,1,train,8.522878745280337,-0.9425649026064474,0.46544364788678505,0.46544364788678505
Cn1c(=O)n(C2CCOCC2)c2c3nc(-c4cnc(N)nc4)ccc3ncc21,1.13,-0.05307844348341968,1,train,8.94692155651658,-0.5063377966472113,0.45325935316379173,0.45325935316379173
CS(=O)(=O)N1CCN(Cc2nc3c(N4CCOCC4)nc(-c4cnc(N)nc4)c(Cl)n3n2)CC1,8170.0,-3.9122220565324155,0,train,5.087777943467584,-3.460036271648523,-0.45218578488389305,0.45218578488389305
C[C@@H]1CN(c2nc(-c3cnc(N)cc3C(F)F)nc(N3C[C@@H](C)O[C@@H](C)C3)n2)C[C@H](C)O1,650.0,-2.8129133566428557,0,train,6.187086643357144,-2.364970070317642,-0.4479432863252142,0.4479432863252142
CS(=O)(=O)N1CCN(Cc2cc3c(N4CCOCC4)nc(-c4cnc(N)nc4)c(Cl)n3n2)CC1,5410.0,-3.7331972651065692,0,train,5.266802734893431,-3.2853234380520315,-0.44787382705453727,0.44787382705453727
Nc1cnc(-c2nc(C3CCOCC3)nc(N3CCOCC3)n2)cn1,1093.0,-3.038620161949703,1,train,5.961379838050297,-2.5992927777568036,-0.4393273841928993,0.4393273841928993
Cc1nc(N)nc2c1nc(-c1cc[nH]n1)c(=O)n2C1CCOCC1,0.8,0.09691001300805639,1,train,9.096910013008056,-0.3378930408010516,0.4348030538091079,0.4348030538091079
CCNC(=O)Nc1ccc(-c2nc(N3CCCOCC3)c3c(ncn3C)n2)cc1,120.0,-2.0791812460476247,0,train,6.920818753952375,-1.6488529120657327,-0.43032833398189196,0.43032833398189196
COC[C@@H]1COCCN1c1nc(-c2cnc(N)cc2C(F)F)nc(N2CCOC[C@H]2C)n1,23.0,-1.3617278360175928,0,train,7.638272163982407,-0.9384164574834606,-0.42331137853413225,0.42331137853413225
CN1CCC(n2c(=O)n(C)c3cnc4ccc(-c5cnc6[nH]ncc6c5)nc4c32)CC1,5.67,-0.7535830588929066,1,train,8.246416941107093,-0.33177072988889333,-0.4218123290040132,0.4218123290040132
Cc1nc(N)c2ccc(C)c(C(=O)Nc3ccn[nH]3)c2n1,984.0,-2.9929950984313414,0,train,6.007004901568658,-2.5716892940627183,-0.4213058043686231,0.4213058043686231
Cc1nc(N)ncc1-c1nc(N2CCOCC2)c2nc3n(c2n1)CCOC3(C)C,1200.0,-3.0791812460476247,0,train,5.920818753952375,-2.65991289896303,-0.4192683470845946,0.4192683470845946
COC(OC)c1cc(N)ncc1-c1nc(N2CCOCC2)nc(N2CCOCC2)n1,474.0,-2.6757783416740852,0,train,6.324221658325914,-2.2588650451235837,-0.41691329655050113,0.41691329655050113
Cc1ccc(-c2ccc3ncc4c(c3n2)n(C2CCN(c3ncccn3)CC2)c(=O)n4C)cn1,73.2,-1.8645110810583918,1,train,7.135488918941608,-1.4500232675015343,-0.4144878135568577,0.4144878135568577
Cc1ccc(-c2ccc3ncc4c(c3n2)n([C@H](C)CO)c(=O)n4C)cn1,56.2,-1.749736315569061,0,train,7.250263684430939,-1.3435117260462703,-0.4062245895227907,0.4062245895227907
CC(C)n1nc(-c2ccc3oc(N)nc3c2)c2c(N)ncnc21,1.4,-0.146128035678238,1,train,8.853871964321762,-0.5455621003201524,0.3994340646419144,0.3994340646419144
COc1ccc(-c2cc3c(C)nc(N)nc3n(C(C)C)c2=O)cn1,5.0,-0.6989700043360189,1,train,8.301029995663981,-1.094717288338358,0.39574728400233916,0.39574728400233916
C[C@@H]1COCCN1c1nc(-c2nnc(N)s2)nc2c1C[C@@H]1COCCN21,8.2,-0.9138138523837167,0,train,8.086186147616283,-1.3047485831126877,0.3909347307289709,0.3909347307289709
Nc1ncc(-c2nc(C3=CCOCC3)nc(N3CCOCC3)n2)c(C(F)(F)F)n1,1920.0,-3.2833012287035497,1,train,5.71669877129645,-2.9020349139866526,-0.3812663147168971,0.3812663147168971
Cc1ccc(-c2ccc3ncc4c(c3n2)n(C2CCOCC2)c(=O)n4C)cn1,1.72,-0.2355284469075489,1,train,8.76447155309245,-0.6156056755918307,0.38007722868428173,0.38007722868428173
CCNC(=O)Nc1ccc(-c2nc3c(c(N4C[C@@H]5C[C@H]4CO5)n2)CS(=O)(=O)C3)cc1,62.0,-1.792391689498254,0,train,7.207608310501746,-1.4138337363780096,-0.3785579531202443,0.3785579531202443
COc1ncc(-c2ccc3ncc4c(c3n2)n(C2CCNCC2)c(=O)n4C)cn1,50.4,-1.7024305364455252,1,train,7.297569463554475,-1.3274897476393894,-0.3749407888061358,0.3749407888061358
Nc1ncc(-c2nc(C3=CCOCC3)nc(N3CCOCC3)n2)c(C(F)F)n1,422.0,-2.625312450961674,1,train,6.374687549038326,-2.263914917025297,-0.3613975339363771,0.3613975339363771
CC(C)n1cc(C(=O)c2cncc(N[C@@H]3COC[C@@H]3c3ccc(F)cc3)n2)c2c(N)ncnc21,500.0,-2.6989700043360187,0,train,6.301029995663981,-3.0570816779117105,0.35811167357569174,0.35811167357569174
CC(C)n1nc(-c2ccc3oc(N)nc3c2)c2cnc(N)nc21,6.0,-0.7781512503836436,1,train,8.221848749616356,-1.1331517481702595,0.3550004977866159,0.3550004977866159
Cc1nc(N)nc2c1cc(-c1cn[nH]c1)c(=O)n2C1CC1,190.0,-2.278753600952829,1,train,6.721246399047171,-1.9301128156629885,-0.3486407852898403,0.3486407852898403
CC(C)C[C@H](C)n1nc(-c2ccc3oc(N)nc3c2)c2c(N)nc(N)nc21,0.8,0.09691001300805639,0,train,9.096910013008056,-0.24902688931374684,0.34593690232180313,0.34593690232180313
COc1ccc(NC(=O)c2c(C)ccc3c(N)nc(C)nc23)cn1,1000.0,-3.0,1,train,6.0,-2.6554510049638247,-0.3445489950361753,0.3445489950361753
CCNC(=O)Nc1ccc(-c2nc3c(c(N4CCOC[C@H]4C)n2)S(=O)(=O)CC3)cc1,120.0,-2.0791812460476247,0,train,6.920818753952375,-1.7350430932208496,-0.34413815282677507,0.34413815282677507
CCCC1(C)CN(c2ccc3oc(N)nc3c2)c2c(N)ncnc21,8.7,-0.9395192526186185,0,train,8.060480747381382,-1.281380518954016,0.3418612663353976,0.3418612663353976
Nc1cc(C(F)F)c(-c2nc(C3CCOCC3)nc(N3CCOCC3)n2)cn1,34.0,-1.5314789170422551,1,train,7.468521082957745,-1.8723335719013554,0.34085465485910027,0.34085465485910027
Cc1nc(N)nc2c1nc(-c1cn[nH]c1)c(=O)n2C(C)C,9.0,-0.9542425094393249,1,train,8.045757490560675,-1.2894502130689596,0.3352077036296348,0.3352077036296348
COc1ccc(-c2ccc3ncc4c(c3n2)n(CCN2CCNCC2)c(=O)n4C)cn1,273.0,-2.436162647040756,1,train,6.5638373529592435,-2.1020714131171574,-0.33409123392359863,0.33409123392359863
Cn1c(=O)n(C2CCN(C(=O)CO)CC2)c2c3nc(-c4cnc5[nH]ncc5c4)ccc3ncc21,4.06,-0.608526033577194,0,train,8.391473966422806,-0.2747016457575217,-0.33382438781967233,0.33382438781967233
Cc1nc(N)nc2c1cc(-c1cn[nH]c1)c(=O)n2[C@H]1CC[C@@H](OCC(N)=O)CC1,4.52,-0.6551384348113821,1,train,8.344861565188618,-0.9879349121084179,0.33279647729703576,0.33279647729703576
CCC1(CC)c2ncnc(N)c2N(c2ccc3oc(N)nc3c2)C1C,213.0,-2.3283796034387376,0,train,6.671620396561263,-1.9958069432797878,-0.3325726601589498,0.3325726601589498
C[C@@H]1COCCN1c1nc(-c2cnc(N)cn2)nc2c1C[C@@H]1COCCN21,8.0,-0.9030899869919435,0,train,8.096910013008056,-1.234865252007112,0.3317752650151683,0.3317752650151683
COc1ncc(-c2ccc3ncc4c(c3n2)n(C2CCOCC2)c(=O)n4CCO)cn1,229.0,-2.359835482339888,1,train,6.6401645176601125,-2.028462174286135,-0.33137330805375287,0.33137330805375287
C[C@H]1COCCN1c1nc(-c2ccc(Nc3nccc(=O)[nH]3)cc2)nc2c1CCN(c1ncccn1)C2,0.4,0.3979400086720376,0,train,9.397940008672037,0.06825396436111995,0.32968604431091764,0.32968604431091764
Cn1c(=O)n([C@H]2CC[C@H](O)CC2)c2c3nc(-c4cccc5[nH]ccc45)ccc3ncc21,0.404,0.393618634889395,0,train,9.393618634889394,0.06396343048767732,0.3296552044017177,0.3296552044017177
Nc1cc(C(F)F)c(-c2nc(N3CCOCC3)nc(N3CCOCC3)n2)cn1,6.9,-0.8388490907372553,1,train,8.161150909262744,-1.1645353732702133,0.32568628253295795,0.32568628253295795
CC1(Cn2nc(-c3ccc4oc(N)nc4c3F)c3c(N)nc(N)nc32)CCC1,0.3,0.5228787452803376,0,train,9.522878745280337,0.19810927084065486,0.32476947443968274,0.32476947443968274
COc1ccc(-c2cc3c(C)nc(N)nc3n(C3CCOCC3)c2=O)cn1,110.0,-2.041392685158225,1,train,6.958607314841775,-1.7206159101086806,-0.32077677504954427,0.32077677504954427
Cn1c(=O)n(C2CCNCC2)c2c3nc(-c4cnn(CCO)c4)ccc3ncc21,105.0,-2.0211892990699383,0,train,6.978810700930062,-1.705266100633824,-0.3159231984361144,0.3159231984361144
COc1ccc(NC(=O)c2cc(C)cc3c(N)nc(C)nc23)cn1,265.0,-2.423245873936808,1,train,6.576754126063192,-2.1081395884083047,-0.31510628552850317,0.31510628552850317
Cc1ccc(-c2ccc3ncc4c(c3n2)n(-c2ccc(C(C)(C)C#N)cc2)c(=O)n4C)cn1,26.9,-1.429752280002408,0,train,7.570247719997592,-1.1148234810756552,-0.31492879892675285,0.31492879892675285
Cn1cc(-c2ccc3ncc4c(c3n2)n(C2CCN(CC(F)(F)F)CC2)c(=O)n4C)cn1,97.7,-1.989894563718773,1,train,7.010105436281227,-1.6802241490449337,-0.3096704146738394,0.3096704146738394
Cc1nc(N)ncc1-c1nc(N2CCOCC2)c2nc(C(C)(C)O)n(CCO)c2n1,950.0,-2.9777236052888476,0,train,6.022276394711152,-2.670953024654018,-0.3067705806348302,0.3067705806348302
CCNC(=O)Nc1ccc(-c2nc(N3CCOCC3)c3c(n2)C(C)(C)OC3=O)cc1,2.6,-0.414973347970818,0,train,8.585026652029182,-0.7211681360756055,0.3061947881047875,0.3061947881047875
CCNC(=O)Nc1ccc(-c2nc(N3C[C@@H]4C[C@H]3CO4)c3c(cnn3C)n2)cc1,28.0,-1.4471580313422192,0,train,7.552841968657781,-1.1461662369663805,-0.3009917943758387,0.3009917943758387
Nc1cc(C(F)F)c(-c2nc(N3CCOCC3)nc(N3CC4CCC(C3)O4)n2)cn1,3.4,-0.5314789170422551,1,train,8.468521082957745,-0.8310698284361554,0.29959091139390026,0.29959091139390026
CCNC(=O)Nc1ccc(-c2nc(N3CCOCC3)c3sc(C(C)(C)O)cc3n2)cc1,3.0,-0.47712125471966244,0,train,8.522878745280337,-0.7763606298355035,0.2992393751158411,0.2992393751158411
COc1ccc(-c2ccc3ncc4c(c3n2)n(C2CCN(C)CC2)c(=O)n4C)cn1,47.4,-1.675778341674085,1,train,7.324221658325915,-1.377065828314407,-0.29871251335967797,0.29871251335967797
COCC(=O)N1CCC(n2c(=O)n(C)c3cnc4ccc(-c5ccc(C)nc5)nc4c32)CC1,0.377,0.42365864979420714,1,train,9.423658649794207,0.12715154627615566,0.29650710351805143,0.29650710351805143
C[C@@H]1COCCN1c1nc(-c2cnc(N)cc2C(F)F)nc(N2C3COCC2C3)n1,73.0,-1.863322860120456,1,train,7.136677139879544,-1.5717646294092404,-0.29155823071121545,0.29155823071121545
CN(C)c1ccc(-c2ccc3ncc4c(c3n2)n(C2CCN(C(N)=O)CC2)c(=O)n4C)cn1,0.444,0.3526170298853802,1,train,9.35261702988538,0.061777739487741526,0.2908392903976387,0.2908392903976387
CNc1nc2c(c(-c3ccc4oc(N)nc4c3)nn2C(C)C)c(=O)[nH]1,190.0,-2.278753600952829,0,train,6.721246399047171,-1.9893020709099825,-0.2894515300428464,0.2894515300428464
CS(=O)(=O)N1CCN(Cc2cc3nc(-c4cccc5[nH]ncc45)nc(N4CCOCC4)c3s2)CC1,580.0,-2.7634279935629373,0,train,6.236572006437063,-2.474373568689369,-0.28905442487356847,0.28905442487356847
COc1ncc(-c2ccc3ncc4c(c3n2)n(C2CCN(C(=O)[C@H](C)O)CC2)c(=O)n4C)cn1,0.822,0.08512818245994963,1,train,9.08512818245995,-0.20164648020943957,0.28677466266938917,0.28677466266938917
O=c1n(CCO)c2cnc3ccc(-c4cnn(CCO)c4)nc3c2n1C1CCOCC1,555.0,-2.7442929831226763,0,train,6.255707016877324,-2.459572638796335,-0.2847203443263413,0.2847203443263413
CC(=O)N1CCC(n2c(=O)n(C)c3cnc4ccc(-c5ccnc6[nH]ncc56)nc4c32)CC1,4.63,-0.6655809910179531,1,train,8.334419008982048,-0.3825931774177073,-0.2829878136002458,0.2829878136002458
Cc1cc(N)ncc1-c1nc(N2CCOCC2)nc(N2CCOCC2)n1,609.0,-2.784617292632875,0,train,6.215382707367125,-2.5037154764282237,-0.2809018162046515,0.2809018162046515
Cc1nc(N)nc2c1cc(-c1cn[nH]c1)c(=O)n2C1CCCC1,18.6,-1.2695129442179163,1,train,7.730487055782084,-1.5503840071250672,0.2808710629071507,0.2808710629071507
CCNC(=O)Nc1ccc(-c2nc(N3CCOC[C@@H]3CC)c3c(cnn3C)n2)cc1,1.0,-0.0,1,train,9.0,-0.2795716743766306,0.2795716743766306,0.2795716743766306
Cc1cc(C(=O)Nc2cnc3[nH]ccc3c2)c2nc(C)nc(N)c2c1,17.0,-1.2304489213782739,0,train,7.769551078621726,-1.507344096441228,0.2768951750629538,0.2768951750629538
CS(=O)(=O)N1CCN(Cc2cn3cc(-c4cnc(N)nc4)nc(N4CCOCC4)c3n2)CC1,4880.0,-3.6884198220027105,1,train,5.311580177997289,-3.412519192608214,-0.27590062939449744,0.27590062939449744
Cc1nc(-c2cc(C(F)(F)F)cnc2Nc2cccc3[nH]ncc23)c2nc[nH]c2n1,119.0,-2.0755469613925306,0,train,6.924453038607469,-2.3448708588946845,0.2693238975021539,0.2693238975021539
COc1cc(N)ncc1-c1nc(N2CCOCC2)nc(N2CCOCC2)n1,483.0,-2.683947130751512,0,train,6.316052869248487,-2.414925758841772,-0.2690213719097403,0.2690213719097403
Cn1c(=O)n([C@H]2CC[C@H](O)CC2)c2c3nc(-c4cnc5[nH]ncc5c4)ccc3ncc21,0.117,0.9318141382538383,1,train,9.931814138253838,0.6664773706642272,0.2653367675896112,0.2653367675896112
Cc1nc(-c2cn3c(n2)-c2ccc(-c4cnn(C(C)(C)C(N)=O)c4)cc2OCC3)n(C(C)C)n1,1200.0,-3.0791812460476247,0,train,5.920818753952375,-2.8139316976788833,-0.2652495483687414,0.2652495483687414
COc1ncc(-c2ccc3ncc4c(c3n2)n(C2CCN(C)CC2)c(=O)n4C)cn1,4.51,-0.6541765418779605,1,train,8.34582345812204,-0.9189188299419633,0.2647422880640028,0.2647422880640028
Cn1c(=O)n(C2CCNCC2)c2c3nc(-c4cnc(N)nc4)ccc3ncc21,3.61,-0.557507201905658,1,train,8.442492798094342,-0.8154160191640909,0.25790881725843295,0.25790881725843295
CCNC(=O)Nc1ccc(-c2nc(N3CCOC[C@@H]3C)c3c(ncn3CC)n2)cc1,40.0,-1.6020599913279623,1,train,7.3979400086720375,-1.3447927734902643,-0.25726721783769824,0.25726721783769824
Nc1cc(C(F)(F)F)c(-c2nc(C3=CCOCC3)nc(N3CCOCC3)n2)cn1,107.0,-2.0293837776852097,1,train,6.97061622231479,-2.2837544332701443,0.25437065558493455,0.25437065558493455
CCNC(=O)Nc1ccc(-c2nc3c(c(N4CCOCC4)n2)CN(C(=O)OC(C)(C)C)CC3)cc1,48.0,-1.6812412373755872,0,train,7.318758762624412,-1.4296204439787186,-0.2516207933968686,0.2516207933968686
CCC(C)(C)Cn1nc(-c2ccc3oc(NC(C)=O)nc3c2)c2c(N)nc(N)nc21,0.5,0.3010299956639812,0,train,9.301029995663981,0.050066058268628894,0.2509639373953523,0.2509639373953523
COC(C)(C)c1cc2nc(-c3cnc(N)nc3)nc(N3CCOCC3)c2s1,10.0,-1.0,0,train,8.0,-1.2501323382798868,0.2501323382798868,0.2501323382798868
C[C@H]1COCCN1c1nc(-c2cnc(N)nc2C(F)(F)F)nc(N2CCOCC2)n1,37.9,-1.5786392099680724,0,train,7.421360790031928,-1.8284460738204695,0.24980686385239714,0.24980686385239714
Cc1ccc(-c2ccc3ncc4c(c3n2)n(C2CCN(C(=O)C(C)(C)O)CC2)c(=O)n4C)cn1,18.5,-1.2671717284030137,1,train,7.732828271596986,-1.0189911547277588,-0.2481805736752547,0.2481805736752547
C[C@@H](O)C(=O)N1CCC(n2c(=O)n(C)c3cnc4ccc(-c5cnc6[nH]ncc6c5)nc4c32)CC1,0.241,0.6179829574251317,1,train,9.61798295742513,0.36998276887522563,0.24800018854990602,0.24800018854990602
C[C@H]1COCCN1c1nc(-c2ccc(NC(=O)Nc3cnn(C)c3)cc2)nc2c1COC2(C)C,0.8,0.09691001300805639,0,train,9.096910013008056,-0.1499012683442288,0.24681128135228508,0.24681128135228508
COc1ccc(-c2ccc3ncc4c(c3n2)n(C2CCN(C(=O)CN(C)C)CC2)c(=O)n4C)cn1,10.6,-1.0253058652647702,1,train,7.97469413473523,-0.7801002074531753,-0.24520565781159487,0.24520565781159487
Cc1nc(N)nc2c1cc(-c1cn[nH]c1)c(=O)n2N1CCCC1,10.6,-1.0253058652647702,1,train,7.97469413473523,-1.2673602334282215,0.24205436816345127,0.24205436816345127
CONc1cc(C(F)(F)F)c(-c2nc(N3CCOCC3)nc(N3CCOCC3)n2)cn1,2539.0,-3.4046627008737222,1,train,5.595337299126278,-3.1689753575553077,-0.23568734331841457,0.23568734331841457
Cn1c(=O)n([C@H]2CC[C@H](O)CC2)c2c3nc(-c4cn[nH]c4)ccc3ncc21,0.204,0.6903698325741012,1,train,9.6903698325741,0.45626624654424225,0.23410358602985898,0.23410358602985898
Cc1nc(N)nc2c1nc(-c1cnn[nH]1)c(=O)n2C(C)C,113.0,-2.0530784434834195,1,train,6.94692155651658,-1.8207505229665548,-0.23232792051686468,0.23232792051686468
CC(=O)N1CCC(n2c(=O)n(C)c3cnc4ccc(-c5cnc6[nH]ncc6c5)nc4c32)CC1,0.243,0.6143937264016879,1,train,9.614393726401687,0.3873748629449971,0.22701886345669076,0.22701886345669076
Cc1ccc(NC(=O)c2cccc3c(N)nc(C)nc23)cn1,31.0,-1.4913616938342726,1,train,7.508638306165727,-1.716320931260433,0.22495923742616042,0.22495923742616042
COc1cc(N)ncc1-c1nc2c(c(N3CCOC[C@H]3C)n1)C[C@@H]1COCCN21,208.0,-2.3180633349627615,0,train,6.681936665037238,-2.0931748367640366,-0.22488849819872447,0.22488849819872447
Cn1cc(-c2ccc3ncc4c(c3n2)n(C2CCOCC2)c(=O)n4C)cn1,72.3,-1.8591382972945307,1,train,7.140861702705469,-1.6346549791774214,-0.2244833181171093,0.2244833181171093
C[C@@H]1COCCN1c1nc(-c2cnc(N)c(C(F)(F)F)c2)nc2c1C[C@@H]1COCCN21,33.0,-1.5185139398778875,0,train,7.481486060122112,-1.7414784170709867,0.2229644771930992,0.2229644771930992
CCNC(=O)Nc1ccc(-c2nc3c(c(N4CCOCC4)n2)CCN(C(=O)c2ccccc2)C3)cc1,6.5,-0.8129133566428556,1,train,8.187086643357144,-1.0351768666095966,0.22226350996674105,0.22226350996674105
COc1ccc(-c2ccc3ncc4c(c3n2)n(C2CCN(C(C)=O)CC2)c(=O)n4C)cc1,14.6,-1.1643528557844371,1,train,7.835647144215563,-0.9433673180462407,-0.2209855377381964,0.2209855377381964
Cc1c(CN2CCN(C(=O)[C@H](C)N)CC2)sc2c(N3CCOCC3)nc(-c3cnc(N)nc3)nc12,6.3,-0.7993405494535817,0,train,8.200659450546418,-1.0191143661318878,0.2197738166783061,0.2197738166783061
CC(C)n1nc(-c2ccc3oc(N)nc3c2)c2c(Cl)nc(N)nc21,10.0,-1.0,1,train,8.0,-1.2166059362031658,0.21660593620316582,0.21660593620316582
O=C(OCc1ccccc1)C1CCC(n2c(=O)[nH]c3cnc4ccc(-c5cnc6ccccc6c5)nc4c32)CC1,21.5,-1.3324384599156054,0,train,7.667561540084394,-1.118320132075986,-0.21411832783961948,0.21411832783961948
CCNc1c(Nc2ccc(-c3nc4c(c(N5CCOC[C@@H]5C)n3)CCN(c3ncccn3)C4)cc2)c(=O)c1=O,13.4,-1.1271047983648077,0,train,7.872895201635192,-0.9141145942494937,-0.212990204115314,0.212990204115314
CCNC(=O)Nc1ccc(-c2nc3c(c(N4CCOCC4)n2)CN(S(C)(=O)=O)C3)cc1,3.7,-0.568201724066995,0,train,8.431798275933005,-0.7805534256009323,0.21235170153393734,0.21235170153393734
CCNC(=O)Nc1ccc(-c2nc3c(c(N4CCOCC4)n2)CN(c2ncccn2)C3)cc1,3.0,-0.47712125471966244,1,train,8.522878745280337,-0.6886700396882898,0.2115487849686274,0.2115487849686274
COCC(=O)N1CCC(n2c(=O)n(C)c3cnc4ccc(-c5cnc6[nH]ncc6c5)nc4c32)CC1,0.323,0.4907974776688971,1,train,9.490797477668897,0.27936086234634766,0.21143661532254943,0.21143661532254943
CC(C)(N)c1cc2nc(-c3cnc(N)nc3)nc(N3CCOCC3)c2s1,59.0,-1.7708520116421442,0,train,7.229147988357855,-1.5602799313365625,-0.21057208030558172,0.21057208030558172
C[C@@H]1COCCN1c1nc(-c2cnc(N)cc2C(F)F)nc(N2CCOCC2(C)C)n1,4.7,-0.6720978579357175,1,train,8.327902142064282,-0.8817314473622764,0.20963358942655885,0.20963358942655885
CS(=O)(=O)c1cccc(-c2cc3nc(-c4cnc(N)nc4)nc(N4CCOCC4)c3s2)c1,5.0,-0.6989700043360189,0,train,8.301029995663981,-0.9075248855629877,0.20855488122696886,0.20855488122696886
Cc1ccc(-c2ccc3ncc4c(c3n2)n(C2CCN(CC(N)=O)CC2)c(=O)n4C)cn1,1.41,-0.14921911265537988,1,train,8.85078088734462,-0.35444540068896446,0.20522628803358467,0.20522628803358467
Cc1ccc(-c2ccc3ncc4c(c3n2)n(C2CCN(CCO)CC2)c(=O)n4C)cn1,17.6,-1.24551266781415,1,train,7.75448733218585,-1.0408180783151864,-0.20469458949896358,0.20469458949896358
Cc1ccc(-c2ccc3ncc4c(c3n2)n(C2CCN(C(=O)CO)CC2)c(=O)n4C)cn1,0.842,0.07468790850035051,1,train,9.074687908500351,-0.1282888473264258,0.20297675582677627,0.20297675582677627
Cc1cc(C(=O)Nc2ccc(N(C)C)nc2)c2nc(C)nc(N)c2c1,162.0,-2.2095150145426308,0,train,6.790484985457369,-2.0069074751953,-0.20260753934733078,0.20260753934733078
Cc1ccc(-c2ccc3ncc4c(c3n2)n(C2CCN(C(=O)CN(C)C)CC2)c(=O)n4C)cn1,1.18,-0.07188200730612536,1,train,8.928117992693874,-0.2744890419871652,0.2026070346810399,0.2026070346810399
CS(=O)(=O)N1CCN(Cc2cc3nc(-c4cnc(N)nc4)nc(N4CCOCC4)c3s2)CC1,29.0,-1.462397997898956,1,train,7.537602002101044,-1.6644195051955988,0.2020215072966427,0.2020215072966427
C[C@H](CO)n1c(=O)n(C)c2cnc3ccc(-c4c[nH]c5nncc-5c4)nc3c21,4.44,-0.6473829701146199,0,train,8.35261702988538,-0.8492864079845452,0.20190343786992537,0.20190343786992537
O=C(O[C@@H]1Cc2c(O)cc(O)cc2O[C@@H]1c1cc(O)c(O)c(O)c1)c1cc(O)c(O)c(O)c1,320.0,-2.505149978319906,0,train,6.494850021680094,-2.3058889070522968,-0.19926107126760906,0.19926107126760906
Cc1c(-c2cccc(S(C)(=O)=O)c2)sc2c(N3CCOCC3)nc(-c3cnc(N)nc3)nc12,4.0,-0.6020599913279624,0,train,8.397940008672037,-0.8011355521609811,0.1990755608330187,0.1990755608330187
CC(C)n1nc(-c2ccc3oc(N)nc3c2)c2c(=O)[nH]cnc21,28.0,-1.4471580313422192,1,train,7.552841968657781,-1.250398584189761,-0.1967594471524583,0.1967594471524583
COc1ncc(-c2ccc3ncc4[nH]c(=O)n(-c5ccc(C(C)(C)C#N)cc5)c4c3n2)cn1,1.54,-0.18752072083646307,1,train,8.812479279163536,-0.3842540404564992,0.19673331962003618,0.19673331962003618
Cc1nc(N)nc2c1cc(-c1cn[nH]c1)c(=O)n2NCC(C)C,123.0,-2.089905111439398,1,train,6.910094888560602,-1.8950251401270954,-0.1948799713123026,0.1948799713123026
Nc1cc(C(F)F)c(-c2nc(N3C4CCC3COC4)cc(N3C4CCC3COC4)n2)cn1,60.0,-1.7781512503836436,0,train,7.221848749616356,-1.584055534253143,-0.19409571613050058,0.19409571613050058
Nc1cc(C(F)(F)F)c(-c2nc(N3CCOCC3)nc(N3CCOCC3)n2)cn1,62.0,-1.792391689498254,1,train,7.207608310501746,-1.986269442343704,0.19387775284545006,0.19387775284545006
CCNC(=O)Nc1ccc(-c2nc3c(c(N4CCOCC4)n2)CCNC3)cc1,140.0,-2.146128035678238,1,train,6.853871964321762,-1.9566088349738868,-0.18951920070435135,0.18951920070435135
CC(C)CC1CN(c2ccc3oc(N)nc3c2)c2c(N)ncnc21,11.7,-1.0681858617461617,0,train,7.931814138253838,-1.257619126537694,0.18943326479153222,0.18943326479153222
CCNC(=O)Nc1ccc(-c2nc3c(c(N4CCOCC4)n2)CNC3)cc1,122.0,-2.0863598306747484,1,train,6.913640169325252,-1.8986482853497244,-0.187711545325024,0.187711545325024
Cn1cc(-c2ccc3ncc4c(c3n2)n(C2CCN(CC(N)=O)CC2)c(=O)n4C)cn1,7.55,-0.8779469516291882,1,train,8.122053048370812,-1.0649465924457484,0.18699964081656018,0.18699964081656018
COc1ncc(-c2ccc3ncc4c(c3n2)n(-c2ccc(C(C)(C)C#N)cc2)c(=O)n4C)cc1F,26.6,-1.424881636631067,0,train,7.575118363368933,-1.240299115968032,-0.18458252066303493,0.18458252066303493
CC(C)(O)c1nc2c(N3CCOCC3)nc(-c3cnc(N)nc3)nc2n1CCO,72.0,-1.8573324964312685,0,train,7.142667503568731,-2.0412095779687056,0.18387708153743731,0.18387708153743731
COc1nc(N)nc2c1c(-c1ccc3oc(N)nc3c1)nn2C(C)C,370.0,-2.568201724066995,1,train,6.431798275933005,-2.3845227713362642,-0.18367895273073076,0.18367895273073076
Nc1ncc(-c2nc(N3CCOCC3)nc(N3[C@@H]4CC[C@H]3COC4)n2)c(C(F)F)n1,14.0,-1.146128035678238,0,train,7.853871964321762,-1.3298001388951683,0.1836721032169304,0.1836721032169304
COc1ccc(C2=CC3C(C)=NC(N)=NC3N([C@H]3CC[C@H](OCCO)CC3)C2=O)cn1,16.0,-1.2041199826559248,0,train,7.795880017344075,-1.3869373501111417,0.18281736745521693,0.18281736745521693
Nc1ncc(-c2nc(N3CCOCC3)nc(N3CCOCC3)n2)c(C(F)F)n1,33.0,-1.5185139398778875,1,train,7.481486060122112,-1.7000191038899475,0.18150516401205996,0.18150516401205996
COc1cccc(-c2ccc3ncc4c(c3n2)n(C2CCN(C(=O)[C@H](C)O)CC2)c(=O)n4C)c1,8.51,-0.9299295600845878,1,train,8.070070439915412,-0.7494550913764244,-0.18047446870816342,0.18047446870816342
Cc1c(-c2cccc(C(=O)N3CCN(C)CC3)c2)sc2c(N3CCOCC3)nc(-c3cnc(N)nc3)nc12,4.0,-0.6020599913279624,0,train,8.397940008672037,-0.7819693000158304,0.17990930868786803,0.17990930868786803
CC(C)n1nc(-c2ccc3oc(N)nc3c2)c2c(F)nc(N)nc21,13.0,-1.1139433523068367,1,train,7.886056647693163,-1.2913146305833585,0.17737127827652177,0.17737127827652177
Cc1nc(N)c2cc(CN3CCOCC3)cc(C(=O)Nc3ccn[nH]3)c2n1,13.0,-1.1139433523068367,0,train,7.886056647693163,-1.2912804774119315,0.1773371251050948,0.1773371251050948
CCCCn1nc(-c2ccc3oc(N)nc3c2)c2c(C)nc(N)nc21,33.0,-1.5185139398778875,1,train,7.481486060122112,-1.3431894150959116,-0.1753245247819759,0.1753245247819759
COc1ccc(-c2cc3c(C)nc(N)nc3n([C@H]3CC[C@H](OCC(=O)O)CC3)c2=O)cn1,8.63,-0.9360107957152096,0,train,8.063989204284791,-1.1102842683637568,0.1742734726485472,0.1742734726485472
COc1ncc(-c2cc3c(C)nc(N)nc3n([C@H]3CC[C@H](OCO)CC3)c2=O)cc1F,24.4,-1.3873898263387294,0,train,7.61261017366127,-1.5613063435306338,0.17391651719190437,0.17391651719190437
CCNC(=O)Nc1ccc(-c2nc(N3CCOC[C@@H]3C)c3c(ccn3C)n2)cc1,19.0,-1.2787536009528289,1,train,7.721246399047171,-1.105974341107662,-0.17277925984516695,0.17277925984516695
CC(C)(C)Cn1nc(-c2ccc3oc(N)nc3c2)c2c(N)nc(N)nc21,0.6,0.2218487496163564,0,train,9.221848749616356,0.04919690516331422,0.17265184445304216,0.17265184445304216
CCNC(=O)Nc1ccc(-c2nc3c(c(N4CCOC[C@@H]4C)n2)CCN(C2COC2)C3)cc1,3.8,-0.5797835966168101,0,train,8.42021640338319,-0.7507459198345728,0.17096232321776272,0.17096232321776272
COc1ccc(-c2ccc3ncc4c(c3n2)n(C2CCN(C(C)=O)CC2)c(=O)n4C)cn1,2.42,-0.38381536598043126,1,train,8.616184634019568,-0.5511518791111767,0.1673365131307455,0.1673365131307455
CNc1nc(C)c2cc(-c3cccc(CO)c3)c(=O)n(C3CCCC3)c2n1,840.0,-2.9242792860618816,0,train,6.075720713938118,-2.761061622336788,-0.1632176637250935,0.1632176637250935
COc1ncc(-c2ccc3ncc4c(c3n2)n(C2CCN(CC(=O)N(C)C)CC2)c(=O)n4C)cn1,18.4,-1.2648178230095364,1,train,7.735182176990463,-1.1089401926383156,-0.15587763037122082,0.15587763037122082
Cc1c(CN2CCN(S(C)(=O)=O)CC2)sc2c(N3CCOCC3)nc(-c3cnc(N)nc3)nc12,21.0,-1.3222192947339193,0,train,7.6777807052660805,-1.4776003732902507,0.15538107855633143,0.15538107855633143
COc1ncc(-c2ccc3ncc4c(c3n2)n(C2CCN(C(=O)CN)CC2)c(=O)n4C)cn1,13.3,-1.1238516409670858,1,train,7.876148359032914,-0.969933029150666,-0.15391861181641975,0.15391861181641975
Nc1cc(C(F)F)c(-c2nc(N3C4CCCC3COC4)nc(N3C4CCCC3COC4)n2)cn1,60.2,-1.7795964912578246,0,train,7.220403508742176,-1.6272289229566566,-0.15236756830116804,0.15236756830116804
Cc1ccc(-c2ccc3ncc4c(c3n2)n([C@H]2CC[C@H](OCCO)CC2)c(=O)n4C)cn1,11.4,-1.0569048513364727,0,train,7.943095148663527,-0.9059836314798038,-0.15092121985666895,0.15092121985666895
CCNC(=O)Nc1ccc(-c2nc3c(c(N4C[C@H]5CC[C@@H](C4)O5)n2)CS(=O)(=O)C3)cc1,7.0,-0.8450980400142568,0,train,8.154901959985743,-0.9953106618694479,0.15021262185519113,0.15021262185519113
Cn1c(=O)n(C2CCN(C(=O)C(C)(C)N)CC2)c2c3nc(-c4cnc5ccccc5c4)ccc3ncc21,13.3,-1.1238516409670858,1,train,7.876148359032914,-0.9740022063767525,-0.14984943459033329,0.14984943459033329
C[C@H]1COCCN1c1nc(-c2cnc(N)cc2C(F)F)cc(N2CCOCC2)n1,10.0,-1.0,1,train,8.0,-1.1464642076319829,0.14646420763198287,0.14646420763198287
C[C@@H]1COCCN1c1nc(-c2nc(N)ns2)nc2c1C[C@@H]1COCCN21,58.0,-1.7634279935629373,1,train,7.236572006437063,-1.6176068843818532,-0.14582110918108393,0.14582110918108393
Cc1nc(N)nc2c1c(-c1ccc3oc(N)nc3c1)nn2C(C)C,62.0,-1.792391689498254,1,train,7.207608310501746,-1.6466843153861597,-0.14570737411209422,0.14570737411209422
COc1ncc(-c2nc3c(C)nc(N)nc3n(C(C)C)c2=O)cn1,18.0,-1.255272505103306,1,train,7.7447274948966935,-1.4009603944390505,0.1456878893357445,0.1456878893357445
CCNC(=O)Nc1ccc(-c2ccc3ncc4c(c3n2)n(C2CCN(C(=O)OC(C)(C)C)CC2)c(=O)n4C)cc1,14.4,-1.1583624920952498,0,train,7.84163750790475,-1.0127205563988348,-0.14564193569641493,0.14564193569641493
CC1(C)C(=O)N(c2ccc3oc(N)nc3c2)c2c(N)ncnc21,55.8,-1.7466341989375787,0,train,7.253365801062421,-1.601049112915497,-0.14558508602208198,0.14558508602208198
CCc1nc(N)nc2c1c(-c1ccc3oc(N)nc3c1)nn2C(C)C,50.0,-1.6989700043360187,1,train,7.301029995663981,-1.5551036545374926,-0.1438663497985262,0.1438663497985262
CNc1nc(C)c2cc(-c3ccc(OC)nc3)c(=O)n(C3CCCC3)c2n1,700.0,-2.845098040014257,0,train,6.154901959985743,-2.7023626725149126,-0.14273536749934435,0.14273536749934435
Cc1ccc(-c2nc3c(C)nc(N)nc3n([C@H]3CC[C@H](OCCO)CC3)c2=O)cn1,5.11,-0.7084209001347127,0,train,8.291579099865288,-0.8492203173776174,0.14079941724290468,0.14079941724290468
Cc1nc(N)nc2c1cc(-c1cccc(CO)c1)c(=O)n2C1CCCC1,82.0,-1.9138138523837167,0,train,7.086186147616283,-1.775368510583947,-0.13844534179976975,0.13844534179976975
N#Cc1c(N2CCOCC2)sc(-c2nc[nH]n2)c1-c1ccc(Cl)cc1,434.0,-2.637489729512511,0,train,6.362510270487489,-2.4994654434586354,-0.1380242860538754,0.1380242860538754
C[C@H]1COCCN1c1cc(-c2cnc(N)nc2C(F)F)nc(N2CCOCC2)n1,192.0,-2.2833012287035497,1,train,6.71669877129645,-2.1461977930353724,-0.1371034356681773,0.1371034356681773
Cn1cc(-c2ccc3ncc4c(c3n2)n([C@H]2CC[C@H](O)CC2)c(=O)n4C)cn1,7.18,-0.8561244442423003,0,train,8.143875555757699,-0.9920804394551103,0.13595599521281,0.13595599521281
CN1CCC(n2c(=O)n(C)c3cnc4ccc(-c5cnc6ccccc6c5)nc4c32)CC1,4.9,-0.6901960800285137,1,train,8.309803919971486,-0.8248028822774885,0.1346068022489748,0.1346068022489748
C[C@@H]1COCCN1c1nc(-c2cnc(N)nc2C(F)(F)F)nc2c1C[C@@H]1COCCN21,249.0,-2.3961993470957363,1,train,6.603800652904264,-2.261652510193783,-0.13454683690195335,0.13454683690195335
C[C@H]1COCCN1c1nc(-c2ccc(NC(=O)NC[C@@H](O)CO)cc2)nc2c1COC2(C)C,3.6,-0.5563025007672873,0,train,8.443697499232712,-0.4228866019118027,-0.13341589885548455,0.13341589885548455
Cc1ccc(-c2nc3c(C)nc(N)nc3n(C3CCOCC3)c2=O)cn1,5.0,-0.6989700043360189,1,train,8.301029995663981,-0.8321181178272744,0.13314811349125555,0.13314811349125555
Nc1cc(C(F)F)c(-c2cc(N3C4CCC3COC4)nc(N3C4CCC3COC4)n2)cn1,12.0,-1.0791812460476249,1,train,7.920818753952375,-1.2118216265566633,0.13264038050903837,0.13264038050903837
C[C@H]1COCCN1c1nc(-c2ccc(NC(=O)NC3COC3)cc2)nc2c1COC2(C)C,3.0,-0.47712125471966244,0,train,8.522878745280337,-0.3459820281039718,-0.1311392266156906,0.1311392266156906
N[C@H]1CC[C@H](n2c(=O)[nH]c3cnc4ccc(-c5cnc6ccccc6c5)nc4c32)CC1,3.33,-0.5224442335063199,0,train,8.47755576649368,-0.6531743245059006,0.13073009099958077,0.13073009099958077
CCNC(=O)Nc1ccc(-c2nc3c(c(N4CCOC[C@@H]4C)n2)CN(c2cnccn2)CC3)cc1,2.4,-0.38021124171160603,0,train,8.619788758288394,-0.5094081627221005,0.12919692101049457,0.12919692101049457
CNC(=O)N1CCC(n2c(=O)n(C)c3cnc4ccc(-c5ccc(OC)nc5)nc4c32)CC1,1.6,-0.2041199826559248,1,train,8.795880017344075,-0.33230192520191976,0.12818194254599496,0.12818194254599496
COc1ncc(-c2ccc3ncc4c(c3n2)n([C@H]2CC[C@H](O)CC2)c(=O)n4C)cn1,6.39,-0.8055008581584001,0,train,8.1944991418416,-0.6779287404609597,-0.12757211769744037,0.12757211769744037
CC(C)n1cc(C(=O)c2cncc(N[C@@H]3CCC[C@@H]3c3ccc(F)cc3)n2)c2c(N)ncnc21,3900.0,-3.591064607026499,0,train,5.4089353929735005,-3.4651044488305662,-0.12596015819593287,0.12596015819593287
C[C@@H]1COCCN1c1nc(-c2cnc(N)cc2C(F)F)nc2c1C[C@@H]1COCCN21,12.0,-1.0791812460476249,1,train,7.920818753952375,-1.2049307069378867,0.12574946089026184,0.12574946089026184
CCNC(=O)Nc1ccc(-c2nc3c(c(N4CCOC[C@@H]4C)n2)CCN(C(C)C)C3)cc1,9.6,-0.9822712330395684,0,train,8.017728766960431,-0.8565630036774619,-0.12570822936210657,0.12570822936210657
Nc1ncc(-c2nc(C3CCOCC3)nc(N3CCOCC3)n2)c(C(F)F)n1,119.0,-2.0755469613925306,1,train,6.924453038607469,-2.2012196964152095,0.12567273502267895,0.12567273502267895
CCNC(=O)Nc1ccc(-c2nc3c(c(N4CCOC[C@@H]4C)n2)[C@H]2CC[C@@H](C3)N2S(C)(=O)=O)cc1,2.6,-0.414973347970818,0,train,8.585026652029182,-0.5386073167756534,0.12363396880483546,0.12363396880483546
N#Cc1c(N2CCOCC2)sc(-c2ncn[nH]2)c1-c1ccc(Cl)cc1Cl,2470.0,-3.392696953259666,0,train,5.607303046740334,-3.2695160300379804,-0.12318092322168539,0.12318092322168539
Cn1cc(-c2ccc3ncc4c(c3n2)n(C2CCOCC2)c(=O)n4CCO)cn1,216.0,-2.3344537511509307,1,train,6.665546248849069,-2.2120713719213647,-0.12238237922956596,0.12238237922956596
CC(=O)N1CCC(n2c(=O)n(C)c3cnc4ccc(-c5ccc(N(C)C)nc5)nc4c32)CC1,1.72,-0.2355284469075489,0,train,8.76447155309245,-0.357242829460138,0.12171438255258912,0.12171438255258912
Nc1ccc(-c2nc(N3CCOCC3)nc(N3CCOCC3)n2)cn1,110.0,-2.041392685158225,1,train,6.958607314841775,-1.9199815501854578,-0.12141113497276712,0.12141113497276712
CC1(C)OCCn2c1nc1c(N3CCOCC3)nc(-c3cnc(N)nc3)nc12,70.0,-1.845098040014257,0,train,7.154901959985743,-1.9662205542319788,0.12112251421772191,0.12112251421772191
Nc1cc(C(F)(F)F)c(-c2cc(N3C4CCC3COC4)nc(N3C4CCC3COC4)n2)cn1,30.0,-1.4771212547196624,1,train,7.522878745280337,-1.5973680729300508,0.1202468182103884,0.1202468182103884
COc1ncc(-c2ccc3ncc4c(c3n2)n(C2CCN(CCO)CC2)c(=O)n4C)cn1,25.2,-1.4014005407815442,1,train,7.598599459218455,-1.2813048586878601,-0.12009568209368404,0.12009568209368404
CCNC(=O)Nc1ccc(-c2nc3c(c(N4CCOCC4)n2)CCN(S(C)(=O)=O)C3)cc1,21.0,-1.3222192947339193,0,train,7.6777807052660805,-1.2022419085308045,-0.11997738620311482,0.11997738620311482
C[C@@H]1COCCN1c1nc(-c2cnc(N)cc2C(F)(F)F)nc2c1C[C@@H]1COCCN21,118.0,-2.0718820073061255,0,train,6.928117992693874,-1.9521506795916566,-0.11973132771446848,0.11973132771446848
COc1ccc(-c2nc3c(C)nc(N)nc3n([C@H]3CC[C@H](O)CC3)c2=O)cn1,6.8,-0.8325089127062363,0,train,8.167491087293763,-0.9521612902369577,0.11965237753072144,0.11965237753072144
CCNC(=O)Nc1ccc(-c2nc3c(c(N4CCOCC4)n2)OCCC3)cc1,10.0,-1.0,1,train,8.0,-1.1185449788809851,0.11854497888098514,0.11854497888098514
CC(=O)N1CCC(n2c(=O)n(C)c3cnc4ccc(-c5cccc(-n6cccn6)c5)nc4c32)CC1,4.82,-0.6830470382388496,1,train,8.31695296176115,-0.8009004669245375,0.11785342868568793,0.11785342868568793
C[C@@H]1COC[C@H](C)N1c1nc(C2=CCOCC2)nc(-c2cnc(N)cc2C(F)F)n1,16.0,-1.2041199826559248,0,train,7.795880017344075,-1.3214342672456205,0.11731428458969573,0.11731428458969573
CCNC(=O)Nc1ccc(-c2nc3c(c(N4CCOC[C@@H]4C)n2)CN(C2COC2)CC3)cc1,18.0,-1.255272505103306,0,train,7.7447274948966935,-1.1390584409450297,-0.11621406415827629,0.11621406415827629
CCNC(=O)Nc1ccc(-c2nc3c(c(N4CCOCC4)n2)CS(=O)(=O)CC3)cc1,50.0,-1.6989700043360187,0,train,7.301029995663981,-1.5835646275333237,-0.11540537680269503,0.11540537680269503
COc1ccc(-c2ccc3ncc4c(c3n2)n([C@H]2CC[C@H](OCCO)CC2)c(=O)n4C)cn1,4.71,-0.6730209071288962,0,train,8.326979092871104,-0.7873692474465765,0.11434834031768037,0.11434834031768037
COc1ccc(-c2ccc3ncc4c(c3n2)n(C2CCN(C(=O)CO)CC2)c(=O)n4C)cc1,3.42,-0.534026106056135,0,train,8.465973893943865,-0.6456608560425496,0.11163474998641465,0.11163474998641465
CC(=O)N1CC[C@@H](Nc2cncc(C(=O)c3cn(C(C)C)c4ncnc(N)c34)n2)[C@H]1c1ccccc1,3900.0,-3.591064607026499,0,train,5.4089353929735005,-3.4804333812012067,-0.11063122582529239,0.11063122582529239
C[C@@H]1COCCN1c1nc(-c2cnc(N)cc2C(F)F)nc(N2CCOCC23CCC3)n1,11.0,-1.0413926851582251,0,train,7.958607314841775,-1.1519112013744142,0.11051851621618902,0.11051851621618902
CCC1(CC)CN(c2ccc3oc(N)nc3c2)c2c(N)ncnc21,34.6,-1.5390760987927767,0,train,7.460923901207224,-1.6487589180255262,0.10968281923274947,0.10968281923274947
CS(=O)(=O)N1CCN(Cc2nc3c(N4CCOCC4)nc(-c4cnc(N)nc4)cn3n2)CC1,1260.0,-3.100370545117563,1,train,5.899629454882437,-3.2092373923253463,0.10886684720778339,0.10886684720778339
Cn1c(=O)n(C2CCN(C(=O)CO)CC2)c2c3nc(-c4ccnc5[nH]ncc45)ccc3ncc21,1.77,-0.24797326636180664,0,train,8.752026733638193,-0.35435003950848776,0.10637677314668115,0.10637677314668115
Cc1cc(-c2nc(N3CCOCC3)nc(N3CCOCC3)n2)cnc1N,241.0,-2.3820170425748683,0,train,6.617982957425132,-2.276749204350032,-0.10526783822483621,0.10526783822483621
CCC(=O)N1CCC(n2c(=O)n(C)c3cnc4ccc(-c5cnc6ccccc6c5)nc4c32)CC1,7.9,-0.8976270912904415,1,train,8.102372908709558,-0.7928319060956334,-0.10479518519480813,0.10479518519480813
CCC1(C)CN(c2ccc3oc(N)nc3c2)c2c(N)ncnc21,34.6,-1.5390760987927767,0,train,7.460923901207224,-1.4363664392207642,-0.1027096595720125,0.1027096595720125
Nc1cc(C(F)F)c(-c2nc(C3CCOCC3)nc(N3C4CCC3COC4)n2)cn1,22.0,-1.3424226808222062,1,train,7.657577319177793,-1.4442835485875378,0.10186086776533165,0.10186086776533165
CS(=O)(=O)N1CCN(Cc2cn3nc(-c4cnc(N)nc4)nc(N4CCOCC4)c3n2)CC1,1840.0,-3.2648178230095364,1,train,5.735182176990463,-3.1631154175717358,-0.10170240543780062,0.10170240543780062
Cn1c(=O)n(C2CCOCC2)c2c3nc(-c4cn[nH]c4)ccc3ncc21,1.03,-0.012837224705172217,1,train,8.987162775294827,-0.11442831576281186,0.10159109105763967,0.10159109105763967
CC(=O)N1CC2(C1)C(=O)N(c1ccc3oc(N)nc3c1)c1c(N)ncnc12,229.0,-2.359835482339888,0,train,6.6401645176601125,-2.2586182901166656,-0.10121719222322234,0.10121719222322234
C[C@H]1COCCN1c1nc(-c2ccc(NC(=O)NCCC#N)cc2)nc2c1COC2(C)C,3.2,-0.505149978319906,0,train,8.494850021680094,-0.40477523516163233,-0.10037474315827372,0.10037474315827372
COc1ccc(-c2ccc3ncc4c(c3n2)n([C@H]2CC[C@H](O)CC2)c(=O)n4C)cn1,2.0,-0.3010299956639812,1,train,8.698970004336019,-0.4009782665540966,0.09994827089011538,0.09994827089011538
Nc1cnc(-c2nc(N3CCOCC3)nc(N3CCOCC3)n2)cn1,185.0,-2.2671717284030137,1,train,6.732828271596986,-2.1675635199561056,-0.0996082084469081,0.0996082084469081
Cn1c(=O)n(C2CCN(CC(F)(F)F)CC2)c2c3nc(-c4cnc5ccccc5c4)ccc3ncc21,9.56,-0.9804578922761001,0,train,8.0195421077239,-1.07942316700983,0.09896527473372996,0.09896527473372996
O=c1n(CCO)c2cnc3ccc(-c4cn[nH]c4)nc3c2n1C1CCOCC1,15.7,-1.1958996524092338,1,train,7.804100347590766,-1.0969667384264654,-0.09893291398276838,0.09893291398276838
COc1ncc(-c2ccc3ncc4[nH]c(=O)n(-c5ccc(C(C)(C)C#N)cc5)c4c3n2)cc1F,9.03,-0.9556877503135057,0,train,8.044312249686495,-0.8581600677299861,-0.09752768258351951,0.09752768258351951
CCNC(=O)Nc1ccc(-c2nc(N3CCOC[C@@H]3C)c3c(n2)C(C)(C)OC3)cc1,1.4,-0.146128035678238,1,train,8.853871964321762,-0.24291978278326773,0.09679174710502972,0.09679174710502972
Nc1cc(C(F)(F)F)c(-c2nc(N3C4CCC3COC4)nc(N3C4CCC3COC4)n2)cn1,76.8,-1.885361220031512,0,train,7.114638779968488,-1.7892217418801735,-0.0961394781513385,0.0961394781513385
COc1ccc(-c2ccc3ncc4c(c3n2)n(C2CCN(C(C)C)CC2)c(=O)n4C)cn1,17.8,-1.250420002308894,1,train,7.7495799976911055,-1.15513253745883,-0.09528746485006412,0.09528746485006412
C[C@H](O)C(=O)N1CCC(n2c(=O)n(C)c3cnc4ccc(-c5cccc6[nH]ncc56)nc4c32)CC1,2.635,-0.4207806195485654,1,train,8.579219380451434,-0.32562139216131425,-0.09515922738725113,0.09515922738725113
COc1ccc(-c2ccc3ncc4[nH]c(=O)n([C@H]5CC[C@H](O)CC5)c4c3n2)cn1,1.39,-0.14301480025409505,0,train,8.856985199745905,-0.2375836715069675,0.0945688712528725,0.0945688712528725
COc1ccc(-c2ccc3ncc4[nH]c(=O)n(-c5ccc(C(C)(C)C#N)cc5)c4c3n2)cn1,2.09,-0.32014628611105395,0,train,8.679853713888946,-0.41402555789215045,0.09387927178109656,0.09387927178109656
CCNC(=O)Nc1ccc(-c2nc3c(c(N4CCOCC4)n2)CN(C(=O)OC(C)(C)C)C3)cc1,10.0,-1.0,0,train,8.0,-1.0938744737339403,0.09387447373394031,0.09387447373394031
CCNC(=O)Nc1ccc(-c2nc3c(c(N4CCOC[C@@H]4C)n2)CCN(c2ccnc(C)n2)C3)cc1,2.4,-0.38021124171160603,0,train,8.619788758288394,-0.4738969886014498,0.09368574688984382,0.09368574688984382
Cc1cc(C(=O)Nc2cn[nH]c2)c2nc(C)nc(N)c2c1,84.0,-1.9242792860618816,1,train,7.075720713938118,-1.8310238416492346,-0.09325544441264699,0.09325544441264699
CCNC(=O)Nc1ccc(-c2nc3c(c(N4CCOC[C@@H]4C)n2)C[C@@H]2CC[C@H]3N2C(C)(C)C(=O)NC)cc1,1.2,-0.07918124604762482,0,train,8.920818753952375,-0.17225148502373597,0.09307023897611116,0.09307023897611116
CCNC(=O)Nc1ccc(-c2nc3c(c(N4CCOC[C@@H]4C)n2)C[C@@H]2CC[C@H]3N2S(C)(=O)=O)cc1,0.99,0.004364805402450088,0,train,9.00436480540245,-0.08827260381949006,0.09263740922194007,0.09263740922194007
COc1ccc(-c2cc3c(C)nc(N)nc3n(C3CCC3)c2=O)cn1,76.4,-1.88309335857569,1,train,7.11690664142431,-1.7907630722086139,-0.09233028636707608,0.09233028636707608
CC(C)OC(=O)N1CCC(n2c(=O)n(C)c3cnc4ccc(-c5cnc6ccccc6c5)nc4c32)CC1,9.72,-0.9876662649262746,0,train,8.012333735073724,-0.8963414732969404,-0.09132479162933427,0.09132479162933427
COc1cccc(-c2ccc3ncc4c(c3n2)n(C2CCN(C(=O)CO)CC2)c(=O)n4C)c1,10.2,-1.0086001717619175,1,train,7.991399828238082,-0.9175435556579301,-0.09105661610398741,0.09105661610398741
CCNC(=O)Nc1ccc(-c2nc3c(c(N4CCOC[C@@H]4C)n2)[C@H]2CC[C@@H](C3)N2CC)cc1,6.5,-0.8129133566428556,0,train,8.187086643357144,-0.7239816412497653,-0.0889317153930903,0.0889317153930903
CCNC(=O)Nc1ccc(-c2nc(N3CCOC[C@@H]3C)c3ncn(C)c3n2)cc1,12.0,-1.0791812460476249,0,train,7.920818753952375,-0.99107176320151,-0.08810948284611486,0.08810948284611486
COc1ccc(-c2ccc3ncc4c(c3n2)n(C2CCOCC2)c(=O)n4C)cn1,7.74,-0.8887409606828927,1,train,8.111259039317108,-0.800971652829407,-0.08776930785348569,0.08776930785348569
C[C@H]1COCCN1c1nc(-c2ccc(Nc3nn(C)c(=O)[nH]3)cc2)nc2c1CCN(c1ncccn1)C2,2.9,-0.4623979978989561,0,train,8.537602002101044,-0.37463050265445835,-0.08776749524449773,0.08776749524449773
C[C@H]1COCCN1c1nc(-c2ccc(Nc3cccc(=O)[nH]3)cc2)nc2c1COC2(C)C,1.2,-0.07918124604762482,0,train,8.920818753952375,-0.16607023779741767,0.08688899174979287,0.08688899174979287
CCNC(=O)Nc1ccc(-c2nc3c(c(N4CCOC[C@@H]4C)n2)S(=O)(=O)CCC3)cc1,50.0,-1.6989700043360187,0,train,7.301029995663981,-1.6123492289390078,-0.08662077539701096,0.08662077539701096
Nc1cc(C(F)F)c(-c2nc(N3CC4CCC(C3)O4)nc(N3CC4CCC(C3)O4)n2)cn1,13.9,-1.1430148002540952,1,train,7.856985199745905,-1.2295608464772538,0.08654604622315865,0.08654604622315865
CCNC(=O)Nc1ccc(-c2nc3c(c(N4CCOC[C@@H]4C)n2)CCN(c2ncccn2)C3)cc1,1.5,-0.17609125905568124,0,train,8.823908740944319,-0.26132683233309206,0.08523557327741085,0.08523557327741085
CCNC(=O)Nc1ccc(-c2nc(N3CCOC[C@@H]3CC)c3c(n2)c(C)nn3C)cc1,2.0,-0.3010299956639812,0,train,8.698970004336019,-0.38492851479197443,0.08389851912799323,0.08389851912799323
Nc1ncc(-c2nc(N3CCOCC3)nc(N3CCOCC3)n2)cc1C(F)(F)F,284.0,-2.4533183400470375,0,train,6.546681659952963,-2.369557279853998,-0.08376106019303897,0.08376106019303897
CCNC(=O)Nc1ccc(-c2nc3c(c(N4CCOC[C@@H]4C)n2)CCN(c2cccnn2)C3)cc1,1.4,-0.146128035678238,0,train,8.853871964321762,-0.22462740541747803,0.07849936973924002,0.07849936973924002
Nc1cc(C(F)F)c(-c2nc(C3=CCOCC3)nc(N3CCCCC3)n2)cn1,896.0,-2.9523080096621253,1,train,6.047691990337874,-2.873845893672276,-0.07846211598984931,0.07846211598984931
CC1(Cn2nc(-c3ccc4oc(N)nc4c3)c3c(N)nc(N)nc32)CSC1,0.6,0.2218487496163564,0,train,9.221848749616356,0.14574647483322964,0.07610227478312676,0.07610227478312676
COc1ncc(-c2ccc3ncc4c(c3n2)n([C@H]2CC[C@H](OCCO)CC2)c(=O)n4C)cn1,13.4,-1.1271047983648077,0,train,7.872895201635192,-1.0510217278538987,-0.07608307051090901,0.07608307051090901
Nc1cc(C(F)F)c(-c2nc(C3=CCOCC3)nc(N3CCOCC3)n2)cn1,66.0,-1.8195439355418688,1,train,7.180456064458131,-1.743762749421019,-0.07578118612084972,0.07578118612084972
Nc1cc(C(F)F)c(-c2nc(C3=CCOCC3)nc(N3C4CCC3COC4)n2)cn1,16.0,-1.2041199826559248,1,train,7.795880017344075,-1.2789583715627704,0.07483838890684558,0.07483838890684558
CC(=O)N(C)Cc1cc2nc(-c3cnc(N)nc3)nc(N3CCOCC3)c2s1,50.0,-1.6989700043360187,0,train,7.301029995663981,-1.6256985287860055,-0.07327147555001323,0.07327147555001323
CC(C)n1nc(-c2ccc3oc(N)nc3c2)c2c(Br)nc(N)nc21,21.0,-1.3222192947339193,1,train,7.6777807052660805,-1.3940978037353893,0.07187850900146997,0.07187850900146997
Cn1c(=O)n(C2CCC(C(=O)OCc3ccccc3)CC2)c2c3nc(-c4cnc5ccccc5c4)ccc3ncc21,6.53,-0.814913181275074,0,train,8.185086818724926,-0.8866767024948772,0.07176352121980323,0.07176352121980323
CCNC(=O)Nc1ccc(-c2nc(N3CCOC[C@@H]3CC)c3c(ccn3C)n2)cc1,6.0,-0.7781512503836436,0,train,8.221848749616356,-0.7069101129033257,-0.0712411374803179,0.0712411374803179
CCNC(=O)Nc1ccc(-c2nc(N3CCOC[C@@H]3C)c3ncn(CC)c3n2)cc1,8.0,-0.9030899869919435,0,train,8.096910013008056,-0.9738149696833973,0.07072498269145366,0.07072498269145366
CNC(=O)N1CCC(n2c(=O)n(C)c3cnc4ccc(-c5cnn(C)c5)nc4c32)CC1,18.7,-1.271841606536499,1,train,7.7281583934635005,-1.201549837854548,-0.07029176868195108,0.07029176868195108
C[C@@H]1COCCN1c1nc(-c2ccc(N)nn2)nc2c1C[C@@H]1COCCN21,11.0,-1.0413926851582251,0,train,7.958607314841775,-1.1110325438134585,0.06963985865523337,0.06963985865523337
CN(C)c1ccc(-c2ccc3ncc4c(c3n2)n(-c2ccc(C(C)(C)C#N)cc2)c(=O)n4C)cn1,4.67,-0.6693168805661122,0,train,8.330683119433887,-0.7379546400648138,0.06863775949870166,0.06863775949870166
Nc1cc(C(F)F)c(-c2nc(N3CCOCC34CCC4)nc(N3CCOCC34CCC4)n2)cn1,32.8,-1.515873843711679,0,train,7.484126156288321,-1.4484807150334182,-0.06739312867826075,0.06739312867826075
Cc1ccc(-c2ccc3ncc4c(c3n2)n(C2CCN(C(=O)NN)CC2)c(=O)n4C)cn1,1.06,-0.02530586526477026,1,train,8.97469413473523,-0.09238792978085542,0.06708206451608521,0.06708206451608521
CCNC(=O)Nc1ccc(-c2nc3c(c(N4CCOCC4)n2)CCN(C(=O)OC)C3)cc1,12.0,-1.0791812460476249,0,train,7.920818753952375,-1.1462335798714265,0.0670523338238016,0.0670523338238016
CC(C)n1cc(C(=O)c2cncc(N[C@@H]3CCO[C@@H]3c3ccc(F)cc3)n2)c2c(N)ncnc21,3900.0,-3.591064607026499,0,train,5.4089353929735005,-3.5242423750897736,-0.06682223193672554,0.06682223193672554
CCNC(=O)Nc1ccc(-c2nc3c(c(N4CCOC[C@@H]4C)n2)CN(C(C)=O)CC3)cc1,11.0,-1.0413926851582251,0,train,7.958607314841775,-0.9752608300804472,-0.06613185507777797,0.06613185507777797
CCNC(=O)Nc1ccc(-c2nc3c(c(N4CCOC[C@@H]4C)n2)C[C@@H]2CC[C@H]3N2C(C)=O)cc1,1.2,-0.07918124604762482,0,train,8.920818753952375,-0.14521990459772668,0.06603865855010188,0.06603865855010188
N#Cc1ccc(-c2c(-c3ncn[nH]3)sc(N3CCOCC3)c2C#N)c(F)c1,1440.0,-3.1583624920952498,0,train,5.84163750790475,-3.0927142387619044,-0.06564825333334534,0.06564825333334534
CC(C)n1nc(-c2ccc3oc(N)nc3c2)c2c(=O)[nH]c(N)nc21,20.0,-1.3010299956639813,1,train,7.698970004336019,-1.3655454601452535,0.06451546448127221,0.06451546448127221
CCNC(=O)Nc1ccc(-c2nc3c(c(N4CCOC[C@@H]4C)n2)C[C@@H]2CC[C@H]3N2C(=O)COC)cc1,2.1,-0.3222192947339193,0,train,8.67778070526608,-0.2586134332373985,-0.06360586149652081,0.06360586149652081
CN1CCN(C(=O)c2cccc(-c3cc4nc(-c5cnc(N)nc5)nc(N5CCOCC5)c4s3)c2)CC1,10.0,-1.0,0,train,8.0,-1.063044505119248,0.06304450511924808,0.06304450511924808
CCNC(=O)Nc1ccc(-c2nc3c(c(N4CCOCC4)n2)CCN(C(=O)OC(C)(C)C)C3)cc1,12.0,-1.0791812460476249,0,train,7.920818753952375,-1.141451714458252,0.06227046841062722,0.06227046841062722
CCNC(=O)Nc1ccc(-c2nc3c(c(N4CCOC[C@@H]4C)n2)CCN(c2nnc(C)o2)C3)cc1,4.4,-0.6434526764861874,0,train,8.356547323513812,-0.5821247295285414,-0.061327946957645985,0.061327946957645985
CC(C)n1cc(C(=O)c2cncc(N[C@@H]3CCN[C@@H]3c3ccc(F)cc3)n2)c2c(N)ncnc21,2100.0,-3.322219294733919,0,train,5.6777807052660805,-3.382912183275549,0.06069288854163002,0.06069288854163002
COc1ccc(-c2ccc3ncc4c(c3n2)n(-c2ccc(C(C)(C)C#N)cc2)c(=O)n4C)cn1,4.51,-0.6541765418779605,0,train,8.34582345812204,-0.71461706424732,0.060440522369359484,0.060440522369359484
Cn1c(=O)n(C2CCOCC2)c2c3nc(-c4cnn(CCO)c4)ccc3ncc21,44.2,-1.6454222693490919,0,train,7.354577730650908,-1.5849842245368817,-0.06043804481221038,0.06043804481221038
COc1ccc(-c2ccc3ncc4c(c3n2)n(C2CCN(C(=O)[C@H](C)O)CC2)c(=O)n4C)cc1,1.94,-0.287801729930226,0,train,8.712198270069774,-0.34784711341085567,0.060045383480629655,0.060045383480629655
O=c1cccc(Nc2ccc(-c3nc4c(c(N5CCOCC5)n3)CCN(c3ncccn3)C4)cc2)[nH]1,6.6,-0.8195439355418687,0,train,8.18045606445813,-0.877024871525579,0.05748093598371029,0.05748093598371029
COCC(=O)N1CCC(n2c(=O)n(C)c3cnc4ccc(-c5cnc(OC)nc5)nc4c32)CC1,2.52,-0.4014005407815441,0,train,8.598599459218455,-0.34425536942502205,-0.05714517135652203,0.05714517135652203
C[C@H]1COCCN1c1nc(-c2ccc(NC(=O)NCCO)cc2)nc2c1COC2(C)C,1.6,-0.2041199826559248,0,train,8.795880017344075,-0.25976517327011955,0.05564519061419476,0.05564519061419476
COc1ncc(-c2ccc3ncc4c(c3n2)n(C2CCN(C(C)=O)CC2)c(=O)n4C)cn1,3.74,-0.5728716022004802,0,train,8.42712839779952,-0.6284935683657757,0.05562196616529558,0.05562196616529558
Nc1ncc(-c2nc(N3CCOCC3)nc(N3CCOCC3)n2)cn1,106.0,-2.0253058652647704,1,train,6.97469413473523,-1.972318470753119,-0.052987394511651464,0.052987394511651464
CCNC(=O)Nc1ccc(-c2nc3c(c(N4CCOC[C@@H]4C)n2)CCN(S(C)(=O)=O)C3)cc1,4.2,-0.6232492903979004,0,train,8.3767507096021,-0.6761703934335455,0.05292110303564501,0.05292110303564501
CCNC(=O)Nc1ccc(-c2nc3c(c(N4CCOC[C@@H]4C)n2)CCN(C2CCCC2)C3)cc1,4.8,-0.6812412373755872,0,train,8.318758762624412,-0.734070859852719,0.052829622477131855,0.052829622477131855
Cc1c(CN2CCN(C(=O)CN)CC2)sc2c(N3CCOCC3)nc(-c3cnc(N)nc3)nc12,12.0,-1.0791812460476249,0,train,7.920818753952375,-1.1291185072441687,0.04993726119654385,0.04993726119654385
CCNC(=O)Nc1ccc(-c2nc3c(c(N4CCOCC4)n2)CS(=O)(=O)C3)cc1,25.0,-1.3979400086720377,0,train,7.6020599913279625,-1.3483437650542833,-0.049596243617754165,0.049596243617754165
CC[C@@H]1COCCN1c1nc(-c2cnc(N)cc2C(F)F)nc(N2CCOC[C@H]2CC)n1,13.6,-1.1335389083702174,0,train,7.866461091629782,-1.1828586182787217,0.04931970990850432,0.04931970990850432
COc1cccc(-c2ccc3ncc4c(c3n2)n(C2CCN(C(C)=O)CC2)c(=O)n4C)c1,10.3,-1.0128372247051722,0,train,7.987162775294828,-0.9647724393572455,-0.048064785347926686,0.048064785347926686
CCNC(=O)Nc1ccc(-c2nc(N3CCOC[C@@H]3CC)c3c(ncn3C)n2)cc1,4.0,-0.6020599913279624,0,train,8.397940008672037,-0.6501098512976491,0.04804985996968669,0.04804985996968669
CN(C)c1ccc(-c2ccc3ncc4c(c3n2)n(C2CCN(CC(F)(F)F)CC2)c(=O)n4C)cn1,12.5,-1.0969100130080565,1,train,7.903089986991944,-1.0493122968637414,-0.04759771614431507,0.04759771614431507
Cn1cc(-c2ccc3ncc4c(c3n2)n(C2CCN(C(=O)C(C)(C)O)CC2)c(=O)n4C)cn1,22.0,-1.3424226808222062,1,train,7.657577319177793,-1.2949814781547753,-0.047441202667430904,0.047441202667430904
CN(C)c1ccc(-c2ccc3ncc4[nH]c(=O)n(-c5ccc(C(C)(C)C#N)cc5)c4c3n2)cn1,4.26,-0.6294095991027189,0,train,8.370590400897282,-0.5826287461261788,-0.04678085297654011,0.04678085297654011
Cc1ccc(-c2ccc3ncc4c(c3n2)n(C2CCN(C(=O)[C@H](C)O)CC2)c(=O)n4C)cn1,1.415,-0.15075643986030904,1,train,8.84924356013969,-0.19711882973770362,0.046362389877394605,0.046362389877394605
Nc1cc(C(F)(F)F)c(-c2nc(N3CCOCC3)nc(N3CC4CCC(C3)O4)n2)cn1,47.8,-1.6794278966121188,1,train,7.320572103387882,-1.7246898055903457,0.045261908978226906,0.045261908978226906
CN(C)c1ccc(-c2ccc3ncc4c(c3n2)n(C2CCN(C(=O)C(C)(C)O)CC2)c(=O)n4C)cn1,6.1,-0.785329835010767,0,train,8.214670164989233,-0.8298190111227225,0.044489176111955464,0.044489176111955464
Cc1ccc(-c2ccc3ncc4c(c3n2)n([C@H]2CC[C@H](O)CC2)c(=O)n4C)cn1,3.29,-0.5171958979499743,1,train,8.482804102050025,-0.4727634879131413,-0.044432410036833014,0.044432410036833014
CN(C)CC(=O)N1CCC(n2c(=O)n(C)c3cnc4ccc(-c5cnc6ccccc6c5)nc4c32)CC1,3.42,-0.534026106056135,0,train,8.465973893943865,-0.5777111379244163,0.04368503186828132,0.04368503186828132
Cc1ccc(-c2ccc3ncc4c(c3n2)n(C2CCN(C(=O)CN)CC2)c(=O)n4C)cn1,3.84,-0.5843312243675308,0,train,8.415668775632469,-0.5408214862464767,-0.043509738121054076,0.043509738121054076
CCNC(=O)Nc1ccc(-c2nc(N3CCOC[C@@H]3C)c3nc(C(C)(C)O)n(C)c3n2)cc1,7.0,-0.8450980400142568,0,train,8.154901959985743,-0.8882463617165441,0.04314832170228733,0.04314832170228733
Cc1cc(N)ncc1-c1nc2c(c(N3CCOC[C@H]3C)n1)C[C@@H]1COCCN21,85.0,-1.9294189257142926,0,train,7.070581074285707,-1.8862914557441766,-0.043127469970116294,0.043127469970116294
CCNC(=O)Nc1ccc(-c2nc(N3CCOC[C@@H]3C)c3nc(C(C)(C)O)n(CCO)c3n2)cc1,9.25,-0.9661417327390326,0,train,8.033858267260968,-1.0092235871138109,0.043081854374778294,0.043081854374778294
CC(C)C(=O)N1CCC(n2c(=O)n(C)c3cnc4ccc(-c5cnc6ccccc6c5)nc4c32)CC1,4.87,-0.6875289612146344,1,train,8.312471038785366,-0.7290630365172177,0.04153407530258335,0.04153407530258335
Cn1c(=O)n([C@H]2CC[C@H](C(N)=O)CC2)c2c3nc(-c4cnn(CCO)c4)ccc3ncc21,14.0,-1.146128035678238,0,train,7.853871964321762,-1.186861223994178,0.04073318831594008,0.04073318831594008
O=c1[nH]c2cnc3ccc(-c4cnc5ccccc5c4)nc3c2n1C1CCNCC1,12.4,-1.0934216851622351,0,train,7.906578314837764,-1.0530518864207794,-0.04036979874145574,0.04036979874145574
Cn1c(=O)n([C@H]2CC[C@H](O)CC2)c2c3nc(-c4ccc5[nH]ncc5c4)ccc3ncc21,0.359,0.44490555142168087,1,train,9.44490555142168,0.4058022164761184,0.039103334945562396,0.039103334945562396
Nc1cc(C(F)F)c(-c2nc(N3CCOCC3)nc(N3C4CCC3COC4)n2)cn1,11.2,-1.0492180226701815,0,train,7.950781977329818,-1.085495213716611,0.03627719104642946,0.03627719104642946
Cc1nc(N)nc2c1cc(-c1cn[nH]c1)c(=O)n2C(C)C,23.5,-1.3710678622717363,0,train,7.628932137728263,-1.336095069154534,-0.03497279311720258,0.03497279311720258
C[C@@H]1COCCN1c1nc(-c2cnc(N)nc2C(F)F)nc2c1C[C@@H]1COCCN21,34.0,-1.5314789170422551,1,train,7.468521082957745,-1.497139061918848,-0.03433985512340709,0.03433985512340709
CCNC(=O)Nc1ccc(-c2nc3c(c(N4CCOC[C@@H]4C)n2)CCN(c2nc(C)ns2)C3)cc1,3.5,-0.5440680443502757,0,train,8.455931955649724,-0.5781276162260073,0.03405957187573161,0.03405957187573161
CC(C)n1cc(C(=O)c2cncc(N[C@@H]3CCN(C=O)[C@@H]3c3ccc(F)cc3)n2)c2c(N)ncnc21,2800.0,-3.4471580313422194,0,train,5.552841968657781,-3.4134190290473674,-0.03373900229485205,0.03373900229485205
Nc1ncc(-c2nc(N3CCOCC3)nc(N3C[C@H]4CC[C@@H](C3)O4)n2)c(C(F)F)n1,29.0,-1.462397997898956,0,train,7.537602002101044,-1.429083883077147,-0.033314114821809016,0.033314114821809016
CC(C)C(=O)CN1CCC(n2c(=O)n(C)c3cnc4ccc(-c5cnn(C)c5)nc4c32)CC1,27.9,-1.4456042032735976,0,train,7.554395796726403,-1.4131102548746244,-0.03249394839897324,0.03249394839897324
CN(C)c1ccc(-c2ccc3ncc4c(c3n2)n(C2CCN(C(=O)C(C)(C)C)CC2)c(=O)n4C)cn1,4.38,-0.6414741105040995,0,train,8.358525889495901,-0.6738502571569636,0.032376146652864035,0.032376146652864035
CC(=O)N(C)Cc1sc2c(N3CCOCC3)nc(-c3cnc(N)nc3)nc2c1C,30.0,-1.4771212547196624,0,train,7.522878745280337,-1.446037156270828,-0.031084098448834308,0.031084098448834308
Cn1c(=O)n(C2CCN(C(=O)C(C)(C)O)CC2)c2c3nc(-c4cnc5[nH]ncc5c4)ccc3ncc21,0.658,0.1817741063860445,1,train,9.181774106386044,0.15255685157243262,0.02921725481361187,0.02921725481361187
Cc1nc(N)c2ccc(C)c(C(=O)Nc3cnc4[nH]ccc4c3)c2n1,216.0,-2.3344537511509307,1,train,6.665546248849069,-2.3633973196927798,0.028943568541849096,0.028943568541849096
Nc1cc(C(F)(F)F)c(-c2nc(N3CCOCC3)nc(N3C4CCC3COC4)n2)cn1,43.1,-1.6344772701607315,0,train,7.3655227298392685,-1.6633182095986103,0.0288409394378788,0.0288409394378788
Nc1cc(C(F)F)c(-c2nc(N3C4COCC3COC4)nc(N3C4COCC3COC4)n2)cn1,31.0,-1.4913616938342726,1,train,7.508638306165727,-1.4638780477428472,-0.027483646091425395,0.027483646091425395
CN(C)c1ccc(-c2ccc3ncc4c(c3n2)n(C2CCN(C(=O)CO)CC2)c(=O)n4C)cn1,2.29,-0.359835482339888,0,train,8.640164517660113,-0.38717585712082986,0.027340374780941867,0.027340374780941867
CNC(=O)Nc1ccc(-c2ccc3ncc4c(c3n2)n(C2CCN(C(=O)[C@H](C)O)CC2)c(=O)n4C)cc1,1.78,-0.250420002308894,0,train,8.749579997691106,-0.27561510849884596,0.025195106189951966,0.025195106189951966
CC(=O)N1CCC(n2c(=O)n(C)c3cnc4ccc(-c5cccc6[nH]ncc56)nc4c32)CC1,1.445,-0.15986784709256668,1,train,8.840132152907433,-0.18453158931932495,0.02466374222675835,0.02466374222675835
CC(=O)N1CC[C@@H](Nc2cncc(C(=O)c3cn(C(C)C)c4ncnc(N)c34)n2)[C@H]1c1ccc(F)cc1,2600.0,-3.4149733479708178,0,train,5.585026652029182,-3.4393070531273433,0.024333705156525554,0.024333705156525554
CCNC(=O)N1CCC(n2c(=O)n(C)c3cnc4ccc(-c5cnc6ccccc6c5)nc4c32)CC1,4.04,-0.6063813651106049,1,train,8.393618634889394,-0.6306840813928768,0.024302716282271875,0.024302716282271875
Nc1cc(C(F)F)c(-c2cc(N3CCOCC3)nc(N3CCOCC3)n2)cn1,35.0,-1.5440680443502757,1,train,7.455931955649724,-1.5201634657735639,-0.0239045785767118,0.0239045785767118
Cc1nc2c(c(-c3ccc4oc(N)nc4c3)nn2C(C)C)c(=O)[nH]1,40.0,-1.6020599913279623,0,train,7.3979400086720375,-1.579955074112875,-0.02210491721508756,0.02210491721508756
CN(C)c1ccc(-c2ccc3ncc4c(c3n2)n(C2CCOCC2)c(=O)n4CCO)cn1,50.1,-1.6998377258672457,0,train,7.300162274132754,-1.6780559380574178,-0.02178178780982787,0.02178178780982787
C[C@@H]1COC[C@H](C)N1c1nc(-c2cnc(N)cc2C(F)F)nc(C2CCOCC2)n1,38.0,-1.5797835966168101,0,train,7.42021640338319,-1.558952492742113,-0.020831103874696888,0.020831103874696888
CC(=O)N1CCC(n2c(=O)n(C)c3cnc4ccc(-c5ccc(C)nc5)nc4c32)CC1,2.33,-0.367355921026019,0,train,8.63264407897398,-0.3881825069076006,0.020826585881581594,0.020826585881581594
Cn1cc(-c2ccc3ncc4[nH]c(=O)n(-c5ccc(C(C)(C)C#N)cc5)c4c3n2)cn1,15.5,-1.1903316981702914,1,train,7.809668301829708,-1.1695978297471177,-0.020733868423173707,0.020733868423173707
CN(C)c1ccc(-c2ccc3ncc4c(c3n2)n([C@H]2CC[C@H](OCCO)CC2)c(=O)n4C)cn1,9.02,-0.9552065375419417,0,train,8.044793462458058,-0.9359900772143936,-0.01921646032754798,0.01921646032754798
CCNC(=O)Nc1ccc(-c2nc3c(c(N4CCOCC4)n2)CN(c2cnccn2)CC3)cc1,20.0,-1.3010299956639813,0,train,7.698970004336019,-1.3201654608925477,0.01913546522856646,0.01913546522856646
CCNC(=O)Nc1ccc(-c2nc3c(c(N4CCOCC4)n2)CN(c2ncccn2)CC3)cc1,17.0,-1.2304489213782739,0,train,7.769551078621726,-1.2495592929673525,0.019110371589078357,0.019110371589078357
COc1ncc(-c2ccc3ncc4c(c3n2)n([C@H]2CC[C@H](C(N)=O)CC2)c(=O)n4C)cn1,5.85,-0.7671558660821804,0,train,8.232844133917819,-0.74927348621573,-0.01788237986645047,0.01788237986645047
Nc1ncc(-c2nc(N3CCOCC3)nc(N3CCOCC3)n2)c(C(F)(F)F)n1,203.0,-2.307496037913213,0,train,6.692503962086787,-2.32535310186669,0.01785706395347697,0.01785706395347697
CC1(C)COC1c1cc2nc(-c3cnc(N)nc3)nc(N3CCOCC3)c2s1,21.0,-1.3222192947339193,0,train,7.6777807052660805,-1.3392864129187143,0.017067118184795005,0.017067118184795005
CS(=O)(=O)N1CCN(Cc2cc3c(N4CCOCC4)nc(-c4cnc(N)nc4)cn3n2)CC1,1700.0,-3.230448921378274,1,train,5.769551078621726,-3.2134314962158634,-0.01701742516241067,0.01701742516241067
CCCCn1nc(-c2ccc3oc(N)nc3c2)c2c(Cl)nc(N)nc21,11.0,-1.0413926851582251,1,train,7.958607314841775,-1.024705708680323,-0.01668697647790207,0.01668697647790207
Nc1ncc(-c2nc(C3CCOCC3)nc(N3CCOCC3)n2)cc1C(F)(F)F,160.0,-2.2041199826559246,0,train,6.795880017344075,-2.2200875214240496,0.015967538768124623,0.015967538768124623
Cn1c(=O)n(C2CCN(C(=O)CO)CC2)c2c3nc(-c4cccc5[nH]ncc45)ccc3ncc21,1.97,-0.2944662261615929,0,train,8.705533773838408,-0.3079198187494952,0.013453592587902297,0.013453592587902297
CCNC(=O)Nc1ccc(-c2nc3c(c(N4CCOC[C@@H]4C)n2)CCN(c2ncc(F)cn2)C3)cc1,3.2,-0.505149978319906,0,train,8.494850021680094,-0.5176471581032741,0.012497179783368062,0.012497179783368062
COc1ccc(-c2ccc3ncc4c(c3n2)n(C2CCOCC2)c(=O)n4CCO)cn1,47.2,-1.6739419986340878,1,train,7.3260580013659125,-1.6855972784926891,0.011655279858601375,0.011655279858601375
C[C@@H](O)C(=O)N1CCC(n2c(=O)n(C)c3cnc4ccc(-c5ccc(N(C)C)nc5)nc4c32)CC1,1.74,-0.24054924828259971,0,train,8.7594507517174,-0.2511772593762495,0.01062801109364983,0.01062801109364983
CC(C)(C)OC(=O)N1CC2(C1)CN(c1ccc3oc(N)nc3c1)c1c(N)ncnc12,50.5,-1.7032913781186614,0,train,7.296708621881338,-1.6928844167192028,-0.010406961399458625,0.010406961399458625
Cc1cc(-c2nc3c(c(N4CCOC[C@H]4C)n2)C[C@@H]2COCCN32)cnc1N,56.0,-1.7481880270062005,0,train,7.251811972993799,-1.757197199721645,0.009009172715444436,0.009009172715444436
COCCN1CCC(n2c(=O)n(C)c3cnc4ccc(-c5ccc(N(C)C)nc5)nc4c32)CC1,8.09,-0.9079485216122722,0,train,8.092051478387727,-0.8995199150501589,-0.008428606562113306,0.008428606562113306
CC(=O)Nc1cc(C(F)(F)F)c(-c2nc(N3CCOCC3)nc(N3CCOCC3)n2)cn1,1213.0,-3.083860800866573,0,train,5.916139199133427,-3.075879147692207,-0.007981653174366166,0.007981653174366166
Cc1c(CN2CCN(C(=O)C(C)(C)N)CC2)sc2c(N3CCOCC3)nc(-c3cnc(N)nc3)nc12,14.0,-1.146128035678238,0,train,7.853871964321762,-1.1534778422293337,0.007349806551095739,0.007349806551095739
CCNC(=O)Nc1ccc(-c2nc3c(c(N4CCOC[C@@H]4C)n2)CN(C(=O)OC(C)(C)C)CC3)cc1,12.0,-1.0791812460476249,0,train,7.920818753952375,-1.0729661568702442,-0.006215089177380673,0.006215089177380673
COc1ccc(-c2ccc3ncc4[nH]c(=O)n(Cc5ccccc5)c4c3n2)cn1,8.44,-0.926342446625655,0,train,8.073657553374344,-0.9313363960295526,0.004993949403897635,0.004993949403897635
CN1CCC(n2c(=O)n(C)c3cnc4ccc(-c5ccc(N(C)C)nc5)nc4c32)CC1,9.62,-0.983175072037813,1,train,8.016824927962187,-0.9782832061815951,-0.004891865856217814,0.004891865856217814
Cn1cc(-c2ccc3ncc4c(c3n2)n([C@H]2CC[C@H](C(N)=O)CC2)c(=O)n4C)cn1,12.1,-1.08278537031645,0,train,7.91721462968355,-1.0779809144226957,-0.004804455893754334,0.004804455893754334
C[C@H]1COCCN1c1cc(-c2cnc(N)cc2C(F)F)nc(N2CCOCC2)n1,42.3,-1.6263403673750423,0,train,7.373659632624958,-1.6288591107135353,0.0025187433384927793,0.0025187433384927793
CCNC(=O)Nc1ccc(-c2nc3c(c(N4CCOC[C@@H]4C)n2)C[C@@H]2CC[C@H]3N2C2COC2)cc1,1.5,-0.17609125905568124,0,train,8.823908740944319,-0.17816824073026946,0.002076981674588252,0.002076981674588252
Nc1cc(CO)c(-c2nc(N3CCOCC3)nc(N3CCOCC3)n2)cn1,74.5,-1.8721562727482928,1,train,7.127843727251707,-1.8738051586739937,0.0016488859257008937,0.0016488859257008937
C[C@H](CO)n1c(=O)n(C)c2cnc3ccc(-c4cccc5[nH]ccc45)nc3c21,6.66,-0.8234742291703011,0,train,8.176525770829699,-0.8248671300454218,0.0013929008751206728,0.0013929008751206728
COc1ccc(-c2nc3c(C)nc(N)nc3n(C(C)C)c2=O)cn1,30.0,-1.4771212547196624,1,train,7.522878745280337,-1.475978725537199,-0.001142529182463381,0.001142529182463381
Cc1nc(N)nc2c1cc(-c1cn[nH]c1)c(=O)n2C1CCC1,51.2,-1.7092699609758308,1,train,7.290730039024169,-1.7102884233094469,0.0010184623336160215,0.0010184623336160215
Cc1c(CN2CCN(C(=O)C(C)(C)O)CC2)sc2c(N3CCOCC3)nc(-c3cnc(N)nc3)nc12,14.0,-1.146128035678238,0,train,7.853871964321762,-1.1453585862764986,-0.0007694494017393971,0.0007694494017393971
CCNC(=O)Nc1ccc(-c2nc3c(c(N4CCOC[C@@H]4C)n2)CN(S(C)(=O)=O)CC3)cc1,6.8,-0.8325089127062363,0,train,8.167491087293763,-0.8323928961963796,-0.00011601650985670897,0.00011601650985670897
