Descriptor,Model,CV_RMSE,CV_Cliff_RMSE,RMSE,Cliff_RMSE,Rank
ECFP,SVM,0.6469708125962164,0.6681487131027029,0.6235240815633252,0.6343763036219267,1
ECFP,GBM,0.6928008772676288,0.717666300798458,0.694071199238998,0.7076204864270438,2
ECFP,RF,0.7078587174365683,0.7422584352427359,0.7149564039089368,0.7232341252749553,3
ECFP,KNN,0.7510134252852536,0.8028728555877481,0.7455553109176634,0.7977512858912289,4
MACCS,SVM,0.7790415618471452,0.8338324526896229,0.7962684609927765,0.8288253905470674,5
MACCS,GBM,0.7832826427937378,0.8423609922263602,0.7880111023446525,0.8192997142636264,6
MACCS,RF,0.8204721597859066,0.8692041065043691,0.8151938195377192,0.8367556319910541,7
MACCS,KNN,0.8846224525418737,0.9650907200208573,0.8813202207049432,0.8981221288530955,8
PHYSCHEM,RF,0.9269354615915075,0.972437039820987,0.895013475216976,0.9820756788624568,9
PHYSCHEM,SVM,0.9553930168358634,0.9773293343661644,0.9445930338043306,1.0250492249692316,10
PHYSCHEM,GBM,0.9420084825966063,0.9911166017298276,0.8749075997952872,0.9490368118976651,11
PHYSCHEM,KNN,0.970496257770908,1.0066485907666762,0.9116907189385915,0.9806860410241126,12
WHIM,RF,1.0345171747046267,1.0659316101668714,1.0946554569709426,1.1447255821319382,13
WHIM,GBM,1.05871494872632,1.0928754497627031,1.1095921373296334,1.1792289349205223,14
WHIM,KNN,1.183213413816835,1.1206574359690131,1.2004509858072978,1.1716428620828576,15
WHIM,SVM,1.1061918683925587,1.1424063939531184,1.1550441424286475,1.2115009478037455,16
