target,n_train,n_test,n_cliff_train,n_cliff_test,A_descriptor,A_model,A_test_rmse,A_test_cliff_rmse,B_descriptor,B_model,B_cv_cliff_rmse,B_test_rmse,B_test_cliff_rmse,skipped_descriptors,n_combinations,same_combination,optimism_cliff_rmse
5-HT7_receptor,2440,612,892,224,ECFP,SVM,0.6669072142655025,0.7081613690668489,ECFP,SVM,0.7359813377233965,0.6669072142655025,0.7081613690668489,,16,True,0.0
CHEMBL1827,73,21,30,8,WHIM,RF,0.9696378579353492,0.8852824381051907,ECFP,GBM,0.5658508854142,0.8412285664986042,0.9717262026246336,,16,False,0.0864437645194428
CHEMBL1862,642,164,267,68,ECFP,RF,0.6995807005952026,0.6694248911145934,ECFP,SVM,0.7340319806481923,0.7391721893268406,0.6884291942268265,,16,False,0.0190043031122331
CHEMBL1907601,231,61,90,24,ECFP,SVM,0.6287989046728819,0.7052322783330459,ECFP,SVM,0.7151589384405446,0.6287989046728819,0.7052322783330459,,16,True,0.0
CHEMBL1936,704,178,202,51,MACCS,KNN,0.5575149847763282,0.5982833824213233,ECFP,RF,0.6382202106087705,0.5345517739823522,0.6636554471031918,,16,False,0.0653720646818685
CHEMBL203,250,65,43,10,ECFP,SVM,0.5331353424585378,0.7390407020638254,ECFP,RF,0.7918418722651006,0.6914376740964423,0.806235610376546,,16,False,0.0671949083127205
CHEMBL204,2342,587,901,226,ECFP,SVM,0.6864034500163528,0.7958223787421838,ECFP,SVM,0.8311429709450043,0.6864034500163528,0.7958223787421838,,16,True,0.0
CHEMBL214,3284,823,1305,326,ECFP,SVM,0.6485823740531002,0.6941903696744377,ECFP,SVM,0.7172271021708491,0.6485823740531002,0.6941903696744377,,16,True,0.0
CHEMBL217,4950,1239,1802,450,ECFP,SVM,0.5667501590765882,0.6432386248531986,ECFP,SVM,0.6827290946513498,0.5667501590765882,0.6432386248531986,,16,True,0.0
CHEMBL2276,235,63,20,6,PHYSCHEM,GBM,0.7318557302007868,0.7079682207970668,ECFP,RF,0.6918120482382359,0.7735351910218283,1.0591406618209154,,16,False,0.3511724410238486
CHEMBL233,3579,897,1563,391,ECFP,RF,0.6873721233370829,0.7140995906338509,ECFP,SVM,0.7537655725667098,0.6855590841467869,0.7321773344918304,WHIM,12,False,0.0180777438579795
CHEMBL261,4803,1205,1888,473,ECFP,RF,0.6460432128865194,0.7260713642834744,ECFP,SVM,0.7471712171669602,0.6446450349322503,0.7299798346680161,,16,False,0.0039084703845416
CHEMBL262,878,221,167,42,ECFP,RF,0.6228692788059691,0.6716335639143687,ECFP,SVM,0.7041232992227041,0.6423565337430313,0.7259018006546717,,16,False,0.054268236740303
CHEMBL267,388,99,106,27,ECFP,KNN,0.6415149039794417,0.8184281339524941,PHYSCHEM,RF,0.7213557287855019,0.6376308004214375,0.8210301816947034,,16,False,0.0026020477422092
CHEMBL2695,146,39,12,3,ECFP,KNN,1.3568935155715205,0.6965476819165775,PHYSCHEM,KNN,0.6455843888813548,1.0182137363107546,1.0816959806581232,,16,False,0.3851482987415457
CHEMBL279,767,193,145,37,ECFP,RF,0.6441917614365281,0.6174779378761498,ECFP,GBM,0.8084529121430186,0.6651103367915417,0.6809607166758375,,16,False,0.0634827787996876
CHEMBL2842,357,92,149,38,ECFP,SVM,0.5685688384170609,0.7217240968966326,ECFP,SVM,0.6323214892479915,0.5685688384170609,0.7217240968966326,,16,True,0.0
CHEMBL299,175,46,31,8,PHYSCHEM,RF,0.9459241605297216,0.4268232096492845,PHYSCHEM,GBM,0.911605085534331,0.9784318462220524,0.5659701853056845,,16,False,0.1391469756564
CHEMBL301,454,117,95,26,WHIM,RF,0.7201781428464292,0.6173759843397331,ECFP,SVM,0.8063125937077071,0.6978894175150626,0.6705308514568059,,16,False,0.0531548671170728
CHEMBL331,58,16,20,6,MACCS,GBM,0.5458416044558053,0.5933861185137198,PHYSCHEM,RF,0.764247077621197,0.6591713493759734,0.6923378326563685,,16,False,0.0989517141426487
CHEMBL3371,2722,684,1045,263,ECFP,SVM,0.6090818447319296,0.6432934143088282,ECFP,SVM,0.6779046616683003,0.6090818447319296,0.6432934143088282,,16,True,0.0
CHEMBL3587,120,32,5,1,WHIM,SVM,0.6936769786954092,0.359766936686992,ECFP,RF,0.6826328283962547,0.6319316576704768,1.4060707082480386,,16,False,1.0463037715610466
CHEMBL4040,206,53,31,7,WHIM,KNN,1.083262595649854,0.7614679089798583,ECFP,SVM,0.6561516756539105,0.8212016131577705,1.0239857025756192,,16,False,0.2625177935957609
CHEMBL4072,435,111,111,28,PHYSCHEM,SVM,1.0970273352281088,0.9123140058876912,ECFP,RF,0.8720214516292415,0.71962856623091,0.9558900726471776,,16,False,0.0435760667594864
CHEMBL4282,176,46,40,11,ECFP,GBM,0.6221651390504211,0.7001443947501056,ECFP,SVM,0.9817609251850384,0.6553804985379337,0.7400291276891987,,16,False,0.0398847329390931
CHEMBL4482,303,78,47,12,MACCS,SVM,0.7234965519689435,0.684530018413635,ECFP,SVM,0.6349966407009849,0.6405445225993293,0.7397322410965276,,16,False,0.0552022226828925
CHEMBL4501,300,77,38,10,ECFP,SVM,0.7439781048954194,0.6295481478266112,WHIM,RF,0.7125065281128713,0.7688377922767073,0.7759038022416597,,16,False,0.1463556544150485
CHEMBL4792,1596,402,922,233,ECFP,SVM,0.5853830444623175,0.6043064239401648,ECFP,SVM,0.6496263157468309,0.5853830444623175,0.6043064239401648,,16,True,0.0
CHEMBL4816,101,28,6,2,PHYSCHEM,GBM,0.7957245625393681,0.5030606855377677,MACCS,GBM,0.2709638199538651,0.7425279279672139,0.8515059980252632,,16,False,0.3484453124874954
CHEMBL5023,457,118,204,52,ECFP,GBM,0.7886174797271545,0.8296869465611962,MACCS,RF,0.7732308963101551,0.8538016868784262,0.987437903993768,,16,False,0.1577509574325716
Acetylcholinesterase,414,106,82,22,ECFP,SVM,0.7036732700928369,0.6616668034972585,ECFP,GBM,0.9077107614717382,0.7135920677708207,0.8233503580253202,,16,False,0.1616835545280617
Bcl-2,1184,298,727,182,ECFP,SVM,0.6235240815633252,0.6343763036219267,ECFP,SVM,0.6681487131027029,0.6235240815633252,0.6343763036219267,,16,True,0.0
CHEMBL1978,205,54,78,19,PHYSCHEM,SVM,0.8856617134718804,1.0912503630529666,ECFP,SVM,0.7221765364363554,0.9111647904515756,1.1614418639415816,,16,False,0.07019150088861492
